kernel_size,min_apex_val,min_canopy_val,pers_thresh,min_distance,bound_weight,min_area,mAP50,mAP75,PQ,SQ,RQ,avg_trees
7,0.45,0.3,0.1,24.0,1.2,75,2.4257475661650236,0.0,1.3158312374755636,19.580891042496663,2.4257475661650236,20.52
7,0.45,0.3,0.18,24.0,1.2,75,2.4257475661650236,0.0,1.3158312374755636,19.580891042496663,2.4257475661650236,20.52
7,0.45,0.3,0.26,24.0,1.2,75,2.4257475661650236,0.0,1.3158312374755636,19.580891042496663,2.4257475661650236,20.52
11,0.45,0.3,0.1,24.0,1.2,75,2.4257475661650236,0.0,1.3158312374755636,19.580891042496663,2.4257475661650236,20.52
11,0.45,0.3,0.18,24.0,1.2,75,2.4257475661650236,0.0,1.3158312374755636,19.580891042496663,2.4257475661650236,20.52
11,0.45,0.3,0.26,24.0,1.2,75,2.4257475661650236,0.0,1.3158312374755636,19.580891042496663,2.4257475661650236,20.52
15,0.45,0.3,0.1,24.0,1.2,75,2.4257475661650236,0.0,1.3158312374755636,19.580891042496663,2.4257475661650236,20.52
15,0.45,0.3,0.18,24.0,1.2,75,2.4257475661650236,0.0,1.3158312374755636,19.580891042496663,2.4257475661650236,20.52
15,0.45,0.3,0.26,24.0,1.2,75,2.4257475661650236,0.0,1.3158312374755636,19.580891042496663,2.4257475661650236,20.52
7,0.45,0.3,0.1,24.0,1.2,35,2.4200576657382813,0.0,1.3124259950731674,19.580891042496663,2.420057665738281,20.56
7,0.45,0.3,0.18,24.0,1.2,35,2.4200576657382813,0.0,1.3124259950731674,19.580891042496663,2.420057665738281,20.56
7,0.45,0.3,0.26,24.0,1.2,35,2.4200576657382813,0.0,1.3124259950731674,19.580891042496663,2.420057665738281,20.56
11,0.45,0.3,0.1,24.0,1.2,35,2.4200576657382813,0.0,1.3124259950731674,19.580891042496663,2.420057665738281,20.56
11,0.45,0.3,0.18,24.0,1.2,35,2.4200576657382813,0.0,1.3124259950731674,19.580891042496663,2.420057665738281,20.56
11,0.45,0.3,0.26,24.0,1.2,35,2.4200576657382813,0.0,1.3124259950731674,19.580891042496663,2.420057665738281,20.56
15,0.45,0.3,0.1,24.0,1.2,35,2.4200576657382813,0.0,1.3124259950731674,19.580891042496663,2.420057665738281,20.56
15,0.45,0.3,0.18,24.0,1.2,35,2.4200576657382813,0.0,1.3124259950731674,19.580891042496663,2.420057665738281,20.56
15,0.45,0.3,0.26,24.0,1.2,35,2.4200576657382813,0.0,1.3124259950731674,19.580891042496663,2.420057665738281,20.56
7,0.45,0.3,0.05,24.0,1.2,75,2.404349716702658,0.0,1.304469714675883,19.580891042496663,2.404349716702658,20.6
11,0.45,0.3,0.05,24.0,1.2,75,2.404349716702658,0.0,1.304469714675883,19.580891042496663,2.404349716702658,20.6
15,0.45,0.3,0.05,24.0,1.2,75,2.404349716702658,0.0,1.304469714675883,19.580891042496663,2.404349716702658,20.6
7,0.45,0.3,0.05,24.0,1.2,35,2.3986598162759156,0.0,1.3010644722734868,19.580891042496663,2.3986598162759156,20.64
11,0.45,0.3,0.05,24.0,1.2,35,2.3986598162759156,0.0,1.3010644722734868,19.580891042496663,2.3986598162759156,20.64
15,0.45,0.3,0.05,24.0,1.2,35,2.3986598162759156,0.0,1.3010644722734868,19.580891042496663,2.3986598162759156,20.64
7,0.55,0.3,0.1,24.0,1.2,35,2.307337370409859,0.0,1.2841052720836208,17.906603853334925,2.307337370409859,18.16
7,0.55,0.3,0.1,24.0,1.2,75,2.307337370409859,0.0,1.2841052720836208,17.906603853334925,2.307337370409859,18.16
7,0.55,0.3,0.18,24.0,1.2,75,2.307337370409859,0.0,1.2841052720836208,17.906603853334925,2.307337370409859,18.16
7,0.55,0.3,0.18,24.0,1.2,35,2.307337370409859,0.0,1.2841052720836208,17.906603853334925,2.307337370409859,18.16
7,0.55,0.3,0.26,24.0,1.2,75,2.307337370409859,0.0,1.2841052720836208,17.906603853334925,2.307337370409859,18.16
7,0.55,0.3,0.26,24.0,1.2,35,2.307337370409859,0.0,1.2841052720836208,17.906603853334925,2.307337370409859,18.16
11,0.55,0.3,0.1,24.0,1.2,35,2.307337370409859,0.0,1.2841052720836208,17.906603853334925,2.307337370409859,18.16
11,0.55,0.3,0.1,24.0,1.2,75,2.307337370409859,0.0,1.2841052720836208,17.906603853334925,2.307337370409859,18.16
11,0.55,0.3,0.18,24.0,1.2,75,2.307337370409859,0.0,1.2841052720836208,17.906603853334925,2.307337370409859,18.16
11,0.55,0.3,0.18,24.0,1.2,35,2.307337370409859,0.0,1.2841052720836208,17.906603853334925,2.307337370409859,18.16
11,0.55,0.3,0.26,24.0,1.2,75,2.307337370409859,0.0,1.2841052720836208,17.906603853334925,2.307337370409859,18.16
11,0.55,0.3,0.26,24.0,1.2,35,2.307337370409859,0.0,1.2841052720836208,17.906603853334925,2.307337370409859,18.16
15,0.55,0.3,0.1,24.0,1.2,75,2.307337370409859,0.0,1.2841052720836208,17.906603853334925,2.307337370409859,18.16
15,0.55,0.3,0.1,24.0,1.2,35,2.307337370409859,0.0,1.2841052720836208,17.906603853334925,2.307337370409859,18.16
15,0.55,0.3,0.18,24.0,1.2,35,2.307337370409859,0.0,1.2841052720836208,17.906603853334925,2.307337370409859,18.16
15,0.55,0.3,0.18,24.0,1.2,75,2.307337370409859,0.0,1.2841052720836208,17.906603853334925,2.307337370409859,18.16
15,0.55,0.3,0.26,24.0,1.2,75,2.307337370409859,0.0,1.2841052720836208,17.906603853334925,2.307337370409859,18.16
15,0.55,0.3,0.26,24.0,1.2,35,2.307337370409859,0.0,1.2841052720836208,17.906603853334925,2.307337370409859,18.16
7,0.55,0.3,0.05,24.0,1.2,75,2.2981419681110085,0.0,1.279459746277364,17.906603853334925,2.2981419681110085,18.2
7,0.55,0.3,0.05,24.0,1.2,35,2.2981419681110085,0.0,1.279459746277364,17.906603853334925,2.2981419681110085,18.2
11,0.55,0.3,0.05,24.0,1.2,35,2.2981419681110085,0.0,1.279459746277364,17.906603853334925,2.2981419681110085,18.2
11,0.55,0.3,0.05,24.0,1.2,75,2.2981419681110085,0.0,1.279459746277364,17.906603853334925,2.2981419681110085,18.2
15,0.55,0.3,0.05,24.0,1.2,35,2.2981419681110085,0.0,1.279459746277364,17.906603853334925,2.2981419681110085,18.2
15,0.55,0.3,0.05,24.0,1.2,75,2.2981419681110085,0.0,1.279459746277364,17.906603853334925,2.2981419681110085,18.2
7,0.45,0.3,0.05,18.0,1.2,75,2.279875918326421,0.0,1.2364914742929025,19.595965228063953,2.2798759183264203,22.28
7,0.45,0.3,0.1,18.0,1.2,75,2.279875918326421,0.0,1.2364914742929025,19.595965228063953,2.2798759183264203,22.28
7,0.45,0.3,0.18,18.0,1.2,75,2.279875918326421,0.0,1.2364914742929025,19.595965228063953,2.2798759183264203,22.28
7,0.45,0.3,0.26,18.0,1.2,75,2.279875918326421,0.0,1.2364914742929025,19.595965228063953,2.2798759183264203,22.28
11,0.45,0.3,0.05,18.0,1.2,75,2.279875918326421,0.0,1.2364914742929025,19.595965228063953,2.2798759183264203,22.28
11,0.45,0.3,0.1,18.0,1.2,75,2.279875918326421,0.0,1.2364914742929025,19.595965228063953,2.2798759183264203,22.28
11,0.45,0.3,0.18,18.0,1.2,75,2.279875918326421,0.0,1.2364914742929025,19.595965228063953,2.2798759183264203,22.28
11,0.45,0.3,0.26,18.0,1.2,75,2.279875918326421,0.0,1.2364914742929025,19.595965228063953,2.2798759183264203,22.28
15,0.45,0.3,0.05,18.0,1.2,75,2.279875918326421,0.0,1.2364914742929025,19.595965228063953,2.2798759183264203,22.28
15,0.45,0.3,0.1,18.0,1.2,75,2.279875918326421,0.0,1.2364914742929025,19.595965228063953,2.2798759183264203,22.28
15,0.45,0.3,0.18,18.0,1.2,75,2.279875918326421,0.0,1.2364914742929025,19.595965228063953,2.2798759183264203,22.28
15,0.45,0.3,0.26,18.0,1.2,75,2.279875918326421,0.0,1.2364914742929025,19.595965228063953,2.2798759183264203,22.28
7,0.45,0.3,0.1,24.0,2.0,75,2.268793409210867,0.0,1.245440310627223,19.88296857237667,2.268793409210867,20.56
7,0.45,0.3,0.18,24.0,2.0,75,2.268793409210867,0.0,1.245440310627223,19.88296857237667,2.268793409210867,20.56
7,0.45,0.3,0.26,24.0,2.0,75,2.268793409210867,0.0,1.245440310627223,19.88296857237667,2.268793409210867,20.56
11,0.45,0.3,0.1,24.0,2.0,75,2.268793409210867,0.0,1.245440310627223,19.88296857237667,2.268793409210867,20.56
11,0.45,0.3,0.18,24.0,2.0,75,2.268793409210867,0.0,1.245440310627223,19.88296857237667,2.268793409210867,20.56
11,0.45,0.3,0.26,24.0,2.0,75,2.268793409210867,0.0,1.245440310627223,19.88296857237667,2.268793409210867,20.56
15,0.45,0.3,0.1,24.0,2.0,75,2.268793409210867,0.0,1.245440310627223,19.88296857237667,2.268793409210867,20.56
15,0.45,0.3,0.18,24.0,2.0,75,2.268793409210867,0.0,1.245440310627223,19.88296857237667,2.268793409210867,20.56
15,0.45,0.3,0.26,24.0,2.0,75,2.268793409210867,0.0,1.245440310627223,19.88296857237667,2.268793409210867,20.56
7,0.45,0.3,0.05,18.0,1.2,35,2.263618068692448,0.0,1.2273630061027012,19.595965228063953,2.2636180686924474,22.36
7,0.45,0.3,0.1,18.0,1.2,35,2.263618068692448,0.0,1.2273630061027012,19.595965228063953,2.2636180686924474,22.36
7,0.45,0.3,0.18,18.0,1.2,35,2.263618068692448,0.0,1.2273630061027012,19.595965228063953,2.2636180686924474,22.36
7,0.45,0.3,0.26,18.0,1.2,35,2.263618068692448,0.0,1.2273630061027012,19.595965228063953,2.2636180686924474,22.36
11,0.45,0.3,0.05,18.0,1.2,35,2.263618068692448,0.0,1.2273630061027012,19.595965228063953,2.2636180686924474,22.36
11,0.45,0.3,0.1,18.0,1.2,35,2.263618068692448,0.0,1.2273630061027012,19.595965228063953,2.2636180686924474,22.36
11,0.45,0.3,0.18,18.0,1.2,35,2.263618068692448,0.0,1.2273630061027012,19.595965228063953,2.2636180686924474,22.36
11,0.45,0.3,0.26,18.0,1.2,35,2.263618068692448,0.0,1.2273630061027012,19.595965228063953,2.2636180686924474,22.36
15,0.45,0.3,0.05,18.0,1.2,35,2.263618068692448,0.0,1.2273630061027012,19.595965228063953,2.2636180686924474,22.36
15,0.45,0.3,0.1,18.0,1.2,35,2.263618068692448,0.0,1.2273630061027012,19.595965228063953,2.2636180686924474,22.36
15,0.45,0.3,0.18,18.0,1.2,35,2.263618068692448,0.0,1.2273630061027012,19.595965228063953,2.2636180686924474,22.36
15,0.45,0.3,0.26,18.0,1.2,35,2.263618068692448,0.0,1.2273630061027012,19.595965228063953,2.2636180686924474,22.36
7,0.45,0.3,0.1,24.0,2.0,35,2.2631035087841243,0.0,1.2422207968290673,19.88296857237667,2.2631035087841243,20.6
7,0.45,0.3,0.18,24.0,2.0,35,2.2631035087841243,0.0,1.2422207968290673,19.88296857237667,2.2631035087841243,20.6
7,0.45,0.3,0.26,24.0,2.0,35,2.2631035087841243,0.0,1.2422207968290673,19.88296857237667,2.2631035087841243,20.6
11,0.45,0.3,0.1,24.0,2.0,35,2.2631035087841243,0.0,1.2422207968290673,19.88296857237667,2.2631035087841243,20.6
11,0.45,0.3,0.18,24.0,2.0,35,2.2631035087841243,0.0,1.2422207968290673,19.88296857237667,2.2631035087841243,20.6
11,0.45,0.3,0.26,24.0,2.0,35,2.2631035087841243,0.0,1.2422207968290673,19.88296857237667,2.2631035087841243,20.6
15,0.45,0.3,0.1,24.0,2.0,35,2.2631035087841243,0.0,1.2422207968290673,19.88296857237667,2.2631035087841243,20.6
15,0.45,0.3,0.18,24.0,2.0,35,2.2631035087841243,0.0,1.2422207968290673,19.88296857237667,2.2631035087841243,20.6
15,0.45,0.3,0.26,24.0,2.0,35,2.2631035087841243,0.0,1.2422207968290673,19.88296857237667,2.2631035087841243,20.6
7,0.45,0.3,0.05,24.0,2.0,75,2.2473955597485014,0.0,1.2338035275782506,19.88296857237667,2.247395559748501,20.64
11,0.45,0.3,0.05,24.0,2.0,75,2.2473955597485014,0.0,1.2338035275782506,19.88296857237667,2.247395559748501,20.64
15,0.45,0.3,0.05,24.0,2.0,75,2.2473955597485014,0.0,1.2338035275782506,19.88296857237667,2.247395559748501,20.64
7,0.45,0.3,0.05,24.0,2.0,35,2.2417056593217586,0.0,1.230584013780095,19.88296857237667,2.2417056593217586,20.68
11,0.45,0.3,0.05,24.0,2.0,35,2.2417056593217586,0.0,1.230584013780095,19.88296857237667,2.2417056593217586,20.68
15,0.45,0.3,0.05,24.0,2.0,35,2.2417056593217586,0.0,1.230584013780095,19.88296857237667,2.2417056593217586,20.68
7,0.25,0.3,0.05,24.0,2.0,75,2.1738977442972005,0.0,1.1695884636584648,23.72465074840417,2.1738977442972005,26.04
7,0.25,0.3,0.1,24.0,2.0,75,2.1738977442972005,0.0,1.1695884636584648,23.72465074840417,2.1738977442972005,26.0
7,0.25,0.3,0.18,24.0,2.0,75,2.1738977442972005,0.0,1.1695884636584648,23.72465074840417,2.1738977442972005,26.0
7,0.25,0.3,0.26,24.0,2.0,75,2.1738977442972005,0.0,1.1695884636584648,23.72465074840417,2.1738977442972005,26.0
11,0.25,0.3,0.05,24.0,2.0,75,2.1738977442972005,0.0,1.1695884636584648,23.72465074840417,2.1738977442972005,26.04
11,0.25,0.3,0.1,24.0,2.0,75,2.1738977442972005,0.0,1.1695884636584648,23.72465074840417,2.1738977442972005,26.0
11,0.25,0.3,0.18,24.0,2.0,75,2.1738977442972005,0.0,1.1695884636584648,23.72465074840417,2.1738977442972005,26.0
11,0.25,0.3,0.26,24.0,2.0,75,2.1738977442972005,0.0,1.1695884636584648,23.72465074840417,2.1738977442972005,26.0
15,0.25,0.3,0.05,24.0,2.0,75,2.1738977442972005,0.0,1.1695884636584648,23.72465074840417,2.1738977442972005,26.04
15,0.25,0.3,0.1,24.0,2.0,75,2.1738977442972005,0.0,1.1695884636584648,23.72465074840417,2.1738977442972005,26.0
15,0.25,0.3,0.18,24.0,2.0,75,2.1738977442972005,0.0,1.1695884636584648,23.72465074840417,2.1738977442972005,26.0
15,0.25,0.3,0.26,24.0,2.0,75,2.1738977442972005,0.0,1.1695884636584648,23.72465074840417,2.1738977442972005,26.0
7,0.55,0.3,0.05,18.0,1.2,75,2.1636407840582415,0.0,1.1737269691603027,15.239261349885384,2.1636407840582415,19.44
7,0.55,0.3,0.05,18.0,1.2,35,2.1636407840582415,0.0,1.1737269691603027,15.239261349885384,2.1636407840582415,19.44
7,0.55,0.3,0.1,18.0,1.2,75,2.1636407840582415,0.0,1.1737269691603027,15.239261349885384,2.1636407840582415,19.44
7,0.55,0.3,0.1,18.0,1.2,35,2.1636407840582415,0.0,1.1737269691603027,15.239261349885384,2.1636407840582415,19.44
7,0.55,0.3,0.18,18.0,1.2,75,2.1636407840582415,0.0,1.1737269691603027,15.239261349885384,2.1636407840582415,19.44
7,0.55,0.3,0.18,18.0,1.2,35,2.1636407840582415,0.0,1.1737269691603027,15.239261349885384,2.1636407840582415,19.44
7,0.55,0.3,0.26,18.0,1.2,35,2.1636407840582415,0.0,1.1737269691603027,15.239261349885384,2.1636407840582415,19.44
7,0.55,0.3,0.26,18.0,1.2,75,2.1636407840582415,0.0,1.1737269691603027,15.239261349885384,2.1636407840582415,19.44
11,0.55,0.3,0.05,18.0,1.2,35,2.1636407840582415,0.0,1.1737269691603027,15.239261349885384,2.1636407840582415,19.44
11,0.55,0.3,0.05,18.0,1.2,75,2.1636407840582415,0.0,1.1737269691603027,15.239261349885384,2.1636407840582415,19.44
11,0.55,0.3,0.1,18.0,1.2,35,2.1636407840582415,0.0,1.1737269691603027,15.239261349885384,2.1636407840582415,19.44
11,0.55,0.3,0.1,18.0,1.2,75,2.1636407840582415,0.0,1.1737269691603027,15.239261349885384,2.1636407840582415,19.44
11,0.55,0.3,0.18,18.0,1.2,35,2.1636407840582415,0.0,1.1737269691603027,15.239261349885384,2.1636407840582415,19.44
11,0.55,0.3,0.18,18.0,1.2,75,2.1636407840582415,0.0,1.1737269691603027,15.239261349885384,2.1636407840582415,19.44
11,0.55,0.3,0.26,18.0,1.2,75,2.1636407840582415,0.0,1.1737269691603027,15.239261349885384,2.1636407840582415,19.44
11,0.55,0.3,0.26,18.0,1.2,35,2.1636407840582415,0.0,1.1737269691603027,15.239261349885384,2.1636407840582415,19.44
15,0.55,0.3,0.05,18.0,1.2,35,2.1636407840582415,0.0,1.1737269691603027,15.239261349885384,2.1636407840582415,19.44
15,0.55,0.3,0.05,18.0,1.2,75,2.1636407840582415,0.0,1.1737269691603027,15.239261349885384,2.1636407840582415,19.44
15,0.55,0.3,0.1,18.0,1.2,35,2.1636407840582415,0.0,1.1737269691603027,15.239261349885384,2.1636407840582415,19.44
15,0.55,0.3,0.1,18.0,1.2,75,2.1636407840582415,0.0,1.1737269691603027,15.239261349885384,2.1636407840582415,19.44
15,0.55,0.3,0.18,18.0,1.2,35,2.1636407840582415,0.0,1.1737269691603027,15.239261349885384,2.1636407840582415,19.44
15,0.55,0.3,0.18,18.0,1.2,75,2.1636407840582415,0.0,1.1737269691603027,15.239261349885384,2.1636407840582415,19.44
15,0.55,0.3,0.26,18.0,1.2,75,2.1636407840582415,0.0,1.1737269691603027,15.239261349885384,2.1636407840582415,19.44
15,0.55,0.3,0.26,18.0,1.2,35,2.1636407840582415,0.0,1.1737269691603027,15.239261349885384,2.1636407840582415,19.44
7,0.45,0.3,0.05,13.0,1.2,75,2.161269961633762,0.0,1.1780239481941217,17.549810485173126,2.161269961633762,24.16
7,0.45,0.3,0.1,13.0,1.2,75,2.161269961633762,0.0,1.1780239481941217,17.549810485173126,2.161269961633762,24.16
7,0.45,0.3,0.18,13.0,1.2,75,2.161269961633762,0.0,1.1780239481941217,17.549810485173126,2.161269961633762,24.16
7,0.45,0.3,0.26,13.0,1.2,75,2.161269961633762,0.0,1.1780239481941217,17.549810485173126,2.161269961633762,24.16
11,0.45,0.3,0.05,13.0,1.2,75,2.161269961633762,0.0,1.1780239481941217,17.549810485173126,2.161269961633762,24.16
11,0.45,0.3,0.1,13.0,1.2,75,2.161269961633762,0.0,1.1780239481941217,17.549810485173126,2.161269961633762,24.16
11,0.45,0.3,0.18,13.0,1.2,75,2.161269961633762,0.0,1.1780239481941217,17.549810485173126,2.161269961633762,24.16
11,0.45,0.3,0.26,13.0,1.2,75,2.161269961633762,0.0,1.1780239481941217,17.549810485173126,2.161269961633762,24.16
15,0.45,0.3,0.05,13.0,1.2,75,2.161269961633762,0.0,1.1780239481941217,17.549810485173126,2.161269961633762,24.16
15,0.45,0.3,0.1,13.0,1.2,75,2.161269961633762,0.0,1.1780239481941217,17.549810485173126,2.161269961633762,24.16
15,0.45,0.3,0.18,13.0,1.2,75,2.161269961633762,0.0,1.1780239481941217,17.549810485173126,2.161269961633762,24.16
15,0.45,0.3,0.26,13.0,1.2,75,2.161269961633762,0.0,1.1780239481941217,17.549810485173126,2.161269961633762,24.16
7,0.45,0.3,0.05,13.0,1.2,35,2.1568402827854785,0.0,1.1752462122701421,17.549810485173126,2.1568402827854785,24.24
7,0.45,0.3,0.1,13.0,1.2,35,2.1568402827854785,0.0,1.1752462122701421,17.549810485173126,2.1568402827854785,24.24
7,0.45,0.3,0.18,13.0,1.2,35,2.1568402827854785,0.0,1.1752462122701421,17.549810485173126,2.1568402827854785,24.24
7,0.45,0.3,0.26,13.0,1.2,35,2.1568402827854785,0.0,1.1752462122701421,17.549810485173126,2.1568402827854785,24.24
11,0.45,0.3,0.05,13.0,1.2,35,2.1568402827854785,0.0,1.1752462122701421,17.549810485173126,2.1568402827854785,24.24
11,0.45,0.3,0.1,13.0,1.2,35,2.1568402827854785,0.0,1.1752462122701421,17.549810485173126,2.1568402827854785,24.24
11,0.45,0.3,0.18,13.0,1.2,35,2.1568402827854785,0.0,1.1752462122701421,17.549810485173126,2.1568402827854785,24.24
11,0.45,0.3,0.26,13.0,1.2,35,2.1568402827854785,0.0,1.1752462122701421,17.549810485173126,2.1568402827854785,24.24
15,0.45,0.3,0.05,13.0,1.2,35,2.1568402827854785,0.0,1.1752462122701421,17.549810485173126,2.1568402827854785,24.24
15,0.45,0.3,0.1,13.0,1.2,35,2.1568402827854785,0.0,1.1752462122701421,17.549810485173126,2.1568402827854785,24.24
15,0.45,0.3,0.18,13.0,1.2,35,2.1568402827854785,0.0,1.1752462122701421,17.549810485173126,2.1568402827854785,24.24
15,0.45,0.3,0.26,13.0,1.2,35,2.1568402827854785,0.0,1.1752462122701421,17.549810485173126,2.1568402827854785,24.24
7,0.25,0.3,0.05,24.0,2.0,35,2.138921820600777,0.0,1.1510691189051356,23.72465074840417,2.1389218206007765,26.52
7,0.25,0.3,0.1,24.0,2.0,35,2.138921820600777,0.0,1.1510691189051356,23.72465074840417,2.1389218206007765,26.48
7,0.25,0.3,0.18,24.0,2.0,35,2.138921820600777,0.0,1.1510691189051356,23.72465074840417,2.1389218206007765,26.48
7,0.25,0.3,0.26,24.0,2.0,35,2.138921820600777,0.0,1.1510691189051356,23.72465074840417,2.1389218206007765,26.48
11,0.25,0.3,0.05,24.0,2.0,35,2.138921820600777,0.0,1.1510691189051356,23.72465074840417,2.1389218206007765,26.52
11,0.25,0.3,0.1,24.0,2.0,35,2.138921820600777,0.0,1.1510691189051356,23.72465074840417,2.1389218206007765,26.48
11,0.25,0.3,0.18,24.0,2.0,35,2.138921820600777,0.0,1.1510691189051356,23.72465074840417,2.1389218206007765,26.48
11,0.25,0.3,0.26,24.0,2.0,35,2.138921820600777,0.0,1.1510691189051356,23.72465074840417,2.1389218206007765,26.48
15,0.25,0.3,0.05,24.0,2.0,35,2.138921820600777,0.0,1.1510691189051356,23.72465074840417,2.1389218206007765,26.52
15,0.25,0.3,0.1,24.0,2.0,35,2.138921820600777,0.0,1.1510691189051356,23.72465074840417,2.1389218206007765,26.48
15,0.25,0.3,0.18,24.0,2.0,35,2.138921820600777,0.0,1.1510691189051356,23.72465074840417,2.1389218206007765,26.48
15,0.25,0.3,0.26,24.0,2.0,35,2.138921820600777,0.0,1.1510691189051356,23.72465074840417,2.1389218206007765,26.48
7,0.25,0.3,0.05,24.0,1.2,75,2.121412947183771,0.0,1.1765482510532466,20.026375591047273,2.121412947183771,25.96
7,0.25,0.3,0.1,24.0,1.2,75,2.121412947183771,0.0,1.1765482510532466,20.026375591047273,2.121412947183771,25.92
7,0.25,0.3,0.18,24.0,1.2,75,2.121412947183771,0.0,1.1765482510532466,20.026375591047273,2.121412947183771,25.92
7,0.25,0.3,0.26,24.0,1.2,75,2.121412947183771,0.0,1.1765482510532466,20.026375591047273,2.121412947183771,25.92
11,0.25,0.3,0.05,24.0,1.2,75,2.121412947183771,0.0,1.1765482510532466,20.026375591047273,2.121412947183771,25.96
11,0.25,0.3,0.1,24.0,1.2,75,2.121412947183771,0.0,1.1765482510532466,20.026375591047273,2.121412947183771,25.92
11,0.25,0.3,0.18,24.0,1.2,75,2.121412947183771,0.0,1.1765482510532466,20.026375591047273,2.121412947183771,25.92
11,0.25,0.3,0.26,24.0,1.2,75,2.121412947183771,0.0,1.1765482510532466,20.026375591047273,2.121412947183771,25.92
15,0.25,0.3,0.05,24.0,1.2,75,2.121412947183771,0.0,1.1765482510532466,20.026375591047273,2.121412947183771,25.96
15,0.25,0.3,0.1,24.0,1.2,75,2.121412947183771,0.0,1.1765482510532466,20.026375591047273,2.121412947183771,25.92
15,0.25,0.3,0.18,24.0,1.2,75,2.121412947183771,0.0,1.1765482510532466,20.026375591047273,2.121412947183771,25.92
15,0.25,0.3,0.26,24.0,1.2,75,2.121412947183771,0.0,1.1765482510532466,20.026375591047273,2.121412947183771,25.92
7,0.25,0.3,0.05,24.0,1.2,35,2.0913961541374526,0.0,1.1596932959159372,20.026375591047273,2.091396154137453,26.44
7,0.25,0.3,0.1,24.0,1.2,35,2.0913961541374526,0.0,1.1596932959159372,20.026375591047273,2.091396154137453,26.4
7,0.25,0.3,0.18,24.0,1.2,35,2.0913961541374526,0.0,1.1596932959159372,20.026375591047273,2.091396154137453,26.4
7,0.25,0.3,0.26,24.0,1.2,35,2.0913961541374526,0.0,1.1596932959159372,20.026375591047273,2.091396154137453,26.4
11,0.25,0.3,0.05,24.0,1.2,35,2.0913961541374526,0.0,1.1596932959159372,20.026375591047273,2.091396154137453,26.44
11,0.25,0.3,0.1,24.0,1.2,35,2.0913961541374526,0.0,1.1596932959159372,20.026375591047273,2.091396154137453,26.4
11,0.25,0.3,0.18,24.0,1.2,35,2.0913961541374526,0.0,1.1596932959159372,20.026375591047273,2.091396154137453,26.4
11,0.25,0.3,0.26,24.0,1.2,35,2.0913961541374526,0.0,1.1596932959159372,20.026375591047273,2.091396154137453,26.4
15,0.25,0.3,0.05,24.0,1.2,35,2.0913961541374526,0.0,1.1596932959159372,20.026375591047273,2.091396154137453,26.44
15,0.25,0.3,0.1,24.0,1.2,35,2.0913961541374526,0.0,1.1596932959159372,20.026375591047273,2.091396154137453,26.4
15,0.25,0.3,0.18,24.0,1.2,35,2.0913961541374526,0.0,1.1596932959159372,20.026375591047273,2.091396154137453,26.4
15,0.25,0.3,0.26,24.0,1.2,35,2.0913961541374526,0.0,1.1596932959159372,20.026375591047273,2.091396154137453,26.4
7,0.55,0.3,0.1,24.0,2.0,75,2.0720432527628003,0.0,1.1776961678097144,18.28414733192739,2.0720432527628,18.16
7,0.55,0.3,0.1,24.0,2.0,35,2.0720432527628003,0.0,1.1776961678097144,18.28414733192739,2.0720432527628,18.16
7,0.55,0.3,0.18,24.0,2.0,35,2.0720432527628003,0.0,1.1776961678097144,18.28414733192739,2.0720432527628,18.16
7,0.55,0.3,0.18,24.0,2.0,75,2.0720432527628003,0.0,1.1776961678097144,18.28414733192739,2.0720432527628,18.16
7,0.55,0.3,0.26,24.0,2.0,75,2.0720432527628003,0.0,1.1776961678097144,18.28414733192739,2.0720432527628,18.16
7,0.55,0.3,0.26,24.0,2.0,35,2.0720432527628003,0.0,1.1776961678097144,18.28414733192739,2.0720432527628,18.16
11,0.55,0.3,0.1,24.0,2.0,75,2.0720432527628003,0.0,1.1776961678097144,18.28414733192739,2.0720432527628,18.16
11,0.55,0.3,0.1,24.0,2.0,35,2.0720432527628003,0.0,1.1776961678097144,18.28414733192739,2.0720432527628,18.16
11,0.55,0.3,0.18,24.0,2.0,75,2.0720432527628003,0.0,1.1776961678097144,18.28414733192739,2.0720432527628,18.16
11,0.55,0.3,0.18,24.0,2.0,35,2.0720432527628003,0.0,1.1776961678097144,18.28414733192739,2.0720432527628,18.16
11,0.55,0.3,0.26,24.0,2.0,75,2.0720432527628003,0.0,1.1776961678097144,18.28414733192739,2.0720432527628,18.16
11,0.55,0.3,0.26,24.0,2.0,35,2.0720432527628003,0.0,1.1776961678097144,18.28414733192739,2.0720432527628,18.16
15,0.55,0.3,0.1,24.0,2.0,75,2.0720432527628003,0.0,1.1776961678097144,18.28414733192739,2.0720432527628,18.16
15,0.55,0.3,0.1,24.0,2.0,35,2.0720432527628003,0.0,1.1776961678097144,18.28414733192739,2.0720432527628,18.16
15,0.55,0.3,0.18,24.0,2.0,75,2.0720432527628003,0.0,1.1776961678097144,18.28414733192739,2.0720432527628,18.16
15,0.55,0.3,0.18,24.0,2.0,35,2.0720432527628003,0.0,1.1776961678097144,18.28414733192739,2.0720432527628,18.16
15,0.55,0.3,0.26,24.0,2.0,35,2.0720432527628003,0.0,1.1776961678097144,18.28414733192739,2.0720432527628,18.16
15,0.55,0.3,0.26,24.0,2.0,75,2.0720432527628003,0.0,1.1776961678097144,18.28414733192739,2.0720432527628,18.16
7,0.55,0.3,0.05,24.0,2.0,75,2.0628478504639496,0.0,1.1726789655812817,18.28414733192739,2.062847850463949,18.2
7,0.55,0.3,0.05,24.0,2.0,35,2.0628478504639496,0.0,1.1726789655812817,18.28414733192739,2.062847850463949,18.2
11,0.55,0.3,0.05,24.0,2.0,75,2.0628478504639496,0.0,1.1726789655812817,18.28414733192739,2.062847850463949,18.2
11,0.55,0.3,0.05,24.0,2.0,35,2.0628478504639496,0.0,1.1726789655812817,18.28414733192739,2.062847850463949,18.2
15,0.55,0.3,0.05,24.0,2.0,35,2.0628478504639496,0.0,1.1726789655812817,18.28414733192739,2.062847850463949,18.2
15,0.55,0.3,0.05,24.0,2.0,75,2.0628478504639496,0.0,1.1726789655812817,18.28414733192739,2.062847850463949,18.2
7,0.25,0.3,0.05,18.0,1.2,75,2.021177488196354,0.0,1.1179606637896717,19.975449502525695,2.021177488196354,28.32
7,0.25,0.3,0.1,18.0,1.2,75,2.021177488196354,0.0,1.1179606637896717,19.975449502525695,2.021177488196354,28.32
7,0.25,0.3,0.18,18.0,1.2,75,2.021177488196354,0.0,1.1179606637896717,19.975449502525695,2.021177488196354,28.32
7,0.25,0.3,0.26,18.0,1.2,75,2.021177488196354,0.0,1.1179606637896717,19.975449502525695,2.021177488196354,28.32
11,0.25,0.3,0.05,18.0,1.2,75,2.021177488196354,0.0,1.1179606637896717,19.975449502525695,2.021177488196354,28.32
11,0.25,0.3,0.1,18.0,1.2,75,2.021177488196354,0.0,1.1179606637896717,19.975449502525695,2.021177488196354,28.32
11,0.25,0.3,0.18,18.0,1.2,75,2.021177488196354,0.0,1.1179606637896717,19.975449502525695,2.021177488196354,28.32
11,0.25,0.3,0.26,18.0,1.2,75,2.021177488196354,0.0,1.1179606637896717,19.975449502525695,2.021177488196354,28.32
15,0.25,0.3,0.05,18.0,1.2,75,2.021177488196354,0.0,1.1179606637896717,19.975449502525695,2.021177488196354,28.32
15,0.25,0.3,0.1,18.0,1.2,75,2.021177488196354,0.0,1.1179606637896717,19.975449502525695,2.021177488196354,28.32
15,0.25,0.3,0.18,18.0,1.2,75,2.021177488196354,0.0,1.1179606637896717,19.975449502525695,2.021177488196354,28.32
15,0.25,0.3,0.26,18.0,1.2,75,2.021177488196354,0.0,1.1179606637896717,19.975449502525695,2.021177488196354,28.32
7,0.55,0.3,0.05,24.0,0.6,75,2.0158021425486763,0.0,1.1494682670049288,18.25947774554248,2.0158021425486763,18.12
7,0.55,0.3,0.1,24.0,0.6,75,2.0158021425486763,0.0,1.1494682670049288,18.25947774554248,2.0158021425486763,18.08
7,0.55,0.3,0.18,24.0,0.6,75,2.0158021425486763,0.0,1.1494682670049288,18.25947774554248,2.0158021425486763,18.08
7,0.55,0.3,0.26,24.0,0.6,75,2.0158021425486763,0.0,1.1494682670049288,18.25947774554248,2.0158021425486763,18.08
11,0.55,0.3,0.05,24.0,0.6,75,2.0158021425486763,0.0,1.1494682670049288,18.25947774554248,2.0158021425486763,18.12
11,0.55,0.3,0.1,24.0,0.6,75,2.0158021425486763,0.0,1.1494682670049288,18.25947774554248,2.0158021425486763,18.08
11,0.55,0.3,0.18,24.0,0.6,75,2.0158021425486763,0.0,1.1494682670049288,18.25947774554248,2.0158021425486763,18.08
11,0.55,0.3,0.26,24.0,0.6,75,2.0158021425486763,0.0,1.1494682670049288,18.25947774554248,2.0158021425486763,18.08
15,0.55,0.3,0.05,24.0,0.6,75,2.0158021425486763,0.0,1.1494682670049288,18.25947774554248,2.0158021425486763,18.12
15,0.55,0.3,0.1,24.0,0.6,75,2.0158021425486763,0.0,1.1494682670049288,18.25947774554248,2.0158021425486763,18.08
15,0.55,0.3,0.18,24.0,0.6,75,2.0158021425486763,0.0,1.1494682670049288,18.25947774554248,2.0158021425486763,18.08
15,0.55,0.3,0.26,24.0,0.6,75,2.0158021425486763,0.0,1.1494682670049288,18.25947774554248,2.0158021425486763,18.08
7,0.25,0.3,0.05,13.0,1.2,75,2.001934103646337,0.0,1.090697082545614,21.751572544551912,2.001934103646337,31.36
7,0.25,0.3,0.1,13.0,1.2,75,2.001934103646337,0.0,1.090697082545614,21.751572544551912,2.001934103646337,31.36
7,0.25,0.3,0.18,13.0,1.2,75,2.001934103646337,0.0,1.090697082545614,21.751572544551912,2.001934103646337,31.36
7,0.25,0.3,0.26,13.0,1.2,75,2.001934103646337,0.0,1.090697082545614,21.751572544551912,2.001934103646337,31.36
11,0.25,0.3,0.05,13.0,1.2,75,2.001934103646337,0.0,1.090697082545614,21.751572544551912,2.001934103646337,31.36
11,0.25,0.3,0.1,13.0,1.2,75,2.001934103646337,0.0,1.090697082545614,21.751572544551912,2.001934103646337,31.36
11,0.25,0.3,0.18,13.0,1.2,75,2.001934103646337,0.0,1.090697082545614,21.751572544551912,2.001934103646337,31.36
11,0.25,0.3,0.26,13.0,1.2,75,2.001934103646337,0.0,1.090697082545614,21.751572544551912,2.001934103646337,31.36
15,0.25,0.3,0.05,13.0,1.2,75,2.001934103646337,0.0,1.090697082545614,21.751572544551912,2.001934103646337,31.36
15,0.25,0.3,0.1,13.0,1.2,75,2.001934103646337,0.0,1.090697082545614,21.751572544551912,2.001934103646337,31.36
15,0.25,0.3,0.18,13.0,1.2,75,2.001934103646337,0.0,1.090697082545614,21.751572544551912,2.001934103646337,31.36
15,0.25,0.3,0.26,13.0,1.2,75,2.001934103646337,0.0,1.090697082545614,21.751572544551912,2.001934103646337,31.36
7,0.55,0.3,0.05,24.0,0.6,35,2.0013093889254883,0.0,1.141603545228854,18.25947774554248,2.001309388925488,18.2
7,0.55,0.3,0.1,24.0,0.6,35,2.0013093889254883,0.0,1.141603545228854,18.25947774554248,2.001309388925488,18.16
7,0.55,0.3,0.18,24.0,0.6,35,2.0013093889254883,0.0,1.141603545228854,18.25947774554248,2.001309388925488,18.16
7,0.55,0.3,0.26,24.0,0.6,35,2.0013093889254883,0.0,1.141603545228854,18.25947774554248,2.001309388925488,18.16
11,0.55,0.3,0.05,24.0,0.6,35,2.0013093889254883,0.0,1.141603545228854,18.25947774554248,2.001309388925488,18.2
11,0.55,0.3,0.1,24.0,0.6,35,2.0013093889254883,0.0,1.141603545228854,18.25947774554248,2.001309388925488,18.16
11,0.55,0.3,0.18,24.0,0.6,35,2.0013093889254883,0.0,1.141603545228854,18.25947774554248,2.001309388925488,18.16
11,0.55,0.3,0.26,24.0,0.6,35,2.0013093889254883,0.0,1.141603545228854,18.25947774554248,2.001309388925488,18.16
15,0.55,0.3,0.05,24.0,0.6,35,2.0013093889254883,0.0,1.141603545228854,18.25947774554248,2.001309388925488,18.2
15,0.55,0.3,0.1,24.0,0.6,35,2.0013093889254883,0.0,1.141603545228854,18.25947774554248,2.001309388925488,18.16
15,0.55,0.3,0.18,24.0,0.6,35,2.0013093889254883,0.0,1.141603545228854,18.25947774554248,2.001309388925488,18.16
15,0.55,0.3,0.26,24.0,0.6,35,2.0013093889254883,0.0,1.141603545228854,18.25947774554248,2.001309388925488,18.16
7,0.25,0.3,0.05,18.0,1.2,35,1.9944221656963506,0.0,1.103024078564754,19.975449502525695,1.9944221656963506,28.88
7,0.25,0.3,0.1,18.0,1.2,35,1.9944221656963506,0.0,1.103024078564754,19.975449502525695,1.9944221656963506,28.84
7,0.25,0.3,0.18,18.0,1.2,35,1.9944221656963506,0.0,1.103024078564754,19.975449502525695,1.9944221656963506,28.84
7,0.25,0.3,0.26,18.0,1.2,35,1.9944221656963506,0.0,1.103024078564754,19.975449502525695,1.9944221656963506,28.84
11,0.25,0.3,0.05,18.0,1.2,35,1.9944221656963506,0.0,1.103024078564754,19.975449502525695,1.9944221656963506,28.88
11,0.25,0.3,0.1,18.0,1.2,35,1.9944221656963506,0.0,1.103024078564754,19.975449502525695,1.9944221656963506,28.84
11,0.25,0.3,0.18,18.0,1.2,35,1.9944221656963506,0.0,1.103024078564754,19.975449502525695,1.9944221656963506,28.84
11,0.25,0.3,0.26,18.0,1.2,35,1.9944221656963506,0.0,1.103024078564754,19.975449502525695,1.9944221656963506,28.84
15,0.25,0.3,0.05,18.0,1.2,35,1.9944221656963506,0.0,1.103024078564754,19.975449502525695,1.9944221656963506,28.88
15,0.25,0.3,0.1,18.0,1.2,35,1.9944221656963506,0.0,1.103024078564754,19.975449502525695,1.9944221656963506,28.84
15,0.25,0.3,0.18,18.0,1.2,35,1.9944221656963506,0.0,1.103024078564754,19.975449502525695,1.9944221656963506,28.84
15,0.25,0.3,0.26,18.0,1.2,35,1.9944221656963506,0.0,1.103024078564754,19.975449502525695,1.9944221656963506,28.84
7,0.25,0.3,0.05,13.0,1.2,35,1.9779439988893157,0.0,1.0776668032599876,21.751572544551912,1.9779439988893155,32.0
7,0.25,0.3,0.1,13.0,1.2,35,1.9779439988893157,0.0,1.0776668032599876,21.751572544551912,1.9779439988893155,32.0
7,0.25,0.3,0.18,13.0,1.2,35,1.9779439988893157,0.0,1.0776668032599876,21.751572544551912,1.9779439988893155,32.0
7,0.25,0.3,0.26,13.0,1.2,35,1.9779439988893157,0.0,1.0776668032599876,21.751572544551912,1.9779439988893155,32.0
11,0.25,0.3,0.05,13.0,1.2,35,1.9779439988893157,0.0,1.0776668032599876,21.751572544551912,1.9779439988893155,32.0
11,0.25,0.3,0.1,13.0,1.2,35,1.9779439988893157,0.0,1.0776668032599876,21.751572544551912,1.9779439988893155,32.0
11,0.25,0.3,0.18,13.0,1.2,35,1.9779439988893157,0.0,1.0776668032599876,21.751572544551912,1.9779439988893155,32.0
11,0.25,0.3,0.26,13.0,1.2,35,1.9779439988893157,0.0,1.0776668032599876,21.751572544551912,1.9779439988893155,32.0
15,0.25,0.3,0.05,13.0,1.2,35,1.9779439988893157,0.0,1.0776668032599876,21.751572544551912,1.9779439988893155,32.0
15,0.25,0.3,0.1,13.0,1.2,35,1.9779439988893157,0.0,1.0776668032599876,21.751572544551912,1.9779439988893155,32.0
15,0.25,0.3,0.18,13.0,1.2,35,1.9779439988893157,0.0,1.0776668032599876,21.751572544551912,1.9779439988893155,32.0
15,0.25,0.3,0.26,13.0,1.2,35,1.9779439988893157,0.0,1.0776668032599876,21.751572544551912,1.9779439988893155,32.0
7,0.45,0.42,0.1,24.0,1.2,75,1.9625548449077865,0.0,1.045973637355553,14.961677794268002,1.9625548449077859,20.48
7,0.45,0.42,0.18,24.0,1.2,75,1.9625548449077865,0.0,1.045973637355553,14.961677794268002,1.9625548449077859,20.48
7,0.45,0.42,0.26,24.0,1.2,75,1.9625548449077865,0.0,1.045973637355553,14.961677794268002,1.9625548449077859,20.48
11,0.45,0.42,0.1,24.0,1.2,75,1.9625548449077865,0.0,1.045973637355553,14.961677794268002,1.9625548449077859,20.48
11,0.45,0.42,0.18,24.0,1.2,75,1.9625548449077865,0.0,1.045973637355553,14.961677794268002,1.9625548449077859,20.48
11,0.45,0.42,0.26,24.0,1.2,75,1.9625548449077865,0.0,1.045973637355553,14.961677794268002,1.9625548449077859,20.48
15,0.45,0.42,0.1,24.0,1.2,75,1.9625548449077865,0.0,1.045973637355553,14.961677794268002,1.9625548449077859,20.48
15,0.45,0.42,0.18,24.0,1.2,75,1.9625548449077865,0.0,1.045973637355553,14.961677794268002,1.9625548449077859,20.48
15,0.45,0.42,0.26,24.0,1.2,75,1.9625548449077865,0.0,1.045973637355553,14.961677794268002,1.9625548449077859,20.48
7,0.45,0.42,0.1,24.0,1.2,35,1.9568649444810435,0.0,1.0430140782059383,14.961677794268002,1.9568649444810435,20.52
7,0.45,0.42,0.18,24.0,1.2,35,1.9568649444810435,0.0,1.0430140782059383,14.961677794268002,1.9568649444810435,20.52
7,0.45,0.42,0.26,24.0,1.2,35,1.9568649444810435,0.0,1.0430140782059383,14.961677794268002,1.9568649444810435,20.52
11,0.45,0.42,0.1,24.0,1.2,35,1.9568649444810435,0.0,1.0430140782059383,14.961677794268002,1.9568649444810435,20.52
11,0.45,0.42,0.18,24.0,1.2,35,1.9568649444810435,0.0,1.0430140782059383,14.961677794268002,1.9568649444810435,20.52
11,0.45,0.42,0.26,24.0,1.2,35,1.9568649444810435,0.0,1.0430140782059383,14.961677794268002,1.9568649444810435,20.52
15,0.45,0.42,0.1,24.0,1.2,35,1.9568649444810435,0.0,1.0430140782059383,14.961677794268002,1.9568649444810435,20.52
15,0.45,0.42,0.18,24.0,1.2,35,1.9568649444810435,0.0,1.0430140782059383,14.961677794268002,1.9568649444810435,20.52
15,0.45,0.42,0.26,24.0,1.2,35,1.9568649444810435,0.0,1.0430140782059383,14.961677794268002,1.9568649444810435,20.52
7,0.45,0.42,0.05,24.0,1.2,75,1.949221511574453,0.0,1.038789202558962,14.961677794268002,1.9492215115744524,20.56
11,0.45,0.42,0.05,24.0,1.2,75,1.949221511574453,0.0,1.038789202558962,14.961677794268002,1.9492215115744524,20.56
15,0.45,0.42,0.05,24.0,1.2,75,1.949221511574453,0.0,1.038789202558962,14.961677794268002,1.9492215115744524,20.56
7,0.45,0.42,0.05,24.0,1.2,35,1.9435316111477103,0.0,1.035829643409347,14.961677794268002,1.9435316111477103,20.6
11,0.45,0.42,0.05,24.0,1.2,35,1.9435316111477103,0.0,1.035829643409347,14.961677794268002,1.9435316111477103,20.6
15,0.45,0.42,0.05,24.0,1.2,35,1.9435316111477103,0.0,1.035829643409347,14.961677794268002,1.9435316111477103,20.6
7,0.35,0.3,0.05,24.0,1.2,75,1.8718106595871766,0.0,1.0194068309985056,17.455595384897446,1.8718106595871766,23.76
7,0.35,0.3,0.1,24.0,1.2,75,1.8718106595871766,0.0,1.0194068309985056,17.455595384897446,1.8718106595871766,23.68
7,0.35,0.3,0.18,24.0,1.2,75,1.8718106595871766,0.0,1.0194068309985056,17.455595384897446,1.8718106595871766,23.68
7,0.35,0.3,0.26,24.0,1.2,75,1.8718106595871766,0.0,1.0194068309985056,17.455595384897446,1.8718106595871766,23.68
11,0.35,0.3,0.05,24.0,1.2,75,1.8718106595871766,0.0,1.0194068309985056,17.455595384897446,1.8718106595871766,23.76
11,0.35,0.3,0.1,24.0,1.2,75,1.8718106595871766,0.0,1.0194068309985056,17.455595384897446,1.8718106595871766,23.68
11,0.35,0.3,0.18,24.0,1.2,75,1.8718106595871766,0.0,1.0194068309985056,17.455595384897446,1.8718106595871766,23.68
11,0.35,0.3,0.26,24.0,1.2,75,1.8718106595871766,0.0,1.0194068309985056,17.455595384897446,1.8718106595871766,23.68
15,0.35,0.3,0.05,24.0,1.2,75,1.8718106595871766,0.0,1.0194068309985056,17.455595384897446,1.8718106595871766,23.76
15,0.35,0.3,0.1,24.0,1.2,75,1.8718106595871766,0.0,1.0194068309985056,17.455595384897446,1.8718106595871766,23.68
15,0.35,0.3,0.18,24.0,1.2,75,1.8718106595871766,0.0,1.0194068309985056,17.455595384897446,1.8718106595871766,23.68
15,0.35,0.3,0.26,24.0,1.2,75,1.8718106595871766,0.0,1.0194068309985056,17.455595384897446,1.8718106595871766,23.68
7,0.35,0.3,0.05,24.0,1.2,35,1.859589141268098,0.0,1.0123536944616436,17.455595384897446,1.859589141268098,23.84
7,0.35,0.3,0.1,24.0,1.2,35,1.859589141268098,0.0,1.0123536944616436,17.455595384897446,1.859589141268098,23.76
7,0.35,0.3,0.18,24.0,1.2,35,1.859589141268098,0.0,1.0123536944616436,17.455595384897446,1.859589141268098,23.76
7,0.35,0.3,0.26,24.0,1.2,35,1.859589141268098,0.0,1.0123536944616436,17.455595384897446,1.859589141268098,23.76
11,0.35,0.3,0.05,24.0,1.2,35,1.859589141268098,0.0,1.0123536944616436,17.455595384897446,1.859589141268098,23.84
11,0.35,0.3,0.1,24.0,1.2,35,1.859589141268098,0.0,1.0123536944616436,17.455595384897446,1.859589141268098,23.76
11,0.35,0.3,0.18,24.0,1.2,35,1.859589141268098,0.0,1.0123536944616436,17.455595384897446,1.859589141268098,23.76
11,0.35,0.3,0.26,24.0,1.2,35,1.859589141268098,0.0,1.0123536944616436,17.455595384897446,1.859589141268098,23.76
15,0.35,0.3,0.05,24.0,1.2,35,1.859589141268098,0.0,1.0123536944616436,17.455595384897446,1.859589141268098,23.84
15,0.35,0.3,0.1,24.0,1.2,35,1.859589141268098,0.0,1.0123536944616436,17.455595384897446,1.859589141268098,23.76
15,0.35,0.3,0.18,24.0,1.2,35,1.859589141268098,0.0,1.0123536944616436,17.455595384897446,1.859589141268098,23.76
15,0.35,0.3,0.26,24.0,1.2,35,1.859589141268098,0.0,1.0123536944616436,17.455595384897446,1.859589141268098,23.76
7,0.55,0.3,0.05,13.0,1.2,75,1.8361330535913334,0.0,1.0121579263432658,13.330688530359911,1.8361330535913334,21.08
7,0.55,0.3,0.05,13.0,1.2,35,1.8361330535913334,0.0,1.0121579263432658,13.330688530359911,1.8361330535913334,21.08
7,0.55,0.3,0.1,13.0,1.2,35,1.8361330535913334,0.0,1.0121579263432658,13.330688530359911,1.8361330535913334,21.08
7,0.55,0.3,0.1,13.0,1.2,75,1.8361330535913334,0.0,1.0121579263432658,13.330688530359911,1.8361330535913334,21.08
7,0.55,0.3,0.18,13.0,1.2,75,1.8361330535913334,0.0,1.0121579263432658,13.330688530359911,1.8361330535913334,21.08
7,0.55,0.3,0.18,13.0,1.2,35,1.8361330535913334,0.0,1.0121579263432658,13.330688530359911,1.8361330535913334,21.08
7,0.55,0.3,0.26,13.0,1.2,75,1.8361330535913334,0.0,1.0121579263432658,13.330688530359911,1.8361330535913334,21.08
7,0.55,0.3,0.26,13.0,1.2,35,1.8361330535913334,0.0,1.0121579263432658,13.330688530359911,1.8361330535913334,21.08
11,0.55,0.3,0.05,13.0,1.2,35,1.8361330535913334,0.0,1.0121579263432658,13.330688530359911,1.8361330535913334,21.08
11,0.55,0.3,0.05,13.0,1.2,75,1.8361330535913334,0.0,1.0121579263432658,13.330688530359911,1.8361330535913334,21.08
11,0.55,0.3,0.1,13.0,1.2,75,1.8361330535913334,0.0,1.0121579263432658,13.330688530359911,1.8361330535913334,21.08
11,0.55,0.3,0.1,13.0,1.2,35,1.8361330535913334,0.0,1.0121579263432658,13.330688530359911,1.8361330535913334,21.08
11,0.55,0.3,0.18,13.0,1.2,75,1.8361330535913334,0.0,1.0121579263432658,13.330688530359911,1.8361330535913334,21.08
11,0.55,0.3,0.18,13.0,1.2,35,1.8361330535913334,0.0,1.0121579263432658,13.330688530359911,1.8361330535913334,21.08
11,0.55,0.3,0.26,13.0,1.2,75,1.8361330535913334,0.0,1.0121579263432658,13.330688530359911,1.8361330535913334,21.08
11,0.55,0.3,0.26,13.0,1.2,35,1.8361330535913334,0.0,1.0121579263432658,13.330688530359911,1.8361330535913334,21.08
15,0.55,0.3,0.05,13.0,1.2,35,1.8361330535913334,0.0,1.0121579263432658,13.330688530359911,1.8361330535913334,21.08
15,0.55,0.3,0.05,13.0,1.2,75,1.8361330535913334,0.0,1.0121579263432658,13.330688530359911,1.8361330535913334,21.08
15,0.55,0.3,0.1,13.0,1.2,35,1.8361330535913334,0.0,1.0121579263432658,13.330688530359911,1.8361330535913334,21.08
15,0.55,0.3,0.1,13.0,1.2,75,1.8361330535913334,0.0,1.0121579263432658,13.330688530359911,1.8361330535913334,21.08
15,0.55,0.3,0.18,13.0,1.2,35,1.8361330535913334,0.0,1.0121579263432658,13.330688530359911,1.8361330535913334,21.08
15,0.55,0.3,0.18,13.0,1.2,75,1.8361330535913334,0.0,1.0121579263432658,13.330688530359911,1.8361330535913334,21.08
15,0.55,0.3,0.26,13.0,1.2,35,1.8361330535913334,0.0,1.0121579263432658,13.330688530359911,1.8361330535913334,21.08
15,0.55,0.3,0.26,13.0,1.2,75,1.8361330535913334,0.0,1.0121579263432658,13.330688530359911,1.8361330535913334,21.08
7,0.55,0.3,0.05,13.0,0.6,75,1.8227007201589998,0.0,1.0229038658710168,15.70475312430759,1.8227007201589998,20.96
7,0.55,0.3,0.1,13.0,0.6,75,1.8227007201589998,0.0,1.0229038658710168,15.70475312430759,1.8227007201589998,20.96
7,0.55,0.3,0.18,13.0,0.6,75,1.8227007201589998,0.0,1.0229038658710168,15.70475312430759,1.8227007201589998,20.96
7,0.55,0.3,0.26,13.0,0.6,75,1.8227007201589998,0.0,1.0229038658710168,15.70475312430759,1.8227007201589998,20.96
11,0.55,0.3,0.05,13.0,0.6,75,1.8227007201589998,0.0,1.0229038658710168,15.70475312430759,1.8227007201589998,20.96
11,0.55,0.3,0.1,13.0,0.6,75,1.8227007201589998,0.0,1.0229038658710168,15.70475312430759,1.8227007201589998,20.96
11,0.55,0.3,0.18,13.0,0.6,75,1.8227007201589998,0.0,1.0229038658710168,15.70475312430759,1.8227007201589998,20.96
11,0.55,0.3,0.26,13.0,0.6,75,1.8227007201589998,0.0,1.0229038658710168,15.70475312430759,1.8227007201589998,20.96
15,0.55,0.3,0.05,13.0,0.6,75,1.8227007201589998,0.0,1.0229038658710168,15.70475312430759,1.8227007201589998,20.96
15,0.55,0.3,0.1,13.0,0.6,75,1.8227007201589998,0.0,1.0229038658710168,15.70475312430759,1.8227007201589998,20.96
15,0.55,0.3,0.18,13.0,0.6,75,1.8227007201589998,0.0,1.0229038658710168,15.70475312430759,1.8227007201589998,20.96
15,0.55,0.3,0.26,13.0,0.6,75,1.8227007201589998,0.0,1.0229038658710168,15.70475312430759,1.8227007201589998,20.96
7,0.45,0.3,0.05,18.0,2.0,75,1.8226756840364025,0.0,0.9963988513951981,17.544904335222707,1.8226756840364025,22.32
7,0.45,0.3,0.1,18.0,2.0,75,1.8226756840364025,0.0,0.9963988513951981,17.544904335222707,1.8226756840364025,22.32
7,0.45,0.3,0.18,18.0,2.0,75,1.8226756840364025,0.0,0.9963988513951981,17.544904335222707,1.8226756840364025,22.32
7,0.45,0.3,0.26,18.0,2.0,75,1.8226756840364025,0.0,0.9963988513951981,17.544904335222707,1.8226756840364025,22.32
11,0.45,0.3,0.05,18.0,2.0,75,1.8226756840364025,0.0,0.9963988513951981,17.544904335222707,1.8226756840364025,22.32
11,0.45,0.3,0.1,18.0,2.0,75,1.8226756840364025,0.0,0.9963988513951981,17.544904335222707,1.8226756840364025,22.32
11,0.45,0.3,0.18,18.0,2.0,75,1.8226756840364025,0.0,0.9963988513951981,17.544904335222707,1.8226756840364025,22.32
11,0.45,0.3,0.26,18.0,2.0,75,1.8226756840364025,0.0,0.9963988513951981,17.544904335222707,1.8226756840364025,22.32
15,0.45,0.3,0.05,18.0,2.0,75,1.8226756840364025,0.0,0.9963988513951981,17.544904335222707,1.8226756840364025,22.32
15,0.45,0.3,0.1,18.0,2.0,75,1.8226756840364025,0.0,0.9963988513951981,17.544904335222707,1.8226756840364025,22.32
15,0.45,0.3,0.18,18.0,2.0,75,1.8226756840364025,0.0,0.9963988513951981,17.544904335222707,1.8226756840364025,22.32
15,0.45,0.3,0.26,18.0,2.0,75,1.8226756840364025,0.0,0.9963988513951981,17.544904335222707,1.8226756840364025,22.32
7,0.45,0.3,0.05,18.0,2.0,35,1.8177976352559146,0.0,0.9939431472795109,17.544904335222707,1.8177976352559146,22.4
7,0.45,0.3,0.1,18.0,2.0,35,1.8177976352559146,0.0,0.9939431472795109,17.544904335222707,1.8177976352559146,22.4
7,0.45,0.3,0.18,18.0,2.0,35,1.8177976352559146,0.0,0.9939431472795109,17.544904335222707,1.8177976352559146,22.4
7,0.45,0.3,0.26,18.0,2.0,35,1.8177976352559146,0.0,0.9939431472795109,17.544904335222707,1.8177976352559146,22.4
11,0.45,0.3,0.05,18.0,2.0,35,1.8177976352559146,0.0,0.9939431472795109,17.544904335222707,1.8177976352559146,22.4
11,0.45,0.3,0.1,18.0,2.0,35,1.8177976352559146,0.0,0.9939431472795109,17.544904335222707,1.8177976352559146,22.4
11,0.45,0.3,0.18,18.0,2.0,35,1.8177976352559146,0.0,0.9939431472795109,17.544904335222707,1.8177976352559146,22.4
11,0.45,0.3,0.26,18.0,2.0,35,1.8177976352559146,0.0,0.9939431472795109,17.544904335222707,1.8177976352559146,22.4
15,0.45,0.3,0.05,18.0,2.0,35,1.8177976352559146,0.0,0.9939431472795109,17.544904335222707,1.8177976352559146,22.4
15,0.45,0.3,0.1,18.0,2.0,35,1.8177976352559146,0.0,0.9939431472795109,17.544904335222707,1.8177976352559146,22.4
15,0.45,0.3,0.18,18.0,2.0,35,1.8177976352559146,0.0,0.9939431472795109,17.544904335222707,1.8177976352559146,22.4
15,0.45,0.3,0.26,18.0,2.0,35,1.8177976352559146,0.0,0.9939431472795109,17.544904335222707,1.8177976352559146,22.4
7,0.55,0.3,0.05,13.0,0.6,35,1.8103930278513078,0.0,1.016224902147335,15.70475312430759,1.8103930278513078,21.08
7,0.55,0.3,0.1,13.0,0.6,35,1.8103930278513078,0.0,1.016224902147335,15.70475312430759,1.8103930278513078,21.08
7,0.55,0.3,0.18,13.0,0.6,35,1.8103930278513078,0.0,1.016224902147335,15.70475312430759,1.8103930278513078,21.08
7,0.55,0.3,0.26,13.0,0.6,35,1.8103930278513078,0.0,1.016224902147335,15.70475312430759,1.8103930278513078,21.08
11,0.55,0.3,0.05,13.0,0.6,35,1.8103930278513078,0.0,1.016224902147335,15.70475312430759,1.8103930278513078,21.08
11,0.55,0.3,0.1,13.0,0.6,35,1.8103930278513078,0.0,1.016224902147335,15.70475312430759,1.8103930278513078,21.08
11,0.55,0.3,0.18,13.0,0.6,35,1.8103930278513078,0.0,1.016224902147335,15.70475312430759,1.8103930278513078,21.08
11,0.55,0.3,0.26,13.0,0.6,35,1.8103930278513078,0.0,1.016224902147335,15.70475312430759,1.8103930278513078,21.08
15,0.55,0.3,0.05,13.0,0.6,35,1.8103930278513078,0.0,1.016224902147335,15.70475312430759,1.8103930278513078,21.08
15,0.55,0.3,0.1,13.0,0.6,35,1.8103930278513078,0.0,1.016224902147335,15.70475312430759,1.8103930278513078,21.08
15,0.55,0.3,0.18,13.0,0.6,35,1.8103930278513078,0.0,1.016224902147335,15.70475312430759,1.8103930278513078,21.08
15,0.55,0.3,0.26,13.0,0.6,35,1.8103930278513078,0.0,1.016224902147335,15.70475312430759,1.8103930278513078,21.08
7,0.55,0.42,0.05,24.0,1.2,35,1.8092530792221193,0.0,0.9886265488659572,13.211204822122252,1.8092530792221193,18.2
7,0.55,0.42,0.05,24.0,1.2,75,1.8092530792221193,0.0,0.9886265488659572,13.211204822122252,1.8092530792221193,18.2
7,0.55,0.42,0.1,24.0,1.2,75,1.8092530792221193,0.0,0.9886265488659572,13.211204822122252,1.8092530792221193,18.16
7,0.55,0.42,0.1,24.0,1.2,35,1.8092530792221193,0.0,0.9886265488659572,13.211204822122252,1.8092530792221193,18.16
7,0.55,0.42,0.18,24.0,1.2,35,1.8092530792221193,0.0,0.9886265488659572,13.211204822122252,1.8092530792221193,18.16
7,0.55,0.42,0.18,24.0,1.2,75,1.8092530792221193,0.0,0.9886265488659572,13.211204822122252,1.8092530792221193,18.16
7,0.55,0.42,0.26,24.0,1.2,75,1.8092530792221193,0.0,0.9886265488659572,13.211204822122252,1.8092530792221193,18.16
7,0.55,0.42,0.26,24.0,1.2,35,1.8092530792221193,0.0,0.9886265488659572,13.211204822122252,1.8092530792221193,18.16
11,0.55,0.42,0.05,24.0,1.2,35,1.8092530792221193,0.0,0.9886265488659572,13.211204822122252,1.8092530792221193,18.2
11,0.55,0.42,0.05,24.0,1.2,75,1.8092530792221193,0.0,0.9886265488659572,13.211204822122252,1.8092530792221193,18.2
11,0.55,0.42,0.1,24.0,1.2,35,1.8092530792221193,0.0,0.9886265488659572,13.211204822122252,1.8092530792221193,18.16
11,0.55,0.42,0.1,24.0,1.2,75,1.8092530792221193,0.0,0.9886265488659572,13.211204822122252,1.8092530792221193,18.16
11,0.55,0.42,0.18,24.0,1.2,35,1.8092530792221193,0.0,0.9886265488659572,13.211204822122252,1.8092530792221193,18.16
11,0.55,0.42,0.18,24.0,1.2,75,1.8092530792221193,0.0,0.9886265488659572,13.211204822122252,1.8092530792221193,18.16
11,0.55,0.42,0.26,24.0,1.2,75,1.8092530792221193,0.0,0.9886265488659572,13.211204822122252,1.8092530792221193,18.16
11,0.55,0.42,0.26,24.0,1.2,35,1.8092530792221193,0.0,0.9886265488659572,13.211204822122252,1.8092530792221193,18.16
15,0.55,0.42,0.05,24.0,1.2,75,1.8092530792221193,0.0,0.9886265488659572,13.211204822122252,1.8092530792221193,18.2
15,0.55,0.42,0.05,24.0,1.2,35,1.8092530792221193,0.0,0.9886265488659572,13.211204822122252,1.8092530792221193,18.2
15,0.55,0.42,0.1,24.0,1.2,35,1.8092530792221193,0.0,0.9886265488659572,13.211204822122252,1.8092530792221193,18.16
15,0.55,0.42,0.1,24.0,1.2,75,1.8092530792221193,0.0,0.9886265488659572,13.211204822122252,1.8092530792221193,18.16
15,0.55,0.42,0.18,24.0,1.2,35,1.8092530792221193,0.0,0.9886265488659572,13.211204822122252,1.8092530792221193,18.16
15,0.55,0.42,0.18,24.0,1.2,75,1.8092530792221193,0.0,0.9886265488659572,13.211204822122252,1.8092530792221193,18.16
15,0.55,0.42,0.26,24.0,1.2,75,1.8092530792221193,0.0,0.9886265488659572,13.211204822122252,1.8092530792221193,18.16
15,0.55,0.42,0.26,24.0,1.2,35,1.8092530792221193,0.0,0.9886265488659572,13.211204822122252,1.8092530792221193,18.16
7,0.35,0.3,0.05,18.0,1.2,75,1.8068305915091138,0.0,0.989271739013893,17.596451866196457,1.8068305915091138,25.56
7,0.35,0.3,0.1,18.0,1.2,75,1.8068305915091138,0.0,0.989271739013893,17.596451866196457,1.8068305915091138,25.56
7,0.35,0.3,0.18,18.0,1.2,75,1.8068305915091138,0.0,0.989271739013893,17.596451866196457,1.8068305915091138,25.56
7,0.35,0.3,0.26,18.0,1.2,75,1.8068305915091138,0.0,0.989271739013893,17.596451866196457,1.8068305915091138,25.56
11,0.35,0.3,0.05,18.0,1.2,75,1.8068305915091138,0.0,0.989271739013893,17.596451866196457,1.8068305915091138,25.56
11,0.35,0.3,0.1,18.0,1.2,75,1.8068305915091138,0.0,0.989271739013893,17.596451866196457,1.8068305915091138,25.56
11,0.35,0.3,0.18,18.0,1.2,75,1.8068305915091138,0.0,0.989271739013893,17.596451866196457,1.8068305915091138,25.56
11,0.35,0.3,0.26,18.0,1.2,75,1.8068305915091138,0.0,0.989271739013893,17.596451866196457,1.8068305915091138,25.56
15,0.35,0.3,0.05,18.0,1.2,75,1.8068305915091138,0.0,0.989271739013893,17.596451866196457,1.8068305915091138,25.56
15,0.35,0.3,0.1,18.0,1.2,75,1.8068305915091138,0.0,0.989271739013893,17.596451866196457,1.8068305915091138,25.56
15,0.35,0.3,0.18,18.0,1.2,75,1.8068305915091138,0.0,0.989271739013893,17.596451866196457,1.8068305915091138,25.56
15,0.35,0.3,0.26,18.0,1.2,75,1.8068305915091138,0.0,0.989271739013893,17.596451866196457,1.8068305915091138,25.56
7,0.25,0.42,0.05,24.0,1.2,75,1.8006335128286353,0.0,0.9625847231299837,15.036407665728444,1.8006335128286353,25.48
7,0.25,0.42,0.1,24.0,1.2,75,1.8006335128286353,0.0,0.9625847231299837,15.036407665728444,1.8006335128286353,25.44
7,0.25,0.42,0.18,24.0,1.2,75,1.8006335128286353,0.0,0.9625847231299837,15.036407665728444,1.8006335128286353,25.44
7,0.25,0.42,0.26,24.0,1.2,75,1.8006335128286353,0.0,0.9625847231299837,15.036407665728444,1.8006335128286353,25.44
11,0.25,0.42,0.05,24.0,1.2,75,1.8006335128286353,0.0,0.9625847231299837,15.036407665728444,1.8006335128286353,25.48
11,0.25,0.42,0.1,24.0,1.2,75,1.8006335128286353,0.0,0.9625847231299837,15.036407665728444,1.8006335128286353,25.44
11,0.25,0.42,0.18,24.0,1.2,75,1.8006335128286353,0.0,0.9625847231299837,15.036407665728444,1.8006335128286353,25.44
11,0.25,0.42,0.26,24.0,1.2,75,1.8006335128286353,0.0,0.9625847231299837,15.036407665728444,1.8006335128286353,25.44
15,0.25,0.42,0.05,24.0,1.2,75,1.8006335128286353,0.0,0.9625847231299837,15.036407665728444,1.8006335128286353,25.48
15,0.25,0.42,0.1,24.0,1.2,75,1.8006335128286353,0.0,0.9625847231299837,15.036407665728444,1.8006335128286353,25.44
15,0.25,0.42,0.18,24.0,1.2,75,1.8006335128286353,0.0,0.9625847231299837,15.036407665728444,1.8006335128286353,25.44
15,0.25,0.42,0.26,24.0,1.2,75,1.8006335128286353,0.0,0.9625847231299837,15.036407665728444,1.8006335128286353,25.44
7,0.35,0.3,0.05,18.0,1.2,35,1.7958795726237584,0.0,0.9828458446617666,17.596451866196457,1.7958795726237584,25.64
7,0.35,0.3,0.1,18.0,1.2,35,1.7958795726237584,0.0,0.9828458446617666,17.596451866196457,1.7958795726237584,25.64
7,0.35,0.3,0.18,18.0,1.2,35,1.7958795726237584,0.0,0.9828458446617666,17.596451866196457,1.7958795726237584,25.64
7,0.35,0.3,0.26,18.0,1.2,35,1.7958795726237584,0.0,0.9828458446617666,17.596451866196457,1.7958795726237584,25.64
11,0.35,0.3,0.05,18.0,1.2,35,1.7958795726237584,0.0,0.9828458446617666,17.596451866196457,1.7958795726237584,25.64
11,0.35,0.3,0.1,18.0,1.2,35,1.7958795726237584,0.0,0.9828458446617666,17.596451866196457,1.7958795726237584,25.64
11,0.35,0.3,0.18,18.0,1.2,35,1.7958795726237584,0.0,0.9828458446617666,17.596451866196457,1.7958795726237584,25.64
11,0.35,0.3,0.26,18.0,1.2,35,1.7958795726237584,0.0,0.9828458446617666,17.596451866196457,1.7958795726237584,25.64
15,0.35,0.3,0.05,18.0,1.2,35,1.7958795726237584,0.0,0.9828458446617666,17.596451866196457,1.7958795726237584,25.64
15,0.35,0.3,0.1,18.0,1.2,35,1.7958795726237584,0.0,0.9828458446617666,17.596451866196457,1.7958795726237584,25.64
15,0.35,0.3,0.18,18.0,1.2,35,1.7958795726237584,0.0,0.9828458446617666,17.596451866196457,1.7958795726237584,25.64
15,0.35,0.3,0.26,18.0,1.2,35,1.7958795726237584,0.0,0.9828458446617666,17.596451866196457,1.7958795726237584,25.64
7,0.25,0.42,0.05,24.0,1.2,35,1.7864639425615034,0.0,0.9552484203567138,15.036407665728444,1.7864639425615039,25.88
7,0.25,0.42,0.1,24.0,1.2,35,1.7864639425615034,0.0,0.9552484203567138,15.036407665728444,1.7864639425615039,25.84
7,0.25,0.42,0.18,24.0,1.2,35,1.7864639425615034,0.0,0.9552484203567138,15.036407665728444,1.7864639425615039,25.84
7,0.25,0.42,0.26,24.0,1.2,35,1.7864639425615034,0.0,0.9552484203567138,15.036407665728444,1.7864639425615039,25.84
11,0.25,0.42,0.05,24.0,1.2,35,1.7864639425615034,0.0,0.9552484203567138,15.036407665728444,1.7864639425615039,25.88
11,0.25,0.42,0.1,24.0,1.2,35,1.7864639425615034,0.0,0.9552484203567138,15.036407665728444,1.7864639425615039,25.84
11,0.25,0.42,0.18,24.0,1.2,35,1.7864639425615034,0.0,0.9552484203567138,15.036407665728444,1.7864639425615039,25.84
11,0.25,0.42,0.26,24.0,1.2,35,1.7864639425615034,0.0,0.9552484203567138,15.036407665728444,1.7864639425615039,25.84
15,0.25,0.42,0.05,24.0,1.2,35,1.7864639425615034,0.0,0.9552484203567138,15.036407665728444,1.7864639425615039,25.88
15,0.25,0.42,0.1,24.0,1.2,35,1.7864639425615034,0.0,0.9552484203567138,15.036407665728444,1.7864639425615039,25.84
15,0.25,0.42,0.18,24.0,1.2,35,1.7864639425615034,0.0,0.9552484203567138,15.036407665728444,1.7864639425615039,25.84
15,0.25,0.42,0.26,24.0,1.2,35,1.7864639425615034,0.0,0.9552484203567138,15.036407665728444,1.7864639425615039,25.84
7,0.45,0.42,0.05,13.0,1.2,35,1.784747259529664,0.0,0.945730326259864,14.876910884685035,1.784747259529664,24.2
7,0.45,0.42,0.05,13.0,1.2,75,1.784747259529664,0.0,0.945730326259864,14.876910884685035,1.784747259529664,24.08
7,0.45,0.42,0.1,13.0,1.2,75,1.784747259529664,0.0,0.945730326259864,14.876910884685035,1.784747259529664,24.08
7,0.45,0.42,0.1,13.0,1.2,35,1.784747259529664,0.0,0.945730326259864,14.876910884685035,1.784747259529664,24.2
7,0.45,0.42,0.18,13.0,1.2,35,1.784747259529664,0.0,0.945730326259864,14.876910884685035,1.784747259529664,24.2
7,0.45,0.42,0.18,13.0,1.2,75,1.784747259529664,0.0,0.945730326259864,14.876910884685035,1.784747259529664,24.08
7,0.45,0.42,0.26,13.0,1.2,75,1.784747259529664,0.0,0.945730326259864,14.876910884685035,1.784747259529664,24.08
7,0.45,0.42,0.26,13.0,1.2,35,1.784747259529664,0.0,0.945730326259864,14.876910884685035,1.784747259529664,24.2
11,0.45,0.42,0.05,13.0,1.2,35,1.784747259529664,0.0,0.945730326259864,14.876910884685035,1.784747259529664,24.2
11,0.45,0.42,0.05,13.0,1.2,75,1.784747259529664,0.0,0.945730326259864,14.876910884685035,1.784747259529664,24.08
11,0.45,0.42,0.1,13.0,1.2,75,1.784747259529664,0.0,0.945730326259864,14.876910884685035,1.784747259529664,24.08
11,0.45,0.42,0.1,13.0,1.2,35,1.784747259529664,0.0,0.945730326259864,14.876910884685035,1.784747259529664,24.2
11,0.45,0.42,0.18,13.0,1.2,35,1.784747259529664,0.0,0.945730326259864,14.876910884685035,1.784747259529664,24.2
11,0.45,0.42,0.18,13.0,1.2,75,1.784747259529664,0.0,0.945730326259864,14.876910884685035,1.784747259529664,24.08
11,0.45,0.42,0.26,13.0,1.2,35,1.784747259529664,0.0,0.945730326259864,14.876910884685035,1.784747259529664,24.2
11,0.45,0.42,0.26,13.0,1.2,75,1.784747259529664,0.0,0.945730326259864,14.876910884685035,1.784747259529664,24.08
15,0.45,0.42,0.05,13.0,1.2,35,1.784747259529664,0.0,0.945730326259864,14.876910884685035,1.784747259529664,24.2
15,0.45,0.42,0.05,13.0,1.2,75,1.784747259529664,0.0,0.945730326259864,14.876910884685035,1.784747259529664,24.08
15,0.45,0.42,0.1,13.0,1.2,35,1.784747259529664,0.0,0.945730326259864,14.876910884685035,1.784747259529664,24.2
15,0.45,0.42,0.1,13.0,1.2,75,1.784747259529664,0.0,0.945730326259864,14.876910884685035,1.784747259529664,24.08
15,0.45,0.42,0.18,13.0,1.2,35,1.784747259529664,0.0,0.945730326259864,14.876910884685035,1.784747259529664,24.2
15,0.45,0.42,0.18,13.0,1.2,75,1.784747259529664,0.0,0.945730326259864,14.876910884685035,1.784747259529664,24.08
15,0.45,0.42,0.26,13.0,1.2,35,1.784747259529664,0.0,0.945730326259864,14.876910884685035,1.784747259529664,24.2
15,0.45,0.42,0.26,13.0,1.2,75,1.784747259529664,0.0,0.945730326259864,14.876910884685035,1.784747259529664,24.08
7,0.55,0.3,0.05,18.0,2.0,35,1.7299411503586075,0.0,0.9689603991397631,15.78053393018525,1.7299411503586075,19.44
7,0.55,0.3,0.05,18.0,2.0,75,1.7299411503586075,0.0,0.9689603991397631,15.78053393018525,1.7299411503586075,19.44
7,0.55,0.3,0.1,18.0,2.0,75,1.7299411503586075,0.0,0.9689603991397631,15.78053393018525,1.7299411503586075,19.44
7,0.55,0.3,0.1,18.0,2.0,35,1.7299411503586075,0.0,0.9689603991397631,15.78053393018525,1.7299411503586075,19.44
7,0.55,0.3,0.18,18.0,2.0,75,1.7299411503586075,0.0,0.9689603991397631,15.78053393018525,1.7299411503586075,19.44
7,0.55,0.3,0.18,18.0,2.0,35,1.7299411503586075,0.0,0.9689603991397631,15.78053393018525,1.7299411503586075,19.44
7,0.55,0.3,0.26,18.0,2.0,35,1.7299411503586075,0.0,0.9689603991397631,15.78053393018525,1.7299411503586075,19.44
7,0.55,0.3,0.26,18.0,2.0,75,1.7299411503586075,0.0,0.9689603991397631,15.78053393018525,1.7299411503586075,19.44
11,0.55,0.3,0.05,18.0,2.0,75,1.7299411503586075,0.0,0.9689603991397631,15.78053393018525,1.7299411503586075,19.44
11,0.55,0.3,0.05,18.0,2.0,35,1.7299411503586075,0.0,0.9689603991397631,15.78053393018525,1.7299411503586075,19.44
11,0.55,0.3,0.1,18.0,2.0,75,1.7299411503586075,0.0,0.9689603991397631,15.78053393018525,1.7299411503586075,19.44
11,0.55,0.3,0.1,18.0,2.0,35,1.7299411503586075,0.0,0.9689603991397631,15.78053393018525,1.7299411503586075,19.44
11,0.55,0.3,0.18,18.0,2.0,35,1.7299411503586075,0.0,0.9689603991397631,15.78053393018525,1.7299411503586075,19.44
11,0.55,0.3,0.18,18.0,2.0,75,1.7299411503586075,0.0,0.9689603991397631,15.78053393018525,1.7299411503586075,19.44
11,0.55,0.3,0.26,18.0,2.0,75,1.7299411503586075,0.0,0.9689603991397631,15.78053393018525,1.7299411503586075,19.44
11,0.55,0.3,0.26,18.0,2.0,35,1.7299411503586075,0.0,0.9689603991397631,15.78053393018525,1.7299411503586075,19.44
15,0.55,0.3,0.05,18.0,2.0,75,1.7299411503586075,0.0,0.9689603991397631,15.78053393018525,1.7299411503586075,19.44
15,0.55,0.3,0.05,18.0,2.0,35,1.7299411503586075,0.0,0.9689603991397631,15.78053393018525,1.7299411503586075,19.44
15,0.55,0.3,0.1,18.0,2.0,75,1.7299411503586075,0.0,0.9689603991397631,15.78053393018525,1.7299411503586075,19.44
15,0.55,0.3,0.1,18.0,2.0,35,1.7299411503586075,0.0,0.9689603991397631,15.78053393018525,1.7299411503586075,19.44
15,0.55,0.3,0.18,18.0,2.0,35,1.7299411503586075,0.0,0.9689603991397631,15.78053393018525,1.7299411503586075,19.44
15,0.55,0.3,0.18,18.0,2.0,75,1.7299411503586075,0.0,0.9689603991397631,15.78053393018525,1.7299411503586075,19.44
15,0.55,0.3,0.26,18.0,2.0,35,1.7299411503586075,0.0,0.9689603991397631,15.78053393018525,1.7299411503586075,19.44
15,0.55,0.3,0.26,18.0,2.0,75,1.7299411503586075,0.0,0.9689603991397631,15.78053393018525,1.7299411503586075,19.44
7,0.25,0.42,0.05,18.0,1.2,75,1.7071934980847918,0.0,0.9109057249877905,14.996261233278533,1.7071934980847918,27.84
7,0.25,0.42,0.1,18.0,1.2,75,1.7071934980847918,0.0,0.9109057249877905,14.996261233278533,1.7071934980847918,27.84
7,0.25,0.42,0.18,18.0,1.2,75,1.7071934980847918,0.0,0.9109057249877905,14.996261233278533,1.7071934980847918,27.84
7,0.25,0.42,0.26,18.0,1.2,75,1.7071934980847918,0.0,0.9109057249877905,14.996261233278533,1.7071934980847918,27.84
11,0.25,0.42,0.05,18.0,1.2,75,1.7071934980847918,0.0,0.9109057249877905,14.996261233278533,1.7071934980847918,27.84
11,0.25,0.42,0.1,18.0,1.2,75,1.7071934980847918,0.0,0.9109057249877905,14.996261233278533,1.7071934980847918,27.84
11,0.25,0.42,0.18,18.0,1.2,75,1.7071934980847918,0.0,0.9109057249877905,14.996261233278533,1.7071934980847918,27.84
11,0.25,0.42,0.26,18.0,1.2,75,1.7071934980847918,0.0,0.9109057249877905,14.996261233278533,1.7071934980847918,27.84
15,0.25,0.42,0.05,18.0,1.2,75,1.7071934980847918,0.0,0.9109057249877905,14.996261233278533,1.7071934980847918,27.84
15,0.25,0.42,0.1,18.0,1.2,75,1.7071934980847918,0.0,0.9109057249877905,14.996261233278533,1.7071934980847918,27.84
15,0.25,0.42,0.18,18.0,1.2,75,1.7071934980847918,0.0,0.9109057249877905,14.996261233278533,1.7071934980847918,27.84
15,0.25,0.42,0.26,18.0,1.2,75,1.7071934980847918,0.0,0.9109057249877905,14.996261233278533,1.7071934980847918,27.84
7,0.35,0.42,0.05,24.0,1.2,75,1.6989412129731103,0.0,0.897828634577068,14.803550169871507,1.6989412129731103,23.4
7,0.35,0.42,0.1,24.0,1.2,75,1.6989412129731103,0.0,0.897828634577068,14.803550169871507,1.6989412129731103,23.36
7,0.35,0.42,0.18,24.0,1.2,75,1.6989412129731103,0.0,0.897828634577068,14.803550169871507,1.6989412129731103,23.36
7,0.35,0.42,0.26,24.0,1.2,75,1.6989412129731103,0.0,0.897828634577068,14.803550169871507,1.6989412129731103,23.36
11,0.35,0.42,0.05,24.0,1.2,75,1.6989412129731103,0.0,0.897828634577068,14.803550169871507,1.6989412129731103,23.4
11,0.35,0.42,0.1,24.0,1.2,75,1.6989412129731103,0.0,0.897828634577068,14.803550169871507,1.6989412129731103,23.36
11,0.35,0.42,0.18,24.0,1.2,75,1.6989412129731103,0.0,0.897828634577068,14.803550169871507,1.6989412129731103,23.36
11,0.35,0.42,0.26,24.0,1.2,75,1.6989412129731103,0.0,0.897828634577068,14.803550169871507,1.6989412129731103,23.36
15,0.35,0.42,0.05,24.0,1.2,75,1.6989412129731103,0.0,0.897828634577068,14.803550169871507,1.6989412129731103,23.4
15,0.35,0.42,0.1,24.0,1.2,75,1.6989412129731103,0.0,0.897828634577068,14.803550169871507,1.6989412129731103,23.36
15,0.35,0.42,0.18,24.0,1.2,75,1.6989412129731103,0.0,0.897828634577068,14.803550169871507,1.6989412129731103,23.36
15,0.35,0.42,0.26,24.0,1.2,75,1.6989412129731103,0.0,0.897828634577068,14.803550169871507,1.6989412129731103,23.36
7,0.25,0.42,0.05,18.0,1.2,35,1.6948843601942585,0.0,0.9045108844498186,14.996261233278533,1.6948843601942585,28.28
7,0.25,0.42,0.1,18.0,1.2,35,1.6948843601942585,0.0,0.9045108844498186,14.996261233278533,1.6948843601942585,28.24
7,0.25,0.42,0.18,18.0,1.2,35,1.6948843601942585,0.0,0.9045108844498186,14.996261233278533,1.6948843601942585,28.24
7,0.25,0.42,0.26,18.0,1.2,35,1.6948843601942585,0.0,0.9045108844498186,14.996261233278533,1.6948843601942585,28.24
11,0.25,0.42,0.05,18.0,1.2,35,1.6948843601942585,0.0,0.9045108844498186,14.996261233278533,1.6948843601942585,28.28
11,0.25,0.42,0.1,18.0,1.2,35,1.6948843601942585,0.0,0.9045108844498186,14.996261233278533,1.6948843601942585,28.24
11,0.25,0.42,0.18,18.0,1.2,35,1.6948843601942585,0.0,0.9045108844498186,14.996261233278533,1.6948843601942585,28.24
11,0.25,0.42,0.26,18.0,1.2,35,1.6948843601942585,0.0,0.9045108844498186,14.996261233278533,1.6948843601942585,28.24
15,0.25,0.42,0.05,18.0,1.2,35,1.6948843601942585,0.0,0.9045108844498186,14.996261233278533,1.6948843601942585,28.28
15,0.25,0.42,0.1,18.0,1.2,35,1.6948843601942585,0.0,0.9045108844498186,14.996261233278533,1.6948843601942585,28.24
15,0.25,0.42,0.18,18.0,1.2,35,1.6948843601942585,0.0,0.9045108844498186,14.996261233278533,1.6948843601942585,28.24
15,0.25,0.42,0.26,18.0,1.2,35,1.6948843601942585,0.0,0.9045108844498186,14.996261233278533,1.6948843601942585,28.24
7,0.35,0.42,0.05,24.0,1.2,35,1.6940631641926225,0.0,0.8953706878092204,14.803550169871507,1.6940631641926225,23.56
7,0.35,0.42,0.1,24.0,1.2,35,1.6940631641926225,0.0,0.8953706878092204,14.803550169871507,1.6940631641926225,23.52
7,0.35,0.42,0.18,24.0,1.2,35,1.6940631641926225,0.0,0.8953706878092204,14.803550169871507,1.6940631641926225,23.52
7,0.35,0.42,0.26,24.0,1.2,35,1.6940631641926225,0.0,0.8953706878092204,14.803550169871507,1.6940631641926225,23.52
11,0.35,0.42,0.05,24.0,1.2,35,1.6940631641926225,0.0,0.8953706878092204,14.803550169871507,1.6940631641926225,23.56
11,0.35,0.42,0.1,24.0,1.2,35,1.6940631641926225,0.0,0.8953706878092204,14.803550169871507,1.6940631641926225,23.52
11,0.35,0.42,0.18,24.0,1.2,35,1.6940631641926225,0.0,0.8953706878092204,14.803550169871507,1.6940631641926225,23.52
11,0.35,0.42,0.26,24.0,1.2,35,1.6940631641926225,0.0,0.8953706878092204,14.803550169871507,1.6940631641926225,23.52
15,0.35,0.42,0.05,24.0,1.2,35,1.6940631641926225,0.0,0.8953706878092204,14.803550169871507,1.6940631641926225,23.56
15,0.35,0.42,0.1,24.0,1.2,35,1.6940631641926225,0.0,0.8953706878092204,14.803550169871507,1.6940631641926225,23.52
15,0.35,0.42,0.18,24.0,1.2,35,1.6940631641926225,0.0,0.8953706878092204,14.803550169871507,1.6940631641926225,23.52
15,0.35,0.42,0.26,24.0,1.2,35,1.6940631641926225,0.0,0.8953706878092204,14.803550169871507,1.6940631641926225,23.52
7,0.55,0.3,0.05,18.0,0.6,75,1.6852099675629089,0.0,0.9523870455191717,15.847616941876097,1.6852099675629086,19.36
7,0.55,0.3,0.1,18.0,0.6,75,1.6852099675629089,0.0,0.9523870455191717,15.847616941876097,1.6852099675629086,19.36
7,0.55,0.3,0.18,18.0,0.6,75,1.6852099675629089,0.0,0.9523870455191717,15.847616941876097,1.6852099675629086,19.36
7,0.55,0.3,0.26,18.0,0.6,75,1.6852099675629089,0.0,0.9523870455191717,15.847616941876097,1.6852099675629086,19.36
11,0.55,0.3,0.05,18.0,0.6,75,1.6852099675629089,0.0,0.9523870455191717,15.847616941876097,1.6852099675629086,19.36
11,0.55,0.3,0.1,18.0,0.6,75,1.6852099675629089,0.0,0.9523870455191717,15.847616941876097,1.6852099675629086,19.36
11,0.55,0.3,0.18,18.0,0.6,75,1.6852099675629089,0.0,0.9523870455191717,15.847616941876097,1.6852099675629086,19.36
11,0.55,0.3,0.26,18.0,0.6,75,1.6852099675629089,0.0,0.9523870455191717,15.847616941876097,1.6852099675629086,19.36
15,0.55,0.3,0.05,18.0,0.6,75,1.6852099675629089,0.0,0.9523870455191717,15.847616941876097,1.6852099675629086,19.36
15,0.55,0.3,0.1,18.0,0.6,75,1.6852099675629089,0.0,0.9523870455191717,15.847616941876097,1.6852099675629086,19.36
15,0.55,0.3,0.18,18.0,0.6,75,1.6852099675629089,0.0,0.9523870455191717,15.847616941876097,1.6852099675629086,19.36
15,0.55,0.3,0.26,18.0,0.6,75,1.6852099675629089,0.0,0.9523870455191717,15.847616941876097,1.6852099675629086,19.36
7,0.55,0.3,0.05,18.0,0.6,35,1.6718766342295754,0.0,0.9451515014851833,15.847616941876097,1.6718766342295754,19.44
7,0.55,0.3,0.1,18.0,0.6,35,1.6718766342295754,0.0,0.9451515014851833,15.847616941876097,1.6718766342295754,19.44
7,0.55,0.3,0.18,18.0,0.6,35,1.6718766342295754,0.0,0.9451515014851833,15.847616941876097,1.6718766342295754,19.44
7,0.55,0.3,0.26,18.0,0.6,35,1.6718766342295754,0.0,0.9451515014851833,15.847616941876097,1.6718766342295754,19.44
11,0.55,0.3,0.05,18.0,0.6,35,1.6718766342295754,0.0,0.9451515014851833,15.847616941876097,1.6718766342295754,19.44
11,0.55,0.3,0.1,18.0,0.6,35,1.6718766342295754,0.0,0.9451515014851833,15.847616941876097,1.6718766342295754,19.44
11,0.55,0.3,0.18,18.0,0.6,35,1.6718766342295754,0.0,0.9451515014851833,15.847616941876097,1.6718766342295754,19.44
11,0.55,0.3,0.26,18.0,0.6,35,1.6718766342295754,0.0,0.9451515014851833,15.847616941876097,1.6718766342295754,19.44
15,0.55,0.3,0.05,18.0,0.6,35,1.6718766342295754,0.0,0.9451515014851833,15.847616941876097,1.6718766342295754,19.44
15,0.55,0.3,0.1,18.0,0.6,35,1.6718766342295754,0.0,0.9451515014851833,15.847616941876097,1.6718766342295754,19.44
15,0.55,0.3,0.18,18.0,0.6,35,1.6718766342295754,0.0,0.9451515014851833,15.847616941876097,1.6718766342295754,19.44
15,0.55,0.3,0.26,18.0,0.6,35,1.6718766342295754,0.0,0.9451515014851833,15.847616941876097,1.6718766342295754,19.44
7,0.25,0.3,0.1,18.0,2.0,75,1.6479734735548688,0.0,0.898969102240707,19.686823620713863,1.6479734735548688,28.44
7,0.25,0.3,0.18,18.0,2.0,75,1.6479734735548688,0.0,0.898969102240707,19.686823620713863,1.6479734735548688,28.44
7,0.25,0.3,0.26,18.0,2.0,75,1.6479734735548688,0.0,0.898969102240707,19.686823620713863,1.6479734735548688,28.44
11,0.25,0.3,0.1,18.0,2.0,75,1.6479734735548688,0.0,0.898969102240707,19.686823620713863,1.6479734735548688,28.44
11,0.25,0.3,0.18,18.0,2.0,75,1.6479734735548688,0.0,0.898969102240707,19.686823620713863,1.6479734735548688,28.44
11,0.25,0.3,0.26,18.0,2.0,75,1.6479734735548688,0.0,0.898969102240707,19.686823620713863,1.6479734735548688,28.44
15,0.25,0.3,0.1,18.0,2.0,75,1.6479734735548688,0.0,0.898969102240707,19.686823620713863,1.6479734735548688,28.44
15,0.25,0.3,0.18,18.0,2.0,75,1.6479734735548688,0.0,0.898969102240707,19.686823620713863,1.6479734735548688,28.44
15,0.25,0.3,0.26,18.0,2.0,75,1.6479734735548688,0.0,0.898969102240707,19.686823620713863,1.6479734735548688,28.44
7,0.25,0.3,0.05,18.0,2.0,75,1.64507071593513,0.0,0.8975123803742024,19.686823620713863,1.64507071593513,28.48
11,0.25,0.3,0.05,18.0,2.0,75,1.64507071593513,0.0,0.8975123803742024,19.686823620713863,1.64507071593513,28.48
15,0.25,0.3,0.05,18.0,2.0,75,1.64507071593513,0.0,0.8975123803742024,19.686823620713863,1.64507071593513,28.48
7,0.55,0.42,0.05,13.0,1.2,75,1.6410111023718212,0.0,0.8747559341364427,12.83551652407878,1.6410111023718212,21.08
7,0.55,0.42,0.05,13.0,1.2,35,1.6410111023718212,0.0,0.8747559341364427,12.83551652407878,1.6410111023718212,21.08
7,0.55,0.42,0.1,13.0,1.2,35,1.6410111023718212,0.0,0.8747559341364427,12.83551652407878,1.6410111023718212,21.08
7,0.55,0.42,0.1,13.0,1.2,75,1.6410111023718212,0.0,0.8747559341364427,12.83551652407878,1.6410111023718212,21.08
7,0.55,0.42,0.18,13.0,1.2,35,1.6410111023718212,0.0,0.8747559341364427,12.83551652407878,1.6410111023718212,21.08
7,0.55,0.42,0.18,13.0,1.2,75,1.6410111023718212,0.0,0.8747559341364427,12.83551652407878,1.6410111023718212,21.08
7,0.55,0.42,0.26,13.0,1.2,35,1.6410111023718212,0.0,0.8747559341364427,12.83551652407878,1.6410111023718212,21.08
7,0.55,0.42,0.26,13.0,1.2,75,1.6410111023718212,0.0,0.8747559341364427,12.83551652407878,1.6410111023718212,21.08
11,0.55,0.42,0.05,13.0,1.2,75,1.6410111023718212,0.0,0.8747559341364427,12.83551652407878,1.6410111023718212,21.08
11,0.55,0.42,0.05,13.0,1.2,35,1.6410111023718212,0.0,0.8747559341364427,12.83551652407878,1.6410111023718212,21.08
11,0.55,0.42,0.1,13.0,1.2,75,1.6410111023718212,0.0,0.8747559341364427,12.83551652407878,1.6410111023718212,21.08
11,0.55,0.42,0.1,13.0,1.2,35,1.6410111023718212,0.0,0.8747559341364427,12.83551652407878,1.6410111023718212,21.08
11,0.55,0.42,0.18,13.0,1.2,35,1.6410111023718212,0.0,0.8747559341364427,12.83551652407878,1.6410111023718212,21.08
11,0.55,0.42,0.18,13.0,1.2,75,1.6410111023718212,0.0,0.8747559341364427,12.83551652407878,1.6410111023718212,21.08
11,0.55,0.42,0.26,13.0,1.2,35,1.6410111023718212,0.0,0.8747559341364427,12.83551652407878,1.6410111023718212,21.08
11,0.55,0.42,0.26,13.0,1.2,75,1.6410111023718212,0.0,0.8747559341364427,12.83551652407878,1.6410111023718212,21.08
15,0.55,0.42,0.05,13.0,1.2,35,1.6410111023718212,0.0,0.8747559341364427,12.83551652407878,1.6410111023718212,21.08
15,0.55,0.42,0.05,13.0,1.2,75,1.6410111023718212,0.0,0.8747559341364427,12.83551652407878,1.6410111023718212,21.08
15,0.55,0.42,0.1,13.0,1.2,75,1.6410111023718212,0.0,0.8747559341364427,12.83551652407878,1.6410111023718212,21.08
15,0.55,0.42,0.1,13.0,1.2,35,1.6410111023718212,0.0,0.8747559341364427,12.83551652407878,1.6410111023718212,21.08
15,0.55,0.42,0.18,13.0,1.2,35,1.6410111023718212,0.0,0.8747559341364427,12.83551652407878,1.6410111023718212,21.08
15,0.55,0.42,0.18,13.0,1.2,75,1.6410111023718212,0.0,0.8747559341364427,12.83551652407878,1.6410111023718212,21.08
15,0.55,0.42,0.26,13.0,1.2,75,1.6410111023718212,0.0,0.8747559341364427,12.83551652407878,1.6410111023718212,21.08
15,0.55,0.42,0.26,13.0,1.2,35,1.6410111023718212,0.0,0.8747559341364427,12.83551652407878,1.6410111023718212,21.08
7,0.45,0.42,0.05,18.0,1.2,75,1.6374516759021782,0.0,0.8689371895680642,12.775385477953932,1.6374516759021782,22.24
7,0.45,0.42,0.1,18.0,1.2,75,1.6374516759021782,0.0,0.8689371895680642,12.775385477953932,1.6374516759021782,22.24
7,0.45,0.42,0.18,18.0,1.2,75,1.6374516759021782,0.0,0.8689371895680642,12.775385477953932,1.6374516759021782,22.24
7,0.45,0.42,0.26,18.0,1.2,75,1.6374516759021782,0.0,0.8689371895680642,12.775385477953932,1.6374516759021782,22.24
11,0.45,0.42,0.05,18.0,1.2,75,1.6374516759021782,0.0,0.8689371895680642,12.775385477953932,1.6374516759021782,22.24
11,0.45,0.42,0.1,18.0,1.2,75,1.6374516759021782,0.0,0.8689371895680642,12.775385477953932,1.6374516759021782,22.24
11,0.45,0.42,0.18,18.0,1.2,75,1.6374516759021782,0.0,0.8689371895680642,12.775385477953932,1.6374516759021782,22.24
11,0.45,0.42,0.26,18.0,1.2,75,1.6374516759021782,0.0,0.8689371895680642,12.775385477953932,1.6374516759021782,22.24
15,0.45,0.42,0.05,18.0,1.2,75,1.6374516759021782,0.0,0.8689371895680642,12.775385477953932,1.6374516759021782,22.24
15,0.45,0.42,0.1,18.0,1.2,75,1.6374516759021782,0.0,0.8689371895680642,12.775385477953932,1.6374516759021782,22.24
15,0.45,0.42,0.18,18.0,1.2,75,1.6374516759021782,0.0,0.8689371895680642,12.775385477953932,1.6374516759021782,22.24
15,0.45,0.42,0.26,18.0,1.2,75,1.6374516759021782,0.0,0.8689371895680642,12.775385477953932,1.6374516759021782,22.24
7,0.45,0.42,0.05,18.0,1.2,35,1.626071875048693,0.0,0.8629877188666972,12.775385477953932,1.626071875048693,22.36
7,0.45,0.42,0.1,18.0,1.2,35,1.626071875048693,0.0,0.8629877188666972,12.775385477953932,1.626071875048693,22.36
7,0.45,0.42,0.18,18.0,1.2,35,1.626071875048693,0.0,0.8629877188666972,12.775385477953932,1.626071875048693,22.36
7,0.45,0.42,0.26,18.0,1.2,35,1.626071875048693,0.0,0.8629877188666972,12.775385477953932,1.626071875048693,22.36
11,0.45,0.42,0.05,18.0,1.2,35,1.626071875048693,0.0,0.8629877188666972,12.775385477953932,1.626071875048693,22.36
11,0.45,0.42,0.1,18.0,1.2,35,1.626071875048693,0.0,0.8629877188666972,12.775385477953932,1.626071875048693,22.36
11,0.45,0.42,0.18,18.0,1.2,35,1.626071875048693,0.0,0.8629877188666972,12.775385477953932,1.626071875048693,22.36
11,0.45,0.42,0.26,18.0,1.2,35,1.626071875048693,0.0,0.8629877188666972,12.775385477953932,1.626071875048693,22.36
15,0.45,0.42,0.05,18.0,1.2,35,1.626071875048693,0.0,0.8629877188666972,12.775385477953932,1.626071875048693,22.36
15,0.45,0.42,0.1,18.0,1.2,35,1.626071875048693,0.0,0.8629877188666972,12.775385477953932,1.626071875048693,22.36
15,0.45,0.42,0.18,18.0,1.2,35,1.626071875048693,0.0,0.8629877188666972,12.775385477953932,1.626071875048693,22.36
15,0.45,0.42,0.26,18.0,1.2,35,1.626071875048693,0.0,0.8629877188666972,12.775385477953932,1.626071875048693,22.36
7,0.25,0.3,0.1,18.0,2.0,35,1.6224167885091982,0.0,0.8853243594984797,19.686823620713863,1.6224167885091982,28.92
7,0.25,0.3,0.18,18.0,2.0,35,1.6224167885091982,0.0,0.8853243594984797,19.686823620713863,1.6224167885091982,28.92
7,0.25,0.3,0.26,18.0,2.0,35,1.6224167885091982,0.0,0.8853243594984797,19.686823620713863,1.6224167885091982,28.92
11,0.25,0.3,0.1,18.0,2.0,35,1.6224167885091982,0.0,0.8853243594984797,19.686823620713863,1.6224167885091982,28.92
11,0.25,0.3,0.18,18.0,2.0,35,1.6224167885091982,0.0,0.8853243594984797,19.686823620713863,1.6224167885091982,28.92
11,0.25,0.3,0.26,18.0,2.0,35,1.6224167885091982,0.0,0.8853243594984797,19.686823620713863,1.6224167885091982,28.92
15,0.25,0.3,0.1,18.0,2.0,35,1.6224167885091982,0.0,0.8853243594984797,19.686823620713863,1.6224167885091982,28.92
15,0.25,0.3,0.18,18.0,2.0,35,1.6224167885091982,0.0,0.8853243594984797,19.686823620713863,1.6224167885091982,28.92
15,0.25,0.3,0.26,18.0,2.0,35,1.6224167885091982,0.0,0.8853243594984797,19.686823620713863,1.6224167885091982,28.92
7,0.25,0.3,0.05,18.0,2.0,35,1.619621540430931,0.0,0.8839215902936972,19.686823620713863,1.619621540430931,28.96
11,0.25,0.3,0.05,18.0,2.0,35,1.619621540430931,0.0,0.8839215902936972,19.686823620713863,1.619621540430931,28.96
15,0.25,0.3,0.05,18.0,2.0,35,1.619621540430931,0.0,0.8839215902936972,19.686823620713863,1.619621540430931,28.96
7,0.25,0.42,0.05,13.0,1.2,75,1.5687647884894445,0.0,0.8315772882634154,14.854476563500004,1.5687647884894445,30.8
7,0.25,0.42,0.1,13.0,1.2,75,1.5687647884894445,0.0,0.8315772882634154,14.854476563500004,1.5687647884894445,30.8
7,0.25,0.42,0.18,13.0,1.2,75,1.5687647884894445,0.0,0.8315772882634154,14.854476563500004,1.5687647884894445,30.8
7,0.25,0.42,0.26,13.0,1.2,75,1.5687647884894445,0.0,0.8315772882634154,14.854476563500004,1.5687647884894445,30.8
11,0.25,0.42,0.05,13.0,1.2,75,1.5687647884894445,0.0,0.8315772882634154,14.854476563500004,1.5687647884894445,30.8
11,0.25,0.42,0.1,13.0,1.2,75,1.5687647884894445,0.0,0.8315772882634154,14.854476563500004,1.5687647884894445,30.8
11,0.25,0.42,0.18,13.0,1.2,75,1.5687647884894445,0.0,0.8315772882634154,14.854476563500004,1.5687647884894445,30.8
11,0.25,0.42,0.26,13.0,1.2,75,1.5687647884894445,0.0,0.8315772882634154,14.854476563500004,1.5687647884894445,30.8
15,0.25,0.42,0.05,13.0,1.2,75,1.5687647884894445,0.0,0.8315772882634154,14.854476563500004,1.5687647884894445,30.8
15,0.25,0.42,0.1,13.0,1.2,75,1.5687647884894445,0.0,0.8315772882634154,14.854476563500004,1.5687647884894445,30.8
15,0.25,0.42,0.18,13.0,1.2,75,1.5687647884894445,0.0,0.8315772882634154,14.854476563500004,1.5687647884894445,30.8
15,0.25,0.42,0.26,13.0,1.2,75,1.5687647884894445,0.0,0.8315772882634154,14.854476563500004,1.5687647884894445,30.8
7,0.45,0.3,0.05,18.0,0.6,75,1.563733181191461,0.0,0.8828529665113999,15.864126803016267,1.563733181191461,22.2
7,0.45,0.3,0.1,18.0,0.6,75,1.563733181191461,0.0,0.8828529665113999,15.864126803016267,1.563733181191461,22.2
7,0.45,0.3,0.18,18.0,0.6,75,1.563733181191461,0.0,0.8828529665113999,15.864126803016267,1.563733181191461,22.2
7,0.45,0.3,0.26,18.0,0.6,75,1.563733181191461,0.0,0.8828529665113999,15.864126803016267,1.563733181191461,22.2
11,0.45,0.3,0.05,18.0,0.6,75,1.563733181191461,0.0,0.8828529665113999,15.864126803016267,1.563733181191461,22.2
11,0.45,0.3,0.1,18.0,0.6,75,1.563733181191461,0.0,0.8828529665113999,15.864126803016267,1.563733181191461,22.2
11,0.45,0.3,0.18,18.0,0.6,75,1.563733181191461,0.0,0.8828529665113999,15.864126803016267,1.563733181191461,22.2
11,0.45,0.3,0.26,18.0,0.6,75,1.563733181191461,0.0,0.8828529665113999,15.864126803016267,1.563733181191461,22.2
15,0.45,0.3,0.05,18.0,0.6,75,1.563733181191461,0.0,0.8828529665113999,15.864126803016267,1.563733181191461,22.2
15,0.45,0.3,0.1,18.0,0.6,75,1.563733181191461,0.0,0.8828529665113999,15.864126803016267,1.563733181191461,22.2
15,0.45,0.3,0.18,18.0,0.6,75,1.563733181191461,0.0,0.8828529665113999,15.864126803016267,1.563733181191461,22.2
15,0.45,0.3,0.26,18.0,0.6,75,1.563733181191461,0.0,0.8828529665113999,15.864126803016267,1.563733181191461,22.2
7,0.55,0.42,0.05,24.0,0.6,75,1.5582858026793953,0.0,0.9138515143120777,14.14656454705288,1.5582858026793953,18.12
7,0.55,0.42,0.1,24.0,0.6,75,1.5582858026793953,0.0,0.9138515143120777,14.14656454705288,1.5582858026793953,18.08
7,0.55,0.42,0.18,24.0,0.6,75,1.5582858026793953,0.0,0.9138515143120777,14.14656454705288,1.5582858026793953,18.08
7,0.55,0.42,0.26,24.0,0.6,75,1.5582858026793953,0.0,0.9138515143120777,14.14656454705288,1.5582858026793953,18.08
11,0.55,0.42,0.05,24.0,0.6,75,1.5582858026793953,0.0,0.9138515143120777,14.14656454705288,1.5582858026793953,18.12
11,0.55,0.42,0.1,24.0,0.6,75,1.5582858026793953,0.0,0.9138515143120777,14.14656454705288,1.5582858026793953,18.08
11,0.55,0.42,0.18,24.0,0.6,75,1.5582858026793953,0.0,0.9138515143120777,14.14656454705288,1.5582858026793953,18.08
11,0.55,0.42,0.26,24.0,0.6,75,1.5582858026793953,0.0,0.9138515143120777,14.14656454705288,1.5582858026793953,18.08
15,0.55,0.42,0.05,24.0,0.6,75,1.5582858026793953,0.0,0.9138515143120777,14.14656454705288,1.5582858026793953,18.12
15,0.55,0.42,0.1,24.0,0.6,75,1.5582858026793953,0.0,0.9138515143120777,14.14656454705288,1.5582858026793953,18.08
15,0.55,0.42,0.18,24.0,0.6,75,1.5582858026793953,0.0,0.9138515143120777,14.14656454705288,1.5582858026793953,18.08
15,0.55,0.42,0.26,24.0,0.6,75,1.5582858026793953,0.0,0.9138515143120777,14.14656454705288,1.5582858026793953,18.08
7,0.25,0.42,0.05,13.0,1.2,35,1.553591781827076,0.0,0.8235757914691197,14.854476563500004,1.553591781827076,31.36
7,0.25,0.42,0.1,13.0,1.2,35,1.553591781827076,0.0,0.8235757914691197,14.854476563500004,1.553591781827076,31.36
7,0.25,0.42,0.18,13.0,1.2,35,1.553591781827076,0.0,0.8235757914691197,14.854476563500004,1.553591781827076,31.36
7,0.25,0.42,0.26,13.0,1.2,35,1.553591781827076,0.0,0.8235757914691197,14.854476563500004,1.553591781827076,31.36
11,0.25,0.42,0.05,13.0,1.2,35,1.553591781827076,0.0,0.8235757914691197,14.854476563500004,1.553591781827076,31.36
11,0.25,0.42,0.1,13.0,1.2,35,1.553591781827076,0.0,0.8235757914691197,14.854476563500004,1.553591781827076,31.36
11,0.25,0.42,0.18,13.0,1.2,35,1.553591781827076,0.0,0.8235757914691197,14.854476563500004,1.553591781827076,31.36
11,0.25,0.42,0.26,13.0,1.2,35,1.553591781827076,0.0,0.8235757914691197,14.854476563500004,1.553591781827076,31.36
15,0.25,0.42,0.05,13.0,1.2,35,1.553591781827076,0.0,0.8235757914691197,14.854476563500004,1.553591781827076,31.36
15,0.25,0.42,0.1,13.0,1.2,35,1.553591781827076,0.0,0.8235757914691197,14.854476563500004,1.553591781827076,31.36
15,0.25,0.42,0.18,13.0,1.2,35,1.553591781827076,0.0,0.8235757914691197,14.854476563500004,1.553591781827076,31.36
15,0.25,0.42,0.26,13.0,1.2,35,1.553591781827076,0.0,0.8235757914691197,14.854476563500004,1.553591781827076,31.36
7,0.45,0.3,0.05,18.0,0.6,35,1.5482731218289627,0.0,0.8738134525319207,15.864126803016267,1.5482731218289627,22.36
7,0.45,0.3,0.1,18.0,0.6,35,1.5482731218289627,0.0,0.8738134525319207,15.864126803016267,1.5482731218289627,22.36
7,0.45,0.3,0.18,18.0,0.6,35,1.5482731218289627,0.0,0.8738134525319207,15.864126803016267,1.5482731218289627,22.36
7,0.45,0.3,0.26,18.0,0.6,35,1.5482731218289627,0.0,0.8738134525319207,15.864126803016267,1.5482731218289627,22.36
11,0.45,0.3,0.05,18.0,0.6,35,1.5482731218289627,0.0,0.8738134525319207,15.864126803016267,1.5482731218289627,22.36
11,0.45,0.3,0.1,18.0,0.6,35,1.5482731218289627,0.0,0.8738134525319207,15.864126803016267,1.5482731218289627,22.36
11,0.45,0.3,0.18,18.0,0.6,35,1.5482731218289627,0.0,0.8738134525319207,15.864126803016267,1.5482731218289627,22.36
11,0.45,0.3,0.26,18.0,0.6,35,1.5482731218289627,0.0,0.8738134525319207,15.864126803016267,1.5482731218289627,22.36
15,0.45,0.3,0.05,18.0,0.6,35,1.5482731218289627,0.0,0.8738134525319207,15.864126803016267,1.5482731218289627,22.36
15,0.45,0.3,0.1,18.0,0.6,35,1.5482731218289627,0.0,0.8738134525319207,15.864126803016267,1.5482731218289627,22.36
15,0.45,0.3,0.18,18.0,0.6,35,1.5482731218289627,0.0,0.8738134525319207,15.864126803016267,1.5482731218289627,22.36
15,0.45,0.3,0.26,18.0,0.6,35,1.5482731218289627,0.0,0.8738134525319207,15.864126803016267,1.5482731218289627,22.36
7,0.55,0.42,0.05,24.0,0.6,35,1.543793049056207,0.0,0.9060616983922875,14.14656454705288,1.5437930490562068,18.2
7,0.55,0.42,0.1,24.0,0.6,35,1.543793049056207,0.0,0.9060616983922875,14.14656454705288,1.5437930490562068,18.16
7,0.55,0.42,0.18,24.0,0.6,35,1.543793049056207,0.0,0.9060616983922875,14.14656454705288,1.5437930490562068,18.16
7,0.55,0.42,0.26,24.0,0.6,35,1.543793049056207,0.0,0.9060616983922875,14.14656454705288,1.5437930490562068,18.16
11,0.55,0.42,0.05,24.0,0.6,35,1.543793049056207,0.0,0.9060616983922875,14.14656454705288,1.5437930490562068,18.2
11,0.55,0.42,0.1,24.0,0.6,35,1.543793049056207,0.0,0.9060616983922875,14.14656454705288,1.5437930490562068,18.16
11,0.55,0.42,0.18,24.0,0.6,35,1.543793049056207,0.0,0.9060616983922875,14.14656454705288,1.5437930490562068,18.16
11,0.55,0.42,0.26,24.0,0.6,35,1.543793049056207,0.0,0.9060616983922875,14.14656454705288,1.5437930490562068,18.16
15,0.55,0.42,0.05,24.0,0.6,35,1.543793049056207,0.0,0.9060616983922875,14.14656454705288,1.5437930490562068,18.2
15,0.55,0.42,0.1,24.0,0.6,35,1.543793049056207,0.0,0.9060616983922875,14.14656454705288,1.5437930490562068,18.16
15,0.55,0.42,0.18,24.0,0.6,35,1.543793049056207,0.0,0.9060616983922875,14.14656454705288,1.5437930490562068,18.16
15,0.55,0.42,0.26,24.0,0.6,35,1.543793049056207,0.0,0.9060616983922875,14.14656454705288,1.5437930490562068,18.16
7,0.45,0.3,0.05,13.0,2.0,75,1.5415238163062208,0.0,0.8493736697499463,15.493664623958804,1.5415238163062208,24.2
7,0.45,0.3,0.1,13.0,2.0,75,1.5415238163062208,0.0,0.8493736697499463,15.493664623958804,1.5415238163062208,24.2
7,0.45,0.3,0.18,13.0,2.0,75,1.5415238163062208,0.0,0.8493736697499463,15.493664623958804,1.5415238163062208,24.2
7,0.45,0.3,0.26,13.0,2.0,75,1.5415238163062208,0.0,0.8493736697499463,15.493664623958804,1.5415238163062208,24.2
11,0.45,0.3,0.05,13.0,2.0,75,1.5415238163062208,0.0,0.8493736697499463,15.493664623958804,1.5415238163062208,24.2
11,0.45,0.3,0.1,13.0,2.0,75,1.5415238163062208,0.0,0.8493736697499463,15.493664623958804,1.5415238163062208,24.2
11,0.45,0.3,0.18,13.0,2.0,75,1.5415238163062208,0.0,0.8493736697499463,15.493664623958804,1.5415238163062208,24.2
11,0.45,0.3,0.26,13.0,2.0,75,1.5415238163062208,0.0,0.8493736697499463,15.493664623958804,1.5415238163062208,24.2
15,0.45,0.3,0.05,13.0,2.0,75,1.5415238163062208,0.0,0.8493736697499463,15.493664623958804,1.5415238163062208,24.2
15,0.45,0.3,0.1,13.0,2.0,75,1.5415238163062208,0.0,0.8493736697499463,15.493664623958804,1.5415238163062208,24.2
15,0.45,0.3,0.18,13.0,2.0,75,1.5415238163062208,0.0,0.8493736697499463,15.493664623958804,1.5415238163062208,24.2
15,0.45,0.3,0.26,13.0,2.0,75,1.5415238163062208,0.0,0.8493736697499463,15.493664623958804,1.5415238163062208,24.2
7,0.45,0.3,0.05,8.0,0.6,75,1.5401160464185675,0.0,0.8573159466754153,13.465896488693685,1.5401160464185673,28.92
7,0.45,0.3,0.1,8.0,0.6,75,1.5401160464185675,0.0,0.8573159466754153,13.465896488693685,1.5401160464185673,28.92
7,0.45,0.3,0.18,8.0,0.6,75,1.5401160464185675,0.0,0.8573159466754153,13.465896488693685,1.5401160464185673,28.92
7,0.45,0.3,0.26,8.0,0.6,75,1.5401160464185675,0.0,0.8573159466754153,13.465896488693685,1.5401160464185673,28.92
11,0.45,0.3,0.05,8.0,0.6,75,1.5401160464185675,0.0,0.8573159466754153,13.465896488693685,1.5401160464185673,28.92
11,0.45,0.3,0.1,8.0,0.6,75,1.5401160464185675,0.0,0.8573159466754153,13.465896488693685,1.5401160464185673,28.92
11,0.45,0.3,0.18,8.0,0.6,75,1.5401160464185675,0.0,0.8573159466754153,13.465896488693685,1.5401160464185673,28.92
11,0.45,0.3,0.26,8.0,0.6,75,1.5401160464185675,0.0,0.8573159466754153,13.465896488693685,1.5401160464185673,28.92
15,0.45,0.3,0.05,8.0,0.6,75,1.5401160464185675,0.0,0.8573159466754153,13.465896488693685,1.5401160464185673,28.92
15,0.45,0.3,0.1,8.0,0.6,75,1.5401160464185675,0.0,0.8573159466754153,13.465896488693685,1.5401160464185673,28.92
15,0.45,0.3,0.18,8.0,0.6,75,1.5401160464185675,0.0,0.8573159466754153,13.465896488693685,1.5401160464185673,28.92
15,0.45,0.3,0.26,8.0,0.6,75,1.5401160464185675,0.0,0.8573159466754153,13.465896488693685,1.5401160464185673,28.92
7,0.45,0.3,0.05,13.0,2.0,35,1.5370941374579374,0.0,0.8471388470036052,15.493664623958804,1.5370941374579374,24.28
7,0.45,0.3,0.1,13.0,2.0,35,1.5370941374579374,0.0,0.8471388470036052,15.493664623958804,1.5370941374579374,24.28
7,0.45,0.3,0.18,13.0,2.0,35,1.5370941374579374,0.0,0.8471388470036052,15.493664623958804,1.5370941374579374,24.28
7,0.45,0.3,0.26,13.0,2.0,35,1.5370941374579374,0.0,0.8471388470036052,15.493664623958804,1.5370941374579374,24.28
11,0.45,0.3,0.05,13.0,2.0,35,1.5370941374579374,0.0,0.8471388470036052,15.493664623958804,1.5370941374579374,24.28
11,0.45,0.3,0.1,13.0,2.0,35,1.5370941374579374,0.0,0.8471388470036052,15.493664623958804,1.5370941374579374,24.28
11,0.45,0.3,0.18,13.0,2.0,35,1.5370941374579374,0.0,0.8471388470036052,15.493664623958804,1.5370941374579374,24.28
11,0.45,0.3,0.26,13.0,2.0,35,1.5370941374579374,0.0,0.8471388470036052,15.493664623958804,1.5370941374579374,24.28
15,0.45,0.3,0.05,13.0,2.0,35,1.5370941374579374,0.0,0.8471388470036052,15.493664623958804,1.5370941374579374,24.28
15,0.45,0.3,0.1,13.0,2.0,35,1.5370941374579374,0.0,0.8471388470036052,15.493664623958804,1.5370941374579374,24.28
15,0.45,0.3,0.18,13.0,2.0,35,1.5370941374579374,0.0,0.8471388470036052,15.493664623958804,1.5370941374579374,24.28
15,0.45,0.3,0.26,13.0,2.0,35,1.5370941374579374,0.0,0.8471388470036052,15.493664623958804,1.5370941374579374,24.28
7,0.25,0.3,0.05,8.0,1.2,75,1.5359217230394848,0.0,0.8445586952721108,15.440069635965711,1.5359217230394848,37.4
7,0.25,0.3,0.1,8.0,1.2,75,1.5359217230394848,0.0,0.8445586952721108,15.440069635965711,1.5359217230394848,37.4
7,0.25,0.3,0.18,8.0,1.2,75,1.5359217230394848,0.0,0.8445586952721108,15.440069635965711,1.5359217230394848,37.4
7,0.25,0.3,0.26,8.0,1.2,75,1.5359217230394848,0.0,0.8445586952721108,15.440069635965711,1.5359217230394848,37.4
11,0.25,0.3,0.05,8.0,1.2,75,1.5359217230394848,0.0,0.8445586952721108,15.440069635965711,1.5359217230394848,37.4
11,0.25,0.3,0.1,8.0,1.2,75,1.5359217230394848,0.0,0.8445586952721108,15.440069635965711,1.5359217230394848,37.4
11,0.25,0.3,0.18,8.0,1.2,75,1.5359217230394848,0.0,0.8445586952721108,15.440069635965711,1.5359217230394848,37.4
11,0.25,0.3,0.26,8.0,1.2,75,1.5359217230394848,0.0,0.8445586952721108,15.440069635965711,1.5359217230394848,37.4
15,0.25,0.3,0.05,8.0,1.2,75,1.5359217230394848,0.0,0.8445586952721108,15.440069635965711,1.5359217230394848,37.4
15,0.25,0.3,0.1,8.0,1.2,75,1.5359217230394848,0.0,0.8445586952721108,15.440069635965711,1.5359217230394848,37.4
15,0.25,0.3,0.18,8.0,1.2,75,1.5359217230394848,0.0,0.8445586952721108,15.440069635965711,1.5359217230394848,37.4
15,0.25,0.3,0.26,8.0,1.2,75,1.5359217230394848,0.0,0.8445586952721108,15.440069635965711,1.5359217230394848,37.4
7,0.45,0.3,0.05,8.0,0.6,35,1.5325402888428101,0.0,0.8533157814362315,13.465896488693685,1.5325402888428097,29.16
7,0.45,0.3,0.1,8.0,0.6,35,1.5325402888428101,0.0,0.8533157814362315,13.465896488693685,1.5325402888428097,29.16
7,0.45,0.3,0.18,8.0,0.6,35,1.5325402888428101,0.0,0.8533157814362315,13.465896488693685,1.5325402888428097,29.16
7,0.45,0.3,0.26,8.0,0.6,35,1.5325402888428101,0.0,0.8533157814362315,13.465896488693685,1.5325402888428097,29.16
11,0.45,0.3,0.05,8.0,0.6,35,1.5325402888428101,0.0,0.8533157814362315,13.465896488693685,1.5325402888428097,29.16
11,0.45,0.3,0.1,8.0,0.6,35,1.5325402888428101,0.0,0.8533157814362315,13.465896488693685,1.5325402888428097,29.16
11,0.45,0.3,0.18,8.0,0.6,35,1.5325402888428101,0.0,0.8533157814362315,13.465896488693685,1.5325402888428097,29.16
11,0.45,0.3,0.26,8.0,0.6,35,1.5325402888428101,0.0,0.8533157814362315,13.465896488693685,1.5325402888428097,29.16
15,0.45,0.3,0.05,8.0,0.6,35,1.5325402888428101,0.0,0.8533157814362315,13.465896488693685,1.5325402888428097,29.16
15,0.45,0.3,0.1,8.0,0.6,35,1.5325402888428101,0.0,0.8533157814362315,13.465896488693685,1.5325402888428097,29.16
15,0.45,0.3,0.18,8.0,0.6,35,1.5325402888428101,0.0,0.8533157814362315,13.465896488693685,1.5325402888428097,29.16
15,0.45,0.3,0.26,8.0,0.6,35,1.5325402888428101,0.0,0.8533157814362315,13.465896488693685,1.5325402888428097,29.16
7,0.25,0.3,0.05,8.0,1.2,35,1.5130415291889623,0.0,0.8320313006298861,15.440069635965711,1.5130415291889623,38.2
7,0.25,0.3,0.1,8.0,1.2,35,1.5130415291889623,0.0,0.8320313006298861,15.440069635965711,1.5130415291889623,38.2
7,0.25,0.3,0.18,8.0,1.2,35,1.5130415291889623,0.0,0.8320313006298861,15.440069635965711,1.5130415291889623,38.2
7,0.25,0.3,0.26,8.0,1.2,35,1.5130415291889623,0.0,0.8320313006298861,15.440069635965711,1.5130415291889623,38.2
11,0.25,0.3,0.05,8.0,1.2,35,1.5130415291889623,0.0,0.8320313006298861,15.440069635965711,1.5130415291889623,38.2
11,0.25,0.3,0.1,8.0,1.2,35,1.5130415291889623,0.0,0.8320313006298861,15.440069635965711,1.5130415291889623,38.2
11,0.25,0.3,0.18,8.0,1.2,35,1.5130415291889623,0.0,0.8320313006298861,15.440069635965711,1.5130415291889623,38.2
11,0.25,0.3,0.26,8.0,1.2,35,1.5130415291889623,0.0,0.8320313006298861,15.440069635965711,1.5130415291889623,38.2
15,0.25,0.3,0.05,8.0,1.2,35,1.5130415291889623,0.0,0.8320313006298861,15.440069635965711,1.5130415291889623,38.2
15,0.25,0.3,0.1,8.0,1.2,35,1.5130415291889623,0.0,0.8320313006298861,15.440069635965711,1.5130415291889623,38.2
15,0.25,0.3,0.18,8.0,1.2,35,1.5130415291889623,0.0,0.8320313006298861,15.440069635965711,1.5130415291889623,38.2
15,0.25,0.3,0.26,8.0,1.2,35,1.5130415291889623,0.0,0.8320313006298861,15.440069635965711,1.5130415291889623,38.2
7,0.45,0.3,0.05,8.0,1.2,75,1.5094695175367443,0.0,0.8272036402314651,13.168324800947943,1.5094695175367443,29.08
7,0.45,0.3,0.1,8.0,1.2,75,1.5094695175367443,0.0,0.8272036402314651,13.168324800947943,1.5094695175367443,29.08
7,0.45,0.3,0.18,8.0,1.2,75,1.5094695175367443,0.0,0.8272036402314651,13.168324800947943,1.5094695175367443,29.08
7,0.45,0.3,0.26,8.0,1.2,75,1.5094695175367443,0.0,0.8272036402314651,13.168324800947943,1.5094695175367443,29.08
11,0.45,0.3,0.05,8.0,1.2,75,1.5094695175367443,0.0,0.8272036402314651,13.168324800947943,1.5094695175367443,29.08
11,0.45,0.3,0.1,8.0,1.2,75,1.5094695175367443,0.0,0.8272036402314651,13.168324800947943,1.5094695175367443,29.08
11,0.45,0.3,0.18,8.0,1.2,75,1.5094695175367443,0.0,0.8272036402314651,13.168324800947943,1.5094695175367443,29.08
11,0.45,0.3,0.26,8.0,1.2,75,1.5094695175367443,0.0,0.8272036402314651,13.168324800947943,1.5094695175367443,29.08
15,0.45,0.3,0.05,8.0,1.2,75,1.5094695175367443,0.0,0.8272036402314651,13.168324800947943,1.5094695175367443,29.08
15,0.45,0.3,0.1,8.0,1.2,75,1.5094695175367443,0.0,0.8272036402314651,13.168324800947943,1.5094695175367443,29.08
15,0.45,0.3,0.18,8.0,1.2,75,1.5094695175367443,0.0,0.8272036402314651,13.168324800947943,1.5094695175367443,29.08
15,0.45,0.3,0.26,8.0,1.2,75,1.5094695175367443,0.0,0.8272036402314651,13.168324800947943,1.5094695175367443,29.08
7,0.45,0.42,0.05,8.0,1.2,75,1.5094695175367443,0.0,0.8078338435308396,12.880331757111458,1.5094695175367443,29.0
7,0.45,0.42,0.1,8.0,1.2,75,1.5094695175367443,0.0,0.8078338435308396,12.880331757111458,1.5094695175367443,29.0
7,0.45,0.42,0.18,8.0,1.2,75,1.5094695175367443,0.0,0.8078338435308396,12.880331757111458,1.5094695175367443,29.0
7,0.45,0.42,0.26,8.0,1.2,75,1.5094695175367443,0.0,0.8078338435308396,12.880331757111458,1.5094695175367443,29.0
11,0.45,0.42,0.05,8.0,1.2,75,1.5094695175367443,0.0,0.8078338435308396,12.880331757111458,1.5094695175367443,29.0
11,0.45,0.42,0.1,8.0,1.2,75,1.5094695175367443,0.0,0.8078338435308396,12.880331757111458,1.5094695175367443,29.0
11,0.45,0.42,0.18,8.0,1.2,75,1.5094695175367443,0.0,0.8078338435308396,12.880331757111458,1.5094695175367443,29.0
11,0.45,0.42,0.26,8.0,1.2,75,1.5094695175367443,0.0,0.8078338435308396,12.880331757111458,1.5094695175367443,29.0
15,0.45,0.42,0.05,8.0,1.2,75,1.5094695175367443,0.0,0.8078338435308396,12.880331757111458,1.5094695175367443,29.0
15,0.45,0.42,0.1,8.0,1.2,75,1.5094695175367443,0.0,0.8078338435308396,12.880331757111458,1.5094695175367443,29.0
15,0.45,0.42,0.18,8.0,1.2,75,1.5094695175367443,0.0,0.8078338435308396,12.880331757111458,1.5094695175367443,29.0
15,0.45,0.42,0.26,8.0,1.2,75,1.5094695175367443,0.0,0.8078338435308396,12.880331757111458,1.5094695175367443,29.0
7,0.45,0.3,0.05,8.0,1.2,35,1.5063322626347837,0.0,0.8254132136690171,13.168324800947943,1.5063322626347835,29.2
7,0.45,0.3,0.1,8.0,1.2,35,1.5063322626347837,0.0,0.8254132136690171,13.168324800947943,1.5063322626347835,29.2
7,0.45,0.3,0.18,8.0,1.2,35,1.5063322626347837,0.0,0.8254132136690171,13.168324800947943,1.5063322626347835,29.2
7,0.45,0.3,0.26,8.0,1.2,35,1.5063322626347837,0.0,0.8254132136690171,13.168324800947943,1.5063322626347835,29.2
11,0.45,0.3,0.05,8.0,1.2,35,1.5063322626347837,0.0,0.8254132136690171,13.168324800947943,1.5063322626347835,29.2
11,0.45,0.3,0.1,8.0,1.2,35,1.5063322626347837,0.0,0.8254132136690171,13.168324800947943,1.5063322626347835,29.2
11,0.45,0.3,0.18,8.0,1.2,35,1.5063322626347837,0.0,0.8254132136690171,13.168324800947943,1.5063322626347835,29.2
11,0.45,0.3,0.26,8.0,1.2,35,1.5063322626347837,0.0,0.8254132136690171,13.168324800947943,1.5063322626347835,29.2
15,0.45,0.3,0.05,8.0,1.2,35,1.5063322626347837,0.0,0.8254132136690171,13.168324800947943,1.5063322626347835,29.2
15,0.45,0.3,0.1,8.0,1.2,35,1.5063322626347837,0.0,0.8254132136690171,13.168324800947943,1.5063322626347835,29.2
15,0.45,0.3,0.18,8.0,1.2,35,1.5063322626347837,0.0,0.8254132136690171,13.168324800947943,1.5063322626347835,29.2
15,0.45,0.3,0.26,8.0,1.2,35,1.5063322626347837,0.0,0.8254132136690171,13.168324800947943,1.5063322626347835,29.2
7,0.45,0.42,0.05,8.0,1.2,35,1.5063322626347837,0.0,0.8060541060821975,12.880331757111458,1.5063322626347835,29.12
7,0.45,0.42,0.1,8.0,1.2,35,1.5063322626347837,0.0,0.8060541060821975,12.880331757111458,1.5063322626347835,29.12
7,0.45,0.42,0.18,8.0,1.2,35,1.5063322626347837,0.0,0.8060541060821975,12.880331757111458,1.5063322626347835,29.12
7,0.45,0.42,0.26,8.0,1.2,35,1.5063322626347837,0.0,0.8060541060821975,12.880331757111458,1.5063322626347835,29.12
11,0.45,0.42,0.05,8.0,1.2,35,1.5063322626347837,0.0,0.8060541060821975,12.880331757111458,1.5063322626347835,29.12
11,0.45,0.42,0.1,8.0,1.2,35,1.5063322626347837,0.0,0.8060541060821975,12.880331757111458,1.5063322626347835,29.12
11,0.45,0.42,0.18,8.0,1.2,35,1.5063322626347837,0.0,0.8060541060821975,12.880331757111458,1.5063322626347835,29.12
11,0.45,0.42,0.26,8.0,1.2,35,1.5063322626347837,0.0,0.8060541060821975,12.880331757111458,1.5063322626347835,29.12
15,0.45,0.42,0.05,8.0,1.2,35,1.5063322626347837,0.0,0.8060541060821975,12.880331757111458,1.5063322626347835,29.12
15,0.45,0.42,0.1,8.0,1.2,35,1.5063322626347837,0.0,0.8060541060821975,12.880331757111458,1.5063322626347835,29.12
15,0.45,0.42,0.18,8.0,1.2,35,1.5063322626347837,0.0,0.8060541060821975,12.880331757111458,1.5063322626347835,29.12
15,0.45,0.42,0.26,8.0,1.2,35,1.5063322626347837,0.0,0.8060541060821975,12.880331757111458,1.5063322626347835,29.12
7,0.55,0.42,0.05,18.0,1.2,75,1.4842318465847877,0.0,0.7919573054008515,10.729812559373574,1.4842318465847877,19.44
7,0.55,0.42,0.05,18.0,1.2,35,1.4842318465847877,0.0,0.7919573054008515,10.729812559373574,1.4842318465847877,19.44
7,0.55,0.42,0.1,18.0,1.2,75,1.4842318465847877,0.0,0.7919573054008515,10.729812559373574,1.4842318465847877,19.44
7,0.55,0.42,0.1,18.0,1.2,35,1.4842318465847877,0.0,0.7919573054008515,10.729812559373574,1.4842318465847877,19.44
7,0.55,0.42,0.18,18.0,1.2,35,1.4842318465847877,0.0,0.7919573054008515,10.729812559373574,1.4842318465847877,19.44
7,0.55,0.42,0.18,18.0,1.2,75,1.4842318465847877,0.0,0.7919573054008515,10.729812559373574,1.4842318465847877,19.44
7,0.55,0.42,0.26,18.0,1.2,35,1.4842318465847877,0.0,0.7919573054008515,10.729812559373574,1.4842318465847877,19.44
7,0.55,0.42,0.26,18.0,1.2,75,1.4842318465847877,0.0,0.7919573054008515,10.729812559373574,1.4842318465847877,19.44
11,0.55,0.42,0.05,18.0,1.2,35,1.4842318465847877,0.0,0.7919573054008515,10.729812559373574,1.4842318465847877,19.44
11,0.55,0.42,0.05,18.0,1.2,75,1.4842318465847877,0.0,0.7919573054008515,10.729812559373574,1.4842318465847877,19.44
11,0.55,0.42,0.1,18.0,1.2,75,1.4842318465847877,0.0,0.7919573054008515,10.729812559373574,1.4842318465847877,19.44
11,0.55,0.42,0.1,18.0,1.2,35,1.4842318465847877,0.0,0.7919573054008515,10.729812559373574,1.4842318465847877,19.44
11,0.55,0.42,0.18,18.0,1.2,35,1.4842318465847877,0.0,0.7919573054008515,10.729812559373574,1.4842318465847877,19.44
11,0.55,0.42,0.18,18.0,1.2,75,1.4842318465847877,0.0,0.7919573054008515,10.729812559373574,1.4842318465847877,19.44
11,0.55,0.42,0.26,18.0,1.2,75,1.4842318465847877,0.0,0.7919573054008515,10.729812559373574,1.4842318465847877,19.44
11,0.55,0.42,0.26,18.0,1.2,35,1.4842318465847877,0.0,0.7919573054008515,10.729812559373574,1.4842318465847877,19.44
15,0.55,0.42,0.05,18.0,1.2,75,1.4842318465847877,0.0,0.7919573054008515,10.729812559373574,1.4842318465847877,19.44
15,0.55,0.42,0.05,18.0,1.2,35,1.4842318465847877,0.0,0.7919573054008515,10.729812559373574,1.4842318465847877,19.44
15,0.55,0.42,0.1,18.0,1.2,75,1.4842318465847877,0.0,0.7919573054008515,10.729812559373574,1.4842318465847877,19.44
15,0.55,0.42,0.1,18.0,1.2,35,1.4842318465847877,0.0,0.7919573054008515,10.729812559373574,1.4842318465847877,19.44
15,0.55,0.42,0.18,18.0,1.2,35,1.4842318465847877,0.0,0.7919573054008515,10.729812559373574,1.4842318465847877,19.44
15,0.55,0.42,0.18,18.0,1.2,75,1.4842318465847877,0.0,0.7919573054008515,10.729812559373574,1.4842318465847877,19.44
15,0.55,0.42,0.26,18.0,1.2,35,1.4842318465847877,0.0,0.7919573054008515,10.729812559373574,1.4842318465847877,19.44
15,0.55,0.42,0.26,18.0,1.2,75,1.4842318465847877,0.0,0.7919573054008515,10.729812559373574,1.4842318465847877,19.44
7,0.35,0.3,0.1,24.0,2.0,75,1.4840546982167753,0.0,0.8201513310704042,15.520947547327339,1.4840546982167753,23.6
7,0.35,0.3,0.18,24.0,2.0,75,1.4840546982167753,0.0,0.8201513310704042,15.520947547327339,1.4840546982167753,23.6
7,0.35,0.3,0.26,24.0,2.0,75,1.4840546982167753,0.0,0.8201513310704042,15.520947547327339,1.4840546982167753,23.6
11,0.35,0.3,0.1,24.0,2.0,75,1.4840546982167753,0.0,0.8201513310704042,15.520947547327339,1.4840546982167753,23.6
11,0.35,0.3,0.18,24.0,2.0,75,1.4840546982167753,0.0,0.8201513310704042,15.520947547327339,1.4840546982167753,23.6
11,0.35,0.3,0.26,24.0,2.0,75,1.4840546982167753,0.0,0.8201513310704042,15.520947547327339,1.4840546982167753,23.6
15,0.35,0.3,0.1,24.0,2.0,75,1.4840546982167753,0.0,0.8201513310704042,15.520947547327339,1.4840546982167753,23.6
15,0.35,0.3,0.18,24.0,2.0,75,1.4840546982167753,0.0,0.8201513310704042,15.520947547327339,1.4840546982167753,23.6
15,0.35,0.3,0.26,24.0,2.0,75,1.4840546982167753,0.0,0.8201513310704042,15.520947547327339,1.4840546982167753,23.6
7,0.35,0.3,0.05,24.0,2.0,75,1.477705491867569,0.0,0.8169702384754179,15.520947547327339,1.477705491867569,23.68
11,0.35,0.3,0.05,24.0,2.0,75,1.477705491867569,0.0,0.8169702384754179,15.520947547327339,1.477705491867569,23.68
15,0.35,0.3,0.05,24.0,2.0,75,1.477705491867569,0.0,0.8169702384754179,15.520947547327339,1.477705491867569,23.68
7,0.35,0.3,0.1,24.0,2.0,35,1.4715605032394594,0.0,0.8131222570619039,15.520947547327339,1.4715605032394594,23.76
7,0.35,0.3,0.18,24.0,2.0,35,1.4715605032394594,0.0,0.8131222570619039,15.520947547327339,1.4715605032394594,23.76
7,0.35,0.3,0.26,24.0,2.0,35,1.4715605032394594,0.0,0.8131222570619039,15.520947547327339,1.4715605032394594,23.76
11,0.35,0.3,0.1,24.0,2.0,35,1.4715605032394594,0.0,0.8131222570619039,15.520947547327339,1.4715605032394594,23.76
11,0.35,0.3,0.18,24.0,2.0,35,1.4715605032394594,0.0,0.8131222570619039,15.520947547327339,1.4715605032394594,23.76
11,0.35,0.3,0.26,24.0,2.0,35,1.4715605032394594,0.0,0.8131222570619039,15.520947547327339,1.4715605032394594,23.76
15,0.35,0.3,0.1,24.0,2.0,35,1.4715605032394594,0.0,0.8131222570619039,15.520947547327339,1.4715605032394594,23.76
15,0.35,0.3,0.18,24.0,2.0,35,1.4715605032394594,0.0,0.8131222570619039,15.520947547327339,1.4715605032394594,23.76
15,0.35,0.3,0.26,24.0,2.0,35,1.4715605032394594,0.0,0.8131222570619039,15.520947547327339,1.4715605032394594,23.76
7,0.35,0.3,0.05,24.0,2.0,35,1.465211296890253,0.0,0.8099411644669177,15.520947547327339,1.465211296890253,23.84
11,0.35,0.3,0.05,24.0,2.0,35,1.465211296890253,0.0,0.8099411644669177,15.520947547327339,1.465211296890253,23.84
15,0.35,0.3,0.05,24.0,2.0,35,1.465211296890253,0.0,0.8099411644669177,15.520947547327339,1.465211296890253,23.84
7,0.35,0.42,0.05,18.0,1.2,35,1.446484885263775,0.0,0.7651300254652923,12.722719715072166,1.446484885263775,25.44
7,0.35,0.42,0.05,18.0,1.2,75,1.446484885263775,0.0,0.7651300254652923,12.722719715072166,1.446484885263775,25.24
7,0.35,0.42,0.1,18.0,1.2,35,1.446484885263775,0.0,0.7651300254652923,12.722719715072166,1.446484885263775,25.44
7,0.35,0.42,0.1,18.0,1.2,75,1.446484885263775,0.0,0.7651300254652923,12.722719715072166,1.446484885263775,25.24
7,0.35,0.42,0.18,18.0,1.2,75,1.446484885263775,0.0,0.7651300254652923,12.722719715072166,1.446484885263775,25.24
7,0.35,0.42,0.18,18.0,1.2,35,1.446484885263775,0.0,0.7651300254652923,12.722719715072166,1.446484885263775,25.44
7,0.35,0.42,0.26,18.0,1.2,75,1.446484885263775,0.0,0.7651300254652923,12.722719715072166,1.446484885263775,25.24
7,0.35,0.42,0.26,18.0,1.2,35,1.446484885263775,0.0,0.7651300254652923,12.722719715072166,1.446484885263775,25.44
11,0.35,0.42,0.05,18.0,1.2,35,1.446484885263775,0.0,0.7651300254652923,12.722719715072166,1.446484885263775,25.44
11,0.35,0.42,0.05,18.0,1.2,75,1.446484885263775,0.0,0.7651300254652923,12.722719715072166,1.446484885263775,25.24
11,0.35,0.42,0.1,18.0,1.2,75,1.446484885263775,0.0,0.7651300254652923,12.722719715072166,1.446484885263775,25.24
11,0.35,0.42,0.1,18.0,1.2,35,1.446484885263775,0.0,0.7651300254652923,12.722719715072166,1.446484885263775,25.44
11,0.35,0.42,0.18,18.0,1.2,75,1.446484885263775,0.0,0.7651300254652923,12.722719715072166,1.446484885263775,25.24
11,0.35,0.42,0.18,18.0,1.2,35,1.446484885263775,0.0,0.7651300254652923,12.722719715072166,1.446484885263775,25.44
11,0.35,0.42,0.26,18.0,1.2,35,1.446484885263775,0.0,0.7651300254652923,12.722719715072166,1.446484885263775,25.44
11,0.35,0.42,0.26,18.0,1.2,75,1.446484885263775,0.0,0.7651300254652923,12.722719715072166,1.446484885263775,25.24
15,0.35,0.42,0.05,18.0,1.2,35,1.446484885263775,0.0,0.7651300254652923,12.722719715072166,1.446484885263775,25.44
15,0.35,0.42,0.05,18.0,1.2,75,1.446484885263775,0.0,0.7651300254652923,12.722719715072166,1.446484885263775,25.24
15,0.35,0.42,0.1,18.0,1.2,35,1.446484885263775,0.0,0.7651300254652923,12.722719715072166,1.446484885263775,25.44
15,0.35,0.42,0.1,18.0,1.2,75,1.446484885263775,0.0,0.7651300254652923,12.722719715072166,1.446484885263775,25.24
15,0.35,0.42,0.18,18.0,1.2,35,1.446484885263775,0.0,0.7651300254652923,12.722719715072166,1.446484885263775,25.44
15,0.35,0.42,0.18,18.0,1.2,75,1.446484885263775,0.0,0.7651300254652923,12.722719715072166,1.446484885263775,25.24
15,0.35,0.42,0.26,18.0,1.2,35,1.446484885263775,0.0,0.7651300254652923,12.722719715072166,1.446484885263775,25.44
15,0.35,0.42,0.26,18.0,1.2,75,1.446484885263775,0.0,0.7651300254652923,12.722719715072166,1.446484885263775,25.24
7,0.45,0.3,0.05,24.0,0.6,75,1.4455202455202454,0.0,0.8422189529324043,14.06642991681183,1.4455202455202454,20.48
7,0.45,0.3,0.1,24.0,0.6,75,1.4455202455202454,0.0,0.8422189529324043,14.06642991681183,1.4455202455202454,20.44
7,0.45,0.3,0.18,24.0,0.6,75,1.4455202455202454,0.0,0.8422189529324043,14.06642991681183,1.4455202455202454,20.44
7,0.45,0.3,0.26,24.0,0.6,75,1.4455202455202454,0.0,0.8422189529324043,14.06642991681183,1.4455202455202454,20.44
11,0.45,0.3,0.05,24.0,0.6,75,1.4455202455202454,0.0,0.8422189529324043,14.06642991681183,1.4455202455202454,20.48
11,0.45,0.3,0.1,24.0,0.6,75,1.4455202455202454,0.0,0.8422189529324043,14.06642991681183,1.4455202455202454,20.44
11,0.45,0.3,0.18,24.0,0.6,75,1.4455202455202454,0.0,0.8422189529324043,14.06642991681183,1.4455202455202454,20.44
11,0.45,0.3,0.26,24.0,0.6,75,1.4455202455202454,0.0,0.8422189529324043,14.06642991681183,1.4455202455202454,20.44
15,0.45,0.3,0.05,24.0,0.6,75,1.4455202455202454,0.0,0.8422189529324043,14.06642991681183,1.4455202455202454,20.48
15,0.45,0.3,0.1,24.0,0.6,75,1.4455202455202454,0.0,0.8422189529324043,14.06642991681183,1.4455202455202454,20.44
15,0.45,0.3,0.18,24.0,0.6,75,1.4455202455202454,0.0,0.8422189529324043,14.06642991681183,1.4455202455202454,20.44
15,0.45,0.3,0.26,24.0,0.6,75,1.4455202455202454,0.0,0.8422189529324043,14.06642991681183,1.4455202455202454,20.44
7,0.45,0.3,0.1,24.0,0.6,35,1.439830345093503,0.0,0.8380015084315016,14.06642991681183,1.4398303450935028,20.56
7,0.45,0.3,0.18,24.0,0.6,35,1.439830345093503,0.0,0.8380015084315016,14.06642991681183,1.4398303450935028,20.56
7,0.45,0.3,0.26,24.0,0.6,35,1.439830345093503,0.0,0.8380015084315016,14.06642991681183,1.4398303450935028,20.56
11,0.45,0.3,0.1,24.0,0.6,35,1.439830345093503,0.0,0.8380015084315016,14.06642991681183,1.4398303450935028,20.56
11,0.45,0.3,0.18,24.0,0.6,35,1.439830345093503,0.0,0.8380015084315016,14.06642991681183,1.4398303450935028,20.56
11,0.45,0.3,0.26,24.0,0.6,35,1.439830345093503,0.0,0.8380015084315016,14.06642991681183,1.4398303450935028,20.56
15,0.45,0.3,0.1,24.0,0.6,35,1.439830345093503,0.0,0.8380015084315016,14.06642991681183,1.4398303450935028,20.56
15,0.45,0.3,0.18,24.0,0.6,35,1.439830345093503,0.0,0.8380015084315016,14.06642991681183,1.4398303450935028,20.56
15,0.45,0.3,0.26,24.0,0.6,35,1.439830345093503,0.0,0.8380015084315016,14.06642991681183,1.4398303450935028,20.56
7,0.55,0.3,0.05,8.0,0.6,75,1.4317031193546308,0.0,0.8007498814800031,11.297779581416467,1.4317031193546308,25.24
7,0.55,0.3,0.1,8.0,0.6,75,1.4317031193546308,0.0,0.8007498814800031,11.297779581416467,1.4317031193546308,25.24
7,0.55,0.3,0.18,8.0,0.6,75,1.4317031193546308,0.0,0.8007498814800031,11.297779581416467,1.4317031193546308,25.24
7,0.55,0.3,0.26,8.0,0.6,75,1.4317031193546308,0.0,0.8007498814800031,11.297779581416467,1.4317031193546308,25.24
11,0.55,0.3,0.05,8.0,0.6,75,1.4317031193546308,0.0,0.8007498814800031,11.297779581416467,1.4317031193546308,25.24
11,0.55,0.3,0.1,8.0,0.6,75,1.4317031193546308,0.0,0.8007498814800031,11.297779581416467,1.4317031193546308,25.24
11,0.55,0.3,0.18,8.0,0.6,75,1.4317031193546308,0.0,0.8007498814800031,11.297779581416467,1.4317031193546308,25.24
11,0.55,0.3,0.26,8.0,0.6,75,1.4317031193546308,0.0,0.8007498814800031,11.297779581416467,1.4317031193546308,25.24
15,0.55,0.3,0.05,8.0,0.6,75,1.4317031193546308,0.0,0.8007498814800031,11.297779581416467,1.4317031193546308,25.24
15,0.55,0.3,0.1,8.0,0.6,75,1.4317031193546308,0.0,0.8007498814800031,11.297779581416467,1.4317031193546308,25.24
15,0.55,0.3,0.18,8.0,0.6,75,1.4317031193546308,0.0,0.8007498814800031,11.297779581416467,1.4317031193546308,25.24
15,0.55,0.3,0.26,8.0,0.6,75,1.4317031193546308,0.0,0.8007498814800031,11.297779581416467,1.4317031193546308,25.24
7,0.45,0.3,0.05,24.0,0.6,35,1.4264970117601696,0.0,0.83075542762885,14.06642991681183,1.4264970117601696,20.64
11,0.45,0.3,0.05,24.0,0.6,35,1.4264970117601696,0.0,0.83075542762885,14.06642991681183,1.4264970117601696,20.64
15,0.45,0.3,0.05,24.0,0.6,35,1.4264970117601696,0.0,0.83075542762885,14.06642991681183,1.4264970117601696,20.64
7,0.55,0.3,0.05,13.0,2.0,75,1.424794886155605,0.0,0.8121399472105679,13.792648708332564,1.424794886155605,21.08
7,0.55,0.3,0.05,13.0,2.0,35,1.424794886155605,0.0,0.8121399472105679,13.792648708332564,1.424794886155605,21.08
7,0.55,0.3,0.1,13.0,2.0,35,1.424794886155605,0.0,0.8121399472105679,13.792648708332564,1.424794886155605,21.08
7,0.55,0.3,0.1,13.0,2.0,75,1.424794886155605,0.0,0.8121399472105679,13.792648708332564,1.424794886155605,21.08
7,0.55,0.3,0.18,13.0,2.0,35,1.424794886155605,0.0,0.8121399472105679,13.792648708332564,1.424794886155605,21.08
7,0.55,0.3,0.18,13.0,2.0,75,1.424794886155605,0.0,0.8121399472105679,13.792648708332564,1.424794886155605,21.08
7,0.55,0.3,0.26,13.0,2.0,35,1.424794886155605,0.0,0.8121399472105679,13.792648708332564,1.424794886155605,21.08
7,0.55,0.3,0.26,13.0,2.0,75,1.424794886155605,0.0,0.8121399472105679,13.792648708332564,1.424794886155605,21.08
11,0.55,0.3,0.05,13.0,2.0,75,1.424794886155605,0.0,0.8121399472105679,13.792648708332564,1.424794886155605,21.08
11,0.55,0.3,0.05,13.0,2.0,35,1.424794886155605,0.0,0.8121399472105679,13.792648708332564,1.424794886155605,21.08
11,0.55,0.3,0.1,13.0,2.0,75,1.424794886155605,0.0,0.8121399472105679,13.792648708332564,1.424794886155605,21.08
11,0.55,0.3,0.1,13.0,2.0,35,1.424794886155605,0.0,0.8121399472105679,13.792648708332564,1.424794886155605,21.08
11,0.55,0.3,0.18,13.0,2.0,35,1.424794886155605,0.0,0.8121399472105679,13.792648708332564,1.424794886155605,21.08
11,0.55,0.3,0.18,13.0,2.0,75,1.424794886155605,0.0,0.8121399472105679,13.792648708332564,1.424794886155605,21.08
11,0.55,0.3,0.26,13.0,2.0,35,1.424794886155605,0.0,0.8121399472105679,13.792648708332564,1.424794886155605,21.08
11,0.55,0.3,0.26,13.0,2.0,75,1.424794886155605,0.0,0.8121399472105679,13.792648708332564,1.424794886155605,21.08
15,0.55,0.3,0.05,13.0,2.0,75,1.424794886155605,0.0,0.8121399472105679,13.792648708332564,1.424794886155605,21.08
15,0.55,0.3,0.05,13.0,2.0,35,1.424794886155605,0.0,0.8121399472105679,13.792648708332564,1.424794886155605,21.08
15,0.55,0.3,0.1,13.0,2.0,35,1.424794886155605,0.0,0.8121399472105679,13.792648708332564,1.424794886155605,21.08
15,0.55,0.3,0.1,13.0,2.0,75,1.424794886155605,0.0,0.8121399472105679,13.792648708332564,1.424794886155605,21.08
15,0.55,0.3,0.18,13.0,2.0,35,1.424794886155605,0.0,0.8121399472105679,13.792648708332564,1.424794886155605,21.08
15,0.55,0.3,0.18,13.0,2.0,75,1.424794886155605,0.0,0.8121399472105679,13.792648708332564,1.424794886155605,21.08
15,0.55,0.3,0.26,13.0,2.0,35,1.424794886155605,0.0,0.8121399472105679,13.792648708332564,1.424794886155605,21.08
15,0.55,0.3,0.26,13.0,2.0,75,1.424794886155605,0.0,0.8121399472105679,13.792648708332564,1.424794886155605,21.08
7,0.55,0.3,0.05,8.0,0.6,35,1.42250771705578,0.0,0.7958677864450463,11.297779581416467,1.42250771705578,25.4
7,0.55,0.3,0.1,8.0,0.6,35,1.42250771705578,0.0,0.7958677864450463,11.297779581416467,1.42250771705578,25.4
7,0.55,0.3,0.18,8.0,0.6,35,1.42250771705578,0.0,0.7958677864450463,11.297779581416467,1.42250771705578,25.4
7,0.55,0.3,0.26,8.0,0.6,35,1.42250771705578,0.0,0.7958677864450463,11.297779581416467,1.42250771705578,25.4
11,0.55,0.3,0.05,8.0,0.6,35,1.42250771705578,0.0,0.7958677864450463,11.297779581416467,1.42250771705578,25.4
11,0.55,0.3,0.1,8.0,0.6,35,1.42250771705578,0.0,0.7958677864450463,11.297779581416467,1.42250771705578,25.4
11,0.55,0.3,0.18,8.0,0.6,35,1.42250771705578,0.0,0.7958677864450463,11.297779581416467,1.42250771705578,25.4
11,0.55,0.3,0.26,8.0,0.6,35,1.42250771705578,0.0,0.7958677864450463,11.297779581416467,1.42250771705578,25.4
15,0.55,0.3,0.05,8.0,0.6,35,1.42250771705578,0.0,0.7958677864450463,11.297779581416467,1.42250771705578,25.4
15,0.55,0.3,0.1,8.0,0.6,35,1.42250771705578,0.0,0.7958677864450463,11.297779581416467,1.42250771705578,25.4
15,0.55,0.3,0.18,8.0,0.6,35,1.42250771705578,0.0,0.7958677864450463,11.297779581416467,1.42250771705578,25.4
15,0.55,0.3,0.26,8.0,0.6,35,1.42250771705578,0.0,0.7958677864450463,11.297779581416467,1.42250771705578,25.4
7,0.35,0.3,0.05,18.0,2.0,75,1.4176798688426597,0.0,0.785106241044236,15.573051307500732,1.4176798688426597,25.48
7,0.35,0.3,0.1,18.0,2.0,75,1.4176798688426597,0.0,0.785106241044236,15.573051307500732,1.4176798688426597,25.48
7,0.35,0.3,0.18,18.0,2.0,75,1.4176798688426597,0.0,0.785106241044236,15.573051307500732,1.4176798688426597,25.48
7,0.35,0.3,0.26,18.0,2.0,75,1.4176798688426597,0.0,0.785106241044236,15.573051307500732,1.4176798688426597,25.48
11,0.35,0.3,0.05,18.0,2.0,75,1.4176798688426597,0.0,0.785106241044236,15.573051307500732,1.4176798688426597,25.48
11,0.35,0.3,0.1,18.0,2.0,75,1.4176798688426597,0.0,0.785106241044236,15.573051307500732,1.4176798688426597,25.48
11,0.35,0.3,0.18,18.0,2.0,75,1.4176798688426597,0.0,0.785106241044236,15.573051307500732,1.4176798688426597,25.48
11,0.35,0.3,0.26,18.0,2.0,75,1.4176798688426597,0.0,0.785106241044236,15.573051307500732,1.4176798688426597,25.48
15,0.35,0.3,0.05,18.0,2.0,75,1.4176798688426597,0.0,0.785106241044236,15.573051307500732,1.4176798688426597,25.48
15,0.35,0.3,0.1,18.0,2.0,75,1.4176798688426597,0.0,0.785106241044236,15.573051307500732,1.4176798688426597,25.48
15,0.35,0.3,0.18,18.0,2.0,75,1.4176798688426597,0.0,0.785106241044236,15.573051307500732,1.4176798688426597,25.48
15,0.35,0.3,0.26,18.0,2.0,75,1.4176798688426597,0.0,0.785106241044236,15.573051307500732,1.4176798688426597,25.48
7,0.55,0.42,0.05,13.0,0.6,75,1.4113625527232716,0.0,0.813466592194413,13.87549706603108,1.4113625527232716,20.96
7,0.55,0.42,0.1,13.0,0.6,75,1.4113625527232716,0.0,0.813466592194413,13.87549706603108,1.4113625527232716,20.96
7,0.55,0.42,0.18,13.0,0.6,75,1.4113625527232716,0.0,0.813466592194413,13.87549706603108,1.4113625527232716,20.96
7,0.55,0.42,0.26,13.0,0.6,75,1.4113625527232716,0.0,0.813466592194413,13.87549706603108,1.4113625527232716,20.96
11,0.55,0.42,0.05,13.0,0.6,75,1.4113625527232716,0.0,0.813466592194413,13.87549706603108,1.4113625527232716,20.96
11,0.55,0.42,0.1,13.0,0.6,75,1.4113625527232716,0.0,0.813466592194413,13.87549706603108,1.4113625527232716,20.96
11,0.55,0.42,0.18,13.0,0.6,75,1.4113625527232716,0.0,0.813466592194413,13.87549706603108,1.4113625527232716,20.96
11,0.55,0.42,0.26,13.0,0.6,75,1.4113625527232716,0.0,0.813466592194413,13.87549706603108,1.4113625527232716,20.96
15,0.55,0.42,0.05,13.0,0.6,75,1.4113625527232716,0.0,0.813466592194413,13.87549706603108,1.4113625527232716,20.96
15,0.55,0.42,0.1,13.0,0.6,75,1.4113625527232716,0.0,0.813466592194413,13.87549706603108,1.4113625527232716,20.96
15,0.55,0.42,0.18,13.0,0.6,75,1.4113625527232716,0.0,0.813466592194413,13.87549706603108,1.4113625527232716,20.96
15,0.55,0.42,0.26,13.0,0.6,75,1.4113625527232716,0.0,0.813466592194413,13.87549706603108,1.4113625527232716,20.96
7,0.35,0.3,0.05,18.0,2.0,35,1.4065093400250719,0.0,0.7788101756195802,15.573051307500732,1.4065093400250719,25.64
7,0.35,0.3,0.1,18.0,2.0,35,1.4065093400250719,0.0,0.7788101756195802,15.573051307500732,1.4065093400250719,25.64
7,0.35,0.3,0.18,18.0,2.0,35,1.4065093400250719,0.0,0.7788101756195802,15.573051307500732,1.4065093400250719,25.64
7,0.35,0.3,0.26,18.0,2.0,35,1.4065093400250719,0.0,0.7788101756195802,15.573051307500732,1.4065093400250719,25.64
11,0.35,0.3,0.05,18.0,2.0,35,1.4065093400250719,0.0,0.7788101756195802,15.573051307500732,1.4065093400250719,25.64
11,0.35,0.3,0.1,18.0,2.0,35,1.4065093400250719,0.0,0.7788101756195802,15.573051307500732,1.4065093400250719,25.64
11,0.35,0.3,0.18,18.0,2.0,35,1.4065093400250719,0.0,0.7788101756195802,15.573051307500732,1.4065093400250719,25.64
11,0.35,0.3,0.26,18.0,2.0,35,1.4065093400250719,0.0,0.7788101756195802,15.573051307500732,1.4065093400250719,25.64
15,0.35,0.3,0.05,18.0,2.0,35,1.4065093400250719,0.0,0.7788101756195802,15.573051307500732,1.4065093400250719,25.64
15,0.35,0.3,0.1,18.0,2.0,35,1.4065093400250719,0.0,0.7788101756195802,15.573051307500732,1.4065093400250719,25.64
15,0.35,0.3,0.18,18.0,2.0,35,1.4065093400250719,0.0,0.7788101756195802,15.573051307500732,1.4065093400250719,25.64
15,0.35,0.3,0.26,18.0,2.0,35,1.4065093400250719,0.0,0.7788101756195802,15.573051307500732,1.4065093400250719,25.64
7,0.55,0.42,0.05,13.0,0.6,35,1.3990548604155792,0.0,0.8068512408286834,13.87549706603108,1.3990548604155792,21.08
7,0.55,0.42,0.1,13.0,0.6,35,1.3990548604155792,0.0,0.8068512408286834,13.87549706603108,1.3990548604155792,21.08
7,0.55,0.42,0.18,13.0,0.6,35,1.3990548604155792,0.0,0.8068512408286834,13.87549706603108,1.3990548604155792,21.08
7,0.55,0.42,0.26,13.0,0.6,35,1.3990548604155792,0.0,0.8068512408286834,13.87549706603108,1.3990548604155792,21.08
11,0.55,0.42,0.05,13.0,0.6,35,1.3990548604155792,0.0,0.8068512408286834,13.87549706603108,1.3990548604155792,21.08
11,0.55,0.42,0.1,13.0,0.6,35,1.3990548604155792,0.0,0.8068512408286834,13.87549706603108,1.3990548604155792,21.08
11,0.55,0.42,0.18,13.0,0.6,35,1.3990548604155792,0.0,0.8068512408286834,13.87549706603108,1.3990548604155792,21.08
11,0.55,0.42,0.26,13.0,0.6,35,1.3990548604155792,0.0,0.8068512408286834,13.87549706603108,1.3990548604155792,21.08
15,0.55,0.42,0.05,13.0,0.6,35,1.3990548604155792,0.0,0.8068512408286834,13.87549706603108,1.3990548604155792,21.08
15,0.55,0.42,0.1,13.0,0.6,35,1.3990548604155792,0.0,0.8068512408286834,13.87549706603108,1.3990548604155792,21.08
15,0.55,0.42,0.18,13.0,0.6,35,1.3990548604155792,0.0,0.8068512408286834,13.87549706603108,1.3990548604155792,21.08
15,0.55,0.42,0.26,13.0,0.6,35,1.3990548604155792,0.0,0.8068512408286834,13.87549706603108,1.3990548604155792,21.08
7,0.25,0.3,0.05,8.0,0.6,75,1.3683825955003575,0.0,0.7522698929427166,15.390371169608583,1.3683825955003575,36.8
7,0.25,0.3,0.1,8.0,0.6,75,1.3683825955003575,0.0,0.7522698929427166,15.390371169608583,1.3683825955003575,36.8
7,0.25,0.3,0.18,8.0,0.6,75,1.3683825955003575,0.0,0.7522698929427166,15.390371169608583,1.3683825955003575,36.8
7,0.25,0.3,0.26,8.0,0.6,75,1.3683825955003575,0.0,0.7522698929427166,15.390371169608583,1.3683825955003575,36.8
11,0.25,0.3,0.05,8.0,0.6,75,1.3683825955003575,0.0,0.7522698929427166,15.390371169608583,1.3683825955003575,36.8
11,0.25,0.3,0.1,8.0,0.6,75,1.3683825955003575,0.0,0.7522698929427166,15.390371169608583,1.3683825955003575,36.8
11,0.25,0.3,0.18,8.0,0.6,75,1.3683825955003575,0.0,0.7522698929427166,15.390371169608583,1.3683825955003575,36.8
11,0.25,0.3,0.26,8.0,0.6,75,1.3683825955003575,0.0,0.7522698929427166,15.390371169608583,1.3683825955003575,36.8
15,0.25,0.3,0.05,8.0,0.6,75,1.3683825955003575,0.0,0.7522698929427166,15.390371169608583,1.3683825955003575,36.8
15,0.25,0.3,0.1,8.0,0.6,75,1.3683825955003575,0.0,0.7522698929427166,15.390371169608583,1.3683825955003575,36.8
15,0.25,0.3,0.18,8.0,0.6,75,1.3683825955003575,0.0,0.7522698929427166,15.390371169608583,1.3683825955003575,36.8
15,0.25,0.3,0.26,8.0,0.6,75,1.3683825955003575,0.0,0.7522698929427166,15.390371169608583,1.3683825955003575,36.8
7,0.25,0.3,0.05,13.0,2.0,75,1.359282418112101,0.0,0.7612875857514442,15.689782561676575,1.359282418112101,31.48
7,0.25,0.3,0.1,13.0,2.0,75,1.359282418112101,0.0,0.7612875857514442,15.689782561676575,1.359282418112101,31.48
7,0.25,0.3,0.18,13.0,2.0,75,1.359282418112101,0.0,0.7612875857514442,15.689782561676575,1.359282418112101,31.48
7,0.25,0.3,0.26,13.0,2.0,75,1.359282418112101,0.0,0.7612875857514442,15.689782561676575,1.359282418112101,31.48
11,0.25,0.3,0.05,13.0,2.0,75,1.359282418112101,0.0,0.7612875857514442,15.689782561676575,1.359282418112101,31.48
11,0.25,0.3,0.1,13.0,2.0,75,1.359282418112101,0.0,0.7612875857514442,15.689782561676575,1.359282418112101,31.48
11,0.25,0.3,0.18,13.0,2.0,75,1.359282418112101,0.0,0.7612875857514442,15.689782561676575,1.359282418112101,31.48
11,0.25,0.3,0.26,13.0,2.0,75,1.359282418112101,0.0,0.7612875857514442,15.689782561676575,1.359282418112101,31.48
15,0.25,0.3,0.05,13.0,2.0,75,1.359282418112101,0.0,0.7612875857514442,15.689782561676575,1.359282418112101,31.48
15,0.25,0.3,0.1,13.0,2.0,75,1.359282418112101,0.0,0.7612875857514442,15.689782561676575,1.359282418112101,31.48
15,0.25,0.3,0.18,13.0,2.0,75,1.359282418112101,0.0,0.7612875857514442,15.689782561676575,1.359282418112101,31.48
15,0.25,0.3,0.26,13.0,2.0,75,1.359282418112101,0.0,0.7612875857514442,15.689782561676575,1.359282418112101,31.48
7,0.55,0.55,0.05,24.0,0.6,75,1.3531575975511902,0.0,0.7413723925584672,11.056778340533757,1.35315759755119,18.04
7,0.55,0.55,0.1,24.0,0.6,75,1.3531575975511902,0.0,0.7413723925584672,11.056778340533757,1.35315759755119,18.0
7,0.55,0.55,0.18,24.0,0.6,75,1.3531575975511902,0.0,0.7413723925584672,11.056778340533757,1.35315759755119,18.0
7,0.55,0.55,0.26,24.0,0.6,75,1.3531575975511902,0.0,0.7413723925584672,11.056778340533757,1.35315759755119,18.0
11,0.55,0.55,0.05,24.0,0.6,75,1.3531575975511902,0.0,0.7413723925584672,11.056778340533757,1.35315759755119,18.04
11,0.55,0.55,0.1,24.0,0.6,75,1.3531575975511902,0.0,0.7413723925584672,11.056778340533757,1.35315759755119,18.0
11,0.55,0.55,0.18,24.0,0.6,75,1.3531575975511902,0.0,0.7413723925584672,11.056778340533757,1.35315759755119,18.0
11,0.55,0.55,0.26,24.0,0.6,75,1.3531575975511902,0.0,0.7413723925584672,11.056778340533757,1.35315759755119,18.0
15,0.55,0.55,0.05,24.0,0.6,75,1.3531575975511902,0.0,0.7413723925584672,11.056778340533757,1.35315759755119,18.04
15,0.55,0.55,0.1,24.0,0.6,75,1.3531575975511902,0.0,0.7413723925584672,11.056778340533757,1.35315759755119,18.0
15,0.55,0.55,0.18,24.0,0.6,75,1.3531575975511902,0.0,0.7413723925584672,11.056778340533757,1.35315759755119,18.0
15,0.55,0.55,0.26,24.0,0.6,75,1.3531575975511902,0.0,0.7413723925584672,11.056778340533757,1.35315759755119,18.0
7,0.45,0.42,0.05,8.0,0.6,75,1.3496398559423768,0.0,0.7483428656647737,13.367704668642059,1.3496398559423768,28.84
7,0.45,0.42,0.1,8.0,0.6,75,1.3496398559423768,0.0,0.7483428656647737,13.367704668642059,1.3496398559423768,28.84
7,0.45,0.42,0.18,8.0,0.6,75,1.3496398559423768,0.0,0.7483428656647737,13.367704668642059,1.3496398559423768,28.84
7,0.45,0.42,0.26,8.0,0.6,75,1.3496398559423768,0.0,0.7483428656647737,13.367704668642059,1.3496398559423768,28.84
11,0.45,0.42,0.05,8.0,0.6,75,1.3496398559423768,0.0,0.7483428656647737,13.367704668642059,1.3496398559423768,28.84
11,0.45,0.42,0.1,8.0,0.6,75,1.3496398559423768,0.0,0.7483428656647737,13.367704668642059,1.3496398559423768,28.84
11,0.45,0.42,0.18,8.0,0.6,75,1.3496398559423768,0.0,0.7483428656647737,13.367704668642059,1.3496398559423768,28.84
11,0.45,0.42,0.26,8.0,0.6,75,1.3496398559423768,0.0,0.7483428656647737,13.367704668642059,1.3496398559423768,28.84
15,0.45,0.42,0.05,8.0,0.6,75,1.3496398559423768,0.0,0.7483428656647737,13.367704668642059,1.3496398559423768,28.84
15,0.45,0.42,0.1,8.0,0.6,75,1.3496398559423768,0.0,0.7483428656647737,13.367704668642059,1.3496398559423768,28.84
15,0.45,0.42,0.18,8.0,0.6,75,1.3496398559423768,0.0,0.7483428656647737,13.367704668642059,1.3496398559423768,28.84
15,0.45,0.42,0.26,8.0,0.6,75,1.3496398559423768,0.0,0.7483428656647737,13.367704668642059,1.3496398559423768,28.84
7,0.25,0.3,0.05,13.0,2.0,35,1.344770113950725,0.0,0.7535896462496587,15.689782561676575,1.3447701139507249,32.12
7,0.25,0.3,0.1,13.0,2.0,35,1.344770113950725,0.0,0.7535896462496587,15.689782561676575,1.3447701139507249,32.12
7,0.25,0.3,0.18,13.0,2.0,35,1.344770113950725,0.0,0.7535896462496587,15.689782561676575,1.3447701139507249,32.12
7,0.25,0.3,0.26,13.0,2.0,35,1.344770113950725,0.0,0.7535896462496587,15.689782561676575,1.3447701139507249,32.12
11,0.25,0.3,0.05,13.0,2.0,35,1.344770113950725,0.0,0.7535896462496587,15.689782561676575,1.3447701139507249,32.12
11,0.25,0.3,0.1,13.0,2.0,35,1.344770113950725,0.0,0.7535896462496587,15.689782561676575,1.3447701139507249,32.12
11,0.25,0.3,0.18,13.0,2.0,35,1.344770113950725,0.0,0.7535896462496587,15.689782561676575,1.3447701139507249,32.12
11,0.25,0.3,0.26,13.0,2.0,35,1.344770113950725,0.0,0.7535896462496587,15.689782561676575,1.3447701139507249,32.12
15,0.25,0.3,0.05,13.0,2.0,35,1.344770113950725,0.0,0.7535896462496587,15.689782561676575,1.3447701139507249,32.12
15,0.25,0.3,0.1,13.0,2.0,35,1.344770113950725,0.0,0.7535896462496587,15.689782561676575,1.3447701139507249,32.12
15,0.25,0.3,0.18,13.0,2.0,35,1.344770113950725,0.0,0.7535896462496587,15.689782561676575,1.3447701139507249,32.12
15,0.25,0.3,0.26,13.0,2.0,35,1.344770113950725,0.0,0.7535896462496587,15.689782561676575,1.3447701139507249,32.12
7,0.45,0.42,0.05,8.0,0.6,35,1.3420640983666194,0.0,0.7445215202927022,13.367704668642059,1.3420640983666192,29.12
7,0.45,0.42,0.1,8.0,0.6,35,1.3420640983666194,0.0,0.7445215202927022,13.367704668642059,1.3420640983666192,29.12
7,0.45,0.42,0.18,8.0,0.6,35,1.3420640983666194,0.0,0.7445215202927022,13.367704668642059,1.3420640983666192,29.12
7,0.45,0.42,0.26,8.0,0.6,35,1.3420640983666194,0.0,0.7445215202927022,13.367704668642059,1.3420640983666192,29.12
11,0.45,0.42,0.05,8.0,0.6,35,1.3420640983666194,0.0,0.7445215202927022,13.367704668642059,1.3420640983666192,29.12
11,0.45,0.42,0.1,8.0,0.6,35,1.3420640983666194,0.0,0.7445215202927022,13.367704668642059,1.3420640983666192,29.12
11,0.45,0.42,0.18,8.0,0.6,35,1.3420640983666194,0.0,0.7445215202927022,13.367704668642059,1.3420640983666192,29.12
11,0.45,0.42,0.26,8.0,0.6,35,1.3420640983666194,0.0,0.7445215202927022,13.367704668642059,1.3420640983666192,29.12
15,0.45,0.42,0.05,8.0,0.6,35,1.3420640983666194,0.0,0.7445215202927022,13.367704668642059,1.3420640983666192,29.12
15,0.45,0.42,0.1,8.0,0.6,35,1.3420640983666194,0.0,0.7445215202927022,13.367704668642059,1.3420640983666192,29.12
15,0.45,0.42,0.18,8.0,0.6,35,1.3420640983666194,0.0,0.7445215202927022,13.367704668642059,1.3420640983666192,29.12
15,0.45,0.42,0.26,8.0,0.6,35,1.3420640983666194,0.0,0.7445215202927022,13.367704668642059,1.3420640983666192,29.12
7,0.55,0.3,0.05,8.0,1.2,75,1.3412053314980756,0.0,0.753876891396426,11.371494044293271,1.3412053314980756,25.36
7,0.55,0.3,0.1,8.0,1.2,75,1.3412053314980756,0.0,0.753876891396426,11.371494044293271,1.3412053314980756,25.36
7,0.55,0.3,0.18,8.0,1.2,75,1.3412053314980756,0.0,0.753876891396426,11.371494044293271,1.3412053314980756,25.36
7,0.55,0.3,0.26,8.0,1.2,75,1.3412053314980756,0.0,0.753876891396426,11.371494044293271,1.3412053314980756,25.36
11,0.55,0.3,0.05,8.0,1.2,75,1.3412053314980756,0.0,0.753876891396426,11.371494044293271,1.3412053314980756,25.36
11,0.55,0.3,0.1,8.0,1.2,75,1.3412053314980756,0.0,0.753876891396426,11.371494044293271,1.3412053314980756,25.36
11,0.55,0.3,0.18,8.0,1.2,75,1.3412053314980756,0.0,0.753876891396426,11.371494044293271,1.3412053314980756,25.36
11,0.55,0.3,0.26,8.0,1.2,75,1.3412053314980756,0.0,0.753876891396426,11.371494044293271,1.3412053314980756,25.36
15,0.55,0.3,0.05,8.0,1.2,75,1.3412053314980756,0.0,0.753876891396426,11.371494044293271,1.3412053314980756,25.36
15,0.55,0.3,0.1,8.0,1.2,75,1.3412053314980756,0.0,0.753876891396426,11.371494044293271,1.3412053314980756,25.36
15,0.55,0.3,0.18,8.0,1.2,75,1.3412053314980756,0.0,0.753876891396426,11.371494044293271,1.3412053314980756,25.36
15,0.55,0.3,0.26,8.0,1.2,75,1.3412053314980756,0.0,0.753876891396426,11.371494044293271,1.3412053314980756,25.36
7,0.55,0.42,0.05,8.0,1.2,75,1.3412053314980756,0.0,0.717537297359673,10.728981430075622,1.3412053314980756,25.36
7,0.55,0.42,0.1,8.0,1.2,75,1.3412053314980756,0.0,0.717537297359673,10.728981430075622,1.3412053314980756,25.36
7,0.55,0.42,0.18,8.0,1.2,75,1.3412053314980756,0.0,0.717537297359673,10.728981430075622,1.3412053314980756,25.36
7,0.55,0.42,0.26,8.0,1.2,75,1.3412053314980756,0.0,0.717537297359673,10.728981430075622,1.3412053314980756,25.36
11,0.55,0.42,0.05,8.0,1.2,75,1.3412053314980756,0.0,0.717537297359673,10.728981430075622,1.3412053314980756,25.36
11,0.55,0.42,0.1,8.0,1.2,75,1.3412053314980756,0.0,0.717537297359673,10.728981430075622,1.3412053314980756,25.36
11,0.55,0.42,0.18,8.0,1.2,75,1.3412053314980756,0.0,0.717537297359673,10.728981430075622,1.3412053314980756,25.36
11,0.55,0.42,0.26,8.0,1.2,75,1.3412053314980756,0.0,0.717537297359673,10.728981430075622,1.3412053314980756,25.36
15,0.55,0.42,0.05,8.0,1.2,75,1.3412053314980756,0.0,0.717537297359673,10.728981430075622,1.3412053314980756,25.36
15,0.55,0.42,0.1,8.0,1.2,75,1.3412053314980756,0.0,0.717537297359673,10.728981430075622,1.3412053314980756,25.36
15,0.55,0.42,0.18,8.0,1.2,75,1.3412053314980756,0.0,0.717537297359673,10.728981430075622,1.3412053314980756,25.36
15,0.55,0.42,0.26,8.0,1.2,75,1.3412053314980756,0.0,0.717537297359673,10.728981430075622,1.3412053314980756,25.36
7,0.55,0.55,0.05,24.0,0.6,35,1.3386648439280018,0.0,0.7339548352368266,11.056778340533757,1.3386648439280016,18.12
7,0.55,0.55,0.1,24.0,0.6,35,1.3386648439280018,0.0,0.7339548352368266,11.056778340533757,1.3386648439280016,18.08
7,0.55,0.55,0.18,24.0,0.6,35,1.3386648439280018,0.0,0.7339548352368266,11.056778340533757,1.3386648439280016,18.08
7,0.55,0.55,0.26,24.0,0.6,35,1.3386648439280018,0.0,0.7339548352368266,11.056778340533757,1.3386648439280016,18.08
11,0.55,0.55,0.05,24.0,0.6,35,1.3386648439280018,0.0,0.7339548352368266,11.056778340533757,1.3386648439280016,18.12
11,0.55,0.55,0.1,24.0,0.6,35,1.3386648439280018,0.0,0.7339548352368266,11.056778340533757,1.3386648439280016,18.08
11,0.55,0.55,0.18,24.0,0.6,35,1.3386648439280018,0.0,0.7339548352368266,11.056778340533757,1.3386648439280016,18.08
11,0.55,0.55,0.26,24.0,0.6,35,1.3386648439280018,0.0,0.7339548352368266,11.056778340533757,1.3386648439280016,18.08
15,0.55,0.55,0.05,24.0,0.6,35,1.3386648439280018,0.0,0.7339548352368266,11.056778340533757,1.3386648439280016,18.12
15,0.55,0.55,0.1,24.0,0.6,35,1.3386648439280018,0.0,0.7339548352368266,11.056778340533757,1.3386648439280016,18.08
15,0.55,0.55,0.18,24.0,0.6,35,1.3386648439280018,0.0,0.7339548352368266,11.056778340533757,1.3386648439280016,18.08
15,0.55,0.55,0.26,24.0,0.6,35,1.3386648439280018,0.0,0.7339548352368266,11.056778340533757,1.3386648439280016,18.08
7,0.55,0.3,0.05,8.0,1.2,35,1.3376592322072953,0.0,0.7518531379681272,11.371494044293271,1.3376592322072955,25.44
7,0.55,0.3,0.1,8.0,1.2,35,1.3376592322072953,0.0,0.7518531379681272,11.371494044293271,1.3376592322072955,25.44
7,0.55,0.3,0.18,8.0,1.2,35,1.3376592322072953,0.0,0.7518531379681272,11.371494044293271,1.3376592322072955,25.44
7,0.55,0.3,0.26,8.0,1.2,35,1.3376592322072953,0.0,0.7518531379681272,11.371494044293271,1.3376592322072955,25.44
11,0.55,0.3,0.05,8.0,1.2,35,1.3376592322072953,0.0,0.7518531379681272,11.371494044293271,1.3376592322072955,25.44
11,0.55,0.3,0.1,8.0,1.2,35,1.3376592322072953,0.0,0.7518531379681272,11.371494044293271,1.3376592322072955,25.44
11,0.55,0.3,0.18,8.0,1.2,35,1.3376592322072953,0.0,0.7518531379681272,11.371494044293271,1.3376592322072955,25.44
11,0.55,0.3,0.26,8.0,1.2,35,1.3376592322072953,0.0,0.7518531379681272,11.371494044293271,1.3376592322072955,25.44
15,0.55,0.3,0.05,8.0,1.2,35,1.3376592322072953,0.0,0.7518531379681272,11.371494044293271,1.3376592322072955,25.44
15,0.55,0.3,0.1,8.0,1.2,35,1.3376592322072953,0.0,0.7518531379681272,11.371494044293271,1.3376592322072955,25.44
15,0.55,0.3,0.18,8.0,1.2,35,1.3376592322072953,0.0,0.7518531379681272,11.371494044293271,1.3376592322072955,25.44
15,0.55,0.3,0.26,8.0,1.2,35,1.3376592322072953,0.0,0.7518531379681272,11.371494044293271,1.3376592322072955,25.44
7,0.55,0.42,0.05,8.0,1.2,35,1.3376592322072953,0.0,0.7155256260413939,10.728981430075622,1.3376592322072955,25.44
7,0.55,0.42,0.1,8.0,1.2,35,1.3376592322072953,0.0,0.7155256260413939,10.728981430075622,1.3376592322072955,25.44
7,0.55,0.42,0.18,8.0,1.2,35,1.3376592322072953,0.0,0.7155256260413939,10.728981430075622,1.3376592322072955,25.44
7,0.55,0.42,0.26,8.0,1.2,35,1.3376592322072953,0.0,0.7155256260413939,10.728981430075622,1.3376592322072955,25.44
11,0.55,0.42,0.05,8.0,1.2,35,1.3376592322072953,0.0,0.7155256260413939,10.728981430075622,1.3376592322072955,25.44
11,0.55,0.42,0.1,8.0,1.2,35,1.3376592322072953,0.0,0.7155256260413939,10.728981430075622,1.3376592322072955,25.44
11,0.55,0.42,0.18,8.0,1.2,35,1.3376592322072953,0.0,0.7155256260413939,10.728981430075622,1.3376592322072955,25.44
11,0.55,0.42,0.26,8.0,1.2,35,1.3376592322072953,0.0,0.7155256260413939,10.728981430075622,1.3376592322072955,25.44
15,0.55,0.42,0.05,8.0,1.2,35,1.3376592322072953,0.0,0.7155256260413939,10.728981430075622,1.3376592322072955,25.44
15,0.55,0.42,0.1,8.0,1.2,35,1.3376592322072953,0.0,0.7155256260413939,10.728981430075622,1.3376592322072955,25.44
15,0.55,0.42,0.18,8.0,1.2,35,1.3376592322072953,0.0,0.7155256260413939,10.728981430075622,1.3376592322072955,25.44
15,0.55,0.42,0.26,8.0,1.2,35,1.3376592322072953,0.0,0.7155256260413939,10.728981430075622,1.3376592322072955,25.44
7,0.35,0.3,0.05,8.0,1.2,75,1.33624766967085,0.0,0.731279483073258,15.261115959262533,1.33624766967085,33.68
7,0.35,0.3,0.1,8.0,1.2,75,1.33624766967085,0.0,0.731279483073258,15.261115959262533,1.33624766967085,33.68
7,0.35,0.3,0.18,8.0,1.2,75,1.33624766967085,0.0,0.731279483073258,15.261115959262533,1.33624766967085,33.68
7,0.35,0.3,0.26,8.0,1.2,75,1.33624766967085,0.0,0.731279483073258,15.261115959262533,1.33624766967085,33.68
11,0.35,0.3,0.05,8.0,1.2,75,1.33624766967085,0.0,0.731279483073258,15.261115959262533,1.33624766967085,33.68
11,0.35,0.3,0.1,8.0,1.2,75,1.33624766967085,0.0,0.731279483073258,15.261115959262533,1.33624766967085,33.68
11,0.35,0.3,0.18,8.0,1.2,75,1.33624766967085,0.0,0.731279483073258,15.261115959262533,1.33624766967085,33.68
11,0.35,0.3,0.26,8.0,1.2,75,1.33624766967085,0.0,0.731279483073258,15.261115959262533,1.33624766967085,33.68
15,0.35,0.3,0.05,8.0,1.2,75,1.33624766967085,0.0,0.731279483073258,15.261115959262533,1.33624766967085,33.68
15,0.35,0.3,0.1,8.0,1.2,75,1.33624766967085,0.0,0.731279483073258,15.261115959262533,1.33624766967085,33.68
15,0.35,0.3,0.18,8.0,1.2,75,1.33624766967085,0.0,0.731279483073258,15.261115959262533,1.33624766967085,33.68
15,0.35,0.3,0.26,8.0,1.2,75,1.33624766967085,0.0,0.731279483073258,15.261115959262533,1.33624766967085,33.68
7,0.35,0.3,0.05,8.0,0.6,75,1.3346200166754163,0.0,0.743649262771815,13.40549086659898,1.334620016675416,33.16
7,0.35,0.3,0.1,8.0,0.6,75,1.3346200166754163,0.0,0.743649262771815,13.40549086659898,1.334620016675416,33.16
7,0.35,0.3,0.18,8.0,0.6,75,1.3346200166754163,0.0,0.743649262771815,13.40549086659898,1.334620016675416,33.16
7,0.35,0.3,0.26,8.0,0.6,75,1.3346200166754163,0.0,0.743649262771815,13.40549086659898,1.334620016675416,33.16
11,0.35,0.3,0.05,8.0,0.6,75,1.3346200166754163,0.0,0.743649262771815,13.40549086659898,1.334620016675416,33.16
11,0.35,0.3,0.1,8.0,0.6,75,1.3346200166754163,0.0,0.743649262771815,13.40549086659898,1.334620016675416,33.16
11,0.35,0.3,0.18,8.0,0.6,75,1.3346200166754163,0.0,0.743649262771815,13.40549086659898,1.334620016675416,33.16
11,0.35,0.3,0.26,8.0,0.6,75,1.3346200166754163,0.0,0.743649262771815,13.40549086659898,1.334620016675416,33.16
15,0.35,0.3,0.05,8.0,0.6,75,1.3346200166754163,0.0,0.743649262771815,13.40549086659898,1.334620016675416,33.16
15,0.35,0.3,0.1,8.0,0.6,75,1.3346200166754163,0.0,0.743649262771815,13.40549086659898,1.334620016675416,33.16
15,0.35,0.3,0.18,8.0,0.6,75,1.3346200166754163,0.0,0.743649262771815,13.40549086659898,1.334620016675416,33.16
15,0.35,0.3,0.26,8.0,0.6,75,1.3346200166754163,0.0,0.743649262771815,13.40549086659898,1.334620016675416,33.16
7,0.25,0.3,0.05,8.0,0.6,35,1.3343474481641375,0.0,0.7337527753700477,15.390371169608583,1.3343474481641375,38.28
7,0.25,0.3,0.1,8.0,0.6,35,1.3343474481641375,0.0,0.7337527753700477,15.390371169608583,1.3343474481641375,38.28
7,0.25,0.3,0.18,8.0,0.6,35,1.3343474481641375,0.0,0.7337527753700477,15.390371169608583,1.3343474481641375,38.28
7,0.25,0.3,0.26,8.0,0.6,35,1.3343474481641375,0.0,0.7337527753700477,15.390371169608583,1.3343474481641375,38.28
11,0.25,0.3,0.05,8.0,0.6,35,1.3343474481641375,0.0,0.7337527753700477,15.390371169608583,1.3343474481641375,38.28
11,0.25,0.3,0.1,8.0,0.6,35,1.3343474481641375,0.0,0.7337527753700477,15.390371169608583,1.3343474481641375,38.28
11,0.25,0.3,0.18,8.0,0.6,35,1.3343474481641375,0.0,0.7337527753700477,15.390371169608583,1.3343474481641375,38.28
11,0.25,0.3,0.26,8.0,0.6,35,1.3343474481641375,0.0,0.7337527753700477,15.390371169608583,1.3343474481641375,38.28
15,0.25,0.3,0.05,8.0,0.6,35,1.3343474481641375,0.0,0.7337527753700477,15.390371169608583,1.3343474481641375,38.28
15,0.25,0.3,0.1,8.0,0.6,35,1.3343474481641375,0.0,0.7337527753700477,15.390371169608583,1.3343474481641375,38.28
15,0.25,0.3,0.18,8.0,0.6,35,1.3343474481641375,0.0,0.7337527753700477,15.390371169608583,1.3343474481641375,38.28
15,0.25,0.3,0.26,8.0,0.6,35,1.3343474481641375,0.0,0.7337527753700477,15.390371169608583,1.3343474481641375,38.28
7,0.35,0.3,0.05,8.0,1.2,35,1.3207412555450158,0.0,0.7227897906644507,15.261115959262533,1.3207412555450158,34.0
7,0.35,0.3,0.1,8.0,1.2,35,1.3207412555450158,0.0,0.7227897906644507,15.261115959262533,1.3207412555450158,34.0
7,0.35,0.3,0.18,8.0,1.2,35,1.3207412555450158,0.0,0.7227897906644507,15.261115959262533,1.3207412555450158,34.0
7,0.35,0.3,0.26,8.0,1.2,35,1.3207412555450158,0.0,0.7227897906644507,15.261115959262533,1.3207412555450158,34.0
11,0.35,0.3,0.05,8.0,1.2,35,1.3207412555450158,0.0,0.7227897906644507,15.261115959262533,1.3207412555450158,34.0
11,0.35,0.3,0.1,8.0,1.2,35,1.3207412555450158,0.0,0.7227897906644507,15.261115959262533,1.3207412555450158,34.0
11,0.35,0.3,0.18,8.0,1.2,35,1.3207412555450158,0.0,0.7227897906644507,15.261115959262533,1.3207412555450158,34.0
11,0.35,0.3,0.26,8.0,1.2,35,1.3207412555450158,0.0,0.7227897906644507,15.261115959262533,1.3207412555450158,34.0
15,0.35,0.3,0.05,8.0,1.2,35,1.3207412555450158,0.0,0.7227897906644507,15.261115959262533,1.3207412555450158,34.0
15,0.35,0.3,0.1,8.0,1.2,35,1.3207412555450158,0.0,0.7227897906644507,15.261115959262533,1.3207412555450158,34.0
15,0.35,0.3,0.18,8.0,1.2,35,1.3207412555450158,0.0,0.7227897906644507,15.261115959262533,1.3207412555450158,34.0
15,0.35,0.3,0.26,8.0,1.2,35,1.3207412555450158,0.0,0.7227897906644507,15.261115959262533,1.3207412555450158,34.0
7,0.35,0.3,0.05,8.0,0.6,35,1.312838873004039,0.0,0.7318040149584754,13.40549086659898,1.3128388730040388,33.88
7,0.35,0.3,0.1,8.0,0.6,35,1.312838873004039,0.0,0.7318040149584754,13.40549086659898,1.3128388730040388,33.88
7,0.35,0.3,0.18,8.0,0.6,35,1.312838873004039,0.0,0.7318040149584754,13.40549086659898,1.3128388730040388,33.88
7,0.35,0.3,0.26,8.0,0.6,35,1.312838873004039,0.0,0.7318040149584754,13.40549086659898,1.3128388730040388,33.88
11,0.35,0.3,0.05,8.0,0.6,35,1.312838873004039,0.0,0.7318040149584754,13.40549086659898,1.3128388730040388,33.88
11,0.35,0.3,0.1,8.0,0.6,35,1.312838873004039,0.0,0.7318040149584754,13.40549086659898,1.3128388730040388,33.88
11,0.35,0.3,0.18,8.0,0.6,35,1.312838873004039,0.0,0.7318040149584754,13.40549086659898,1.3128388730040388,33.88
11,0.35,0.3,0.26,8.0,0.6,35,1.312838873004039,0.0,0.7318040149584754,13.40549086659898,1.3128388730040388,33.88
15,0.35,0.3,0.05,8.0,0.6,35,1.312838873004039,0.0,0.7318040149584754,13.40549086659898,1.3128388730040388,33.88
15,0.35,0.3,0.1,8.0,0.6,35,1.312838873004039,0.0,0.7318040149584754,13.40549086659898,1.3128388730040388,33.88
15,0.35,0.3,0.18,8.0,0.6,35,1.312838873004039,0.0,0.7318040149584754,13.40549086659898,1.3128388730040388,33.88
15,0.35,0.3,0.26,8.0,0.6,35,1.312838873004039,0.0,0.7318040149584754,13.40549086659898,1.3128388730040388,33.88
7,0.35,0.3,0.05,13.0,1.2,75,1.30620104533148,0.0,0.7067050495146742,13.043859314048204,1.30620104533148,28.0
7,0.35,0.3,0.1,13.0,1.2,75,1.30620104533148,0.0,0.7067050495146742,13.043859314048204,1.30620104533148,28.0
7,0.35,0.3,0.18,13.0,1.2,75,1.30620104533148,0.0,0.7067050495146742,13.043859314048204,1.30620104533148,28.0
7,0.35,0.3,0.26,13.0,1.2,75,1.30620104533148,0.0,0.7067050495146742,13.043859314048204,1.30620104533148,28.0
11,0.35,0.3,0.05,13.0,1.2,75,1.30620104533148,0.0,0.7067050495146742,13.043859314048204,1.30620104533148,28.0
11,0.35,0.3,0.1,13.0,1.2,75,1.30620104533148,0.0,0.7067050495146742,13.043859314048204,1.30620104533148,28.0
11,0.35,0.3,0.18,13.0,1.2,75,1.30620104533148,0.0,0.7067050495146742,13.043859314048204,1.30620104533148,28.0
11,0.35,0.3,0.26,13.0,1.2,75,1.30620104533148,0.0,0.7067050495146742,13.043859314048204,1.30620104533148,28.0
15,0.35,0.3,0.05,13.0,1.2,75,1.30620104533148,0.0,0.7067050495146742,13.043859314048204,1.30620104533148,28.0
15,0.35,0.3,0.1,13.0,1.2,75,1.30620104533148,0.0,0.7067050495146742,13.043859314048204,1.30620104533148,28.0
15,0.35,0.3,0.18,13.0,1.2,75,1.30620104533148,0.0,0.7067050495146742,13.043859314048204,1.30620104533148,28.0
15,0.35,0.3,0.26,13.0,1.2,75,1.30620104533148,0.0,0.7067050495146742,13.043859314048204,1.30620104533148,28.0
7,0.35,0.3,0.05,13.0,1.2,35,1.3025007678106661,0.0,0.7045287280725282,13.043859314048204,1.3025007678106661,28.16
7,0.35,0.3,0.1,13.0,1.2,35,1.3025007678106661,0.0,0.7045287280725282,13.043859314048204,1.3025007678106661,28.16
7,0.35,0.3,0.18,13.0,1.2,35,1.3025007678106661,0.0,0.7045287280725282,13.043859314048204,1.3025007678106661,28.16
7,0.35,0.3,0.26,13.0,1.2,35,1.3025007678106661,0.0,0.7045287280725282,13.043859314048204,1.3025007678106661,28.16
11,0.35,0.3,0.05,13.0,1.2,35,1.3025007678106661,0.0,0.7045287280725282,13.043859314048204,1.3025007678106661,28.16
11,0.35,0.3,0.1,13.0,1.2,35,1.3025007678106661,0.0,0.7045287280725282,13.043859314048204,1.3025007678106661,28.16
11,0.35,0.3,0.18,13.0,1.2,35,1.3025007678106661,0.0,0.7045287280725282,13.043859314048204,1.3025007678106661,28.16
11,0.35,0.3,0.26,13.0,1.2,35,1.3025007678106661,0.0,0.7045287280725282,13.043859314048204,1.3025007678106661,28.16
15,0.35,0.3,0.05,13.0,1.2,35,1.3025007678106661,0.0,0.7045287280725282,13.043859314048204,1.3025007678106661,28.16
15,0.35,0.3,0.1,13.0,1.2,35,1.3025007678106661,0.0,0.7045287280725282,13.043859314048204,1.3025007678106661,28.16
15,0.35,0.3,0.18,13.0,1.2,35,1.3025007678106661,0.0,0.7045287280725282,13.043859314048204,1.3025007678106661,28.16
15,0.35,0.3,0.26,13.0,1.2,35,1.3025007678106661,0.0,0.7045287280725282,13.043859314048204,1.3025007678106661,28.16
7,0.25,0.42,0.05,8.0,1.2,75,1.2712804885944005,0.0,0.6852125181118773,13.01737541164209,1.2712804885944005,36.84
7,0.25,0.42,0.1,8.0,1.2,75,1.2712804885944005,0.0,0.6852125181118773,13.01737541164209,1.2712804885944005,36.84
7,0.25,0.42,0.18,8.0,1.2,75,1.2712804885944005,0.0,0.6852125181118773,13.01737541164209,1.2712804885944005,36.84
7,0.25,0.42,0.26,8.0,1.2,75,1.2712804885944005,0.0,0.6852125181118773,13.01737541164209,1.2712804885944005,36.84
11,0.25,0.42,0.05,8.0,1.2,75,1.2712804885944005,0.0,0.6852125181118773,13.01737541164209,1.2712804885944005,36.84
11,0.25,0.42,0.1,8.0,1.2,75,1.2712804885944005,0.0,0.6852125181118773,13.01737541164209,1.2712804885944005,36.84
11,0.25,0.42,0.18,8.0,1.2,75,1.2712804885944005,0.0,0.6852125181118773,13.01737541164209,1.2712804885944005,36.84
11,0.25,0.42,0.26,8.0,1.2,75,1.2712804885944005,0.0,0.6852125181118773,13.01737541164209,1.2712804885944005,36.84
15,0.25,0.42,0.05,8.0,1.2,75,1.2712804885944005,0.0,0.6852125181118773,13.01737541164209,1.2712804885944005,36.84
15,0.25,0.42,0.1,8.0,1.2,75,1.2712804885944005,0.0,0.6852125181118773,13.01737541164209,1.2712804885944005,36.84
15,0.25,0.42,0.18,8.0,1.2,75,1.2712804885944005,0.0,0.6852125181118773,13.01737541164209,1.2712804885944005,36.84
15,0.25,0.42,0.26,8.0,1.2,75,1.2712804885944005,0.0,0.6852125181118773,13.01737541164209,1.2712804885944005,36.84
7,0.25,0.42,0.05,8.0,1.2,35,1.253146853146853,0.0,0.6754908169467407,13.01737541164209,1.2531468531468533,37.56
7,0.25,0.42,0.1,8.0,1.2,35,1.253146853146853,0.0,0.6754908169467407,13.01737541164209,1.2531468531468533,37.56
7,0.25,0.42,0.18,8.0,1.2,35,1.253146853146853,0.0,0.6754908169467407,13.01737541164209,1.2531468531468533,37.56
7,0.25,0.42,0.26,8.0,1.2,35,1.253146853146853,0.0,0.6754908169467407,13.01737541164209,1.2531468531468533,37.56
11,0.25,0.42,0.05,8.0,1.2,35,1.253146853146853,0.0,0.6754908169467407,13.01737541164209,1.2531468531468533,37.56
11,0.25,0.42,0.1,8.0,1.2,35,1.253146853146853,0.0,0.6754908169467407,13.01737541164209,1.2531468531468533,37.56
11,0.25,0.42,0.18,8.0,1.2,35,1.253146853146853,0.0,0.6754908169467407,13.01737541164209,1.2531468531468533,37.56
11,0.25,0.42,0.26,8.0,1.2,35,1.253146853146853,0.0,0.6754908169467407,13.01737541164209,1.2531468531468533,37.56
15,0.25,0.42,0.05,8.0,1.2,35,1.253146853146853,0.0,0.6754908169467407,13.01737541164209,1.2531468531468533,37.56
15,0.25,0.42,0.1,8.0,1.2,35,1.253146853146853,0.0,0.6754908169467407,13.01737541164209,1.2531468531468533,37.56
15,0.25,0.42,0.18,8.0,1.2,35,1.253146853146853,0.0,0.6754908169467407,13.01737541164209,1.2531468531468533,37.56
15,0.25,0.42,0.26,8.0,1.2,35,1.253146853146853,0.0,0.6754908169467407,13.01737541164209,1.2531468531468533,37.56
7,0.55,0.42,0.05,18.0,0.6,75,1.240422322775264,0.0,0.7252983311320248,11.763032174805906,1.2404223227752638,19.36
7,0.55,0.42,0.1,18.0,0.6,75,1.240422322775264,0.0,0.7252983311320248,11.763032174805906,1.2404223227752638,19.36
7,0.55,0.42,0.18,18.0,0.6,75,1.240422322775264,0.0,0.7252983311320248,11.763032174805906,1.2404223227752638,19.36
7,0.55,0.42,0.26,18.0,0.6,75,1.240422322775264,0.0,0.7252983311320248,11.763032174805906,1.2404223227752638,19.36
11,0.55,0.42,0.05,18.0,0.6,75,1.240422322775264,0.0,0.7252983311320248,11.763032174805906,1.2404223227752638,19.36
11,0.55,0.42,0.1,18.0,0.6,75,1.240422322775264,0.0,0.7252983311320248,11.763032174805906,1.2404223227752638,19.36
11,0.55,0.42,0.18,18.0,0.6,75,1.240422322775264,0.0,0.7252983311320248,11.763032174805906,1.2404223227752638,19.36
11,0.55,0.42,0.26,18.0,0.6,75,1.240422322775264,0.0,0.7252983311320248,11.763032174805906,1.2404223227752638,19.36
15,0.55,0.42,0.05,18.0,0.6,75,1.240422322775264,0.0,0.7252983311320248,11.763032174805906,1.2404223227752638,19.36
15,0.55,0.42,0.1,18.0,0.6,75,1.240422322775264,0.0,0.7252983311320248,11.763032174805906,1.2404223227752638,19.36
15,0.55,0.42,0.18,18.0,0.6,75,1.240422322775264,0.0,0.7252983311320248,11.763032174805906,1.2404223227752638,19.36
15,0.55,0.42,0.26,18.0,0.6,75,1.240422322775264,0.0,0.7252983311320248,11.763032174805906,1.2404223227752638,19.36
7,0.45,0.42,0.05,24.0,0.6,75,1.2403920403920403,0.0,0.7222805914541078,11.7501033740486,1.2403920403920403,20.44
7,0.45,0.42,0.1,24.0,0.6,75,1.2403920403920403,0.0,0.7222805914541078,11.7501033740486,1.2403920403920403,20.4
7,0.45,0.42,0.18,24.0,0.6,75,1.2403920403920403,0.0,0.7222805914541078,11.7501033740486,1.2403920403920403,20.4
7,0.45,0.42,0.26,24.0,0.6,75,1.2403920403920403,0.0,0.7222805914541078,11.7501033740486,1.2403920403920403,20.4
11,0.45,0.42,0.05,24.0,0.6,75,1.2403920403920403,0.0,0.7222805914541078,11.7501033740486,1.2403920403920403,20.44
11,0.45,0.42,0.1,24.0,0.6,75,1.2403920403920403,0.0,0.7222805914541078,11.7501033740486,1.2403920403920403,20.4
11,0.45,0.42,0.18,24.0,0.6,75,1.2403920403920403,0.0,0.7222805914541078,11.7501033740486,1.2403920403920403,20.4
11,0.45,0.42,0.26,24.0,0.6,75,1.2403920403920403,0.0,0.7222805914541078,11.7501033740486,1.2403920403920403,20.4
15,0.45,0.42,0.05,24.0,0.6,75,1.2403920403920403,0.0,0.7222805914541078,11.7501033740486,1.2403920403920403,20.44
15,0.45,0.42,0.1,24.0,0.6,75,1.2403920403920403,0.0,0.7222805914541078,11.7501033740486,1.2403920403920403,20.4
15,0.45,0.42,0.18,24.0,0.6,75,1.2403920403920403,0.0,0.7222805914541078,11.7501033740486,1.2403920403920403,20.4
15,0.45,0.42,0.26,24.0,0.6,75,1.2403920403920403,0.0,0.7222805914541078,11.7501033740486,1.2403920403920403,20.4
7,0.55,0.42,0.05,8.0,0.6,75,1.2365811681351186,0.0,0.6876577586843338,11.191553796815725,1.2365811681351186,25.24
7,0.55,0.42,0.1,8.0,0.6,75,1.2365811681351186,0.0,0.6876577586843338,11.191553796815725,1.2365811681351186,25.24
7,0.55,0.42,0.18,8.0,0.6,75,1.2365811681351186,0.0,0.6876577586843338,11.191553796815725,1.2365811681351186,25.24
7,0.55,0.42,0.26,8.0,0.6,75,1.2365811681351186,0.0,0.6876577586843338,11.191553796815725,1.2365811681351186,25.24
11,0.55,0.42,0.05,8.0,0.6,75,1.2365811681351186,0.0,0.6876577586843338,11.191553796815725,1.2365811681351186,25.24
11,0.55,0.42,0.1,8.0,0.6,75,1.2365811681351186,0.0,0.6876577586843338,11.191553796815725,1.2365811681351186,25.24
11,0.55,0.42,0.18,8.0,0.6,75,1.2365811681351186,0.0,0.6876577586843338,11.191553796815725,1.2365811681351186,25.24
11,0.55,0.42,0.26,8.0,0.6,75,1.2365811681351186,0.0,0.6876577586843338,11.191553796815725,1.2365811681351186,25.24
15,0.55,0.42,0.05,8.0,0.6,75,1.2365811681351186,0.0,0.6876577586843338,11.191553796815725,1.2365811681351186,25.24
15,0.55,0.42,0.1,8.0,0.6,75,1.2365811681351186,0.0,0.6876577586843338,11.191553796815725,1.2365811681351186,25.24
15,0.55,0.42,0.18,8.0,0.6,75,1.2365811681351186,0.0,0.6876577586843338,11.191553796815725,1.2365811681351186,25.24
15,0.55,0.42,0.26,8.0,0.6,75,1.2365811681351186,0.0,0.6876577586843338,11.191553796815725,1.2365811681351186,25.24
7,0.45,0.42,0.1,24.0,0.6,35,1.234702139965298,0.0,0.7182965827181123,11.7501033740486,1.2347021399652978,20.56
7,0.45,0.42,0.18,24.0,0.6,35,1.234702139965298,0.0,0.7182965827181123,11.7501033740486,1.2347021399652978,20.56
7,0.45,0.42,0.26,24.0,0.6,35,1.234702139965298,0.0,0.7182965827181123,11.7501033740486,1.2347021399652978,20.56
11,0.45,0.42,0.1,24.0,0.6,35,1.234702139965298,0.0,0.7182965827181123,11.7501033740486,1.2347021399652978,20.56
11,0.45,0.42,0.18,24.0,0.6,35,1.234702139965298,0.0,0.7182965827181123,11.7501033740486,1.2347021399652978,20.56
11,0.45,0.42,0.26,24.0,0.6,35,1.234702139965298,0.0,0.7182965827181123,11.7501033740486,1.2347021399652978,20.56
15,0.45,0.42,0.1,24.0,0.6,35,1.234702139965298,0.0,0.7182965827181123,11.7501033740486,1.2347021399652978,20.56
15,0.45,0.42,0.18,24.0,0.6,35,1.234702139965298,0.0,0.7182965827181123,11.7501033740486,1.2347021399652978,20.56
15,0.45,0.42,0.26,24.0,0.6,35,1.234702139965298,0.0,0.7182965827181123,11.7501033740486,1.2347021399652978,20.56
7,0.55,0.42,0.05,8.0,0.6,35,1.2273857658362681,0.0,0.6830133234309297,11.191553796815725,1.2273857658362681,25.4
7,0.55,0.42,0.1,8.0,0.6,35,1.2273857658362681,0.0,0.6830133234309297,11.191553796815725,1.2273857658362681,25.4
7,0.55,0.42,0.18,8.0,0.6,35,1.2273857658362681,0.0,0.6830133234309297,11.191553796815725,1.2273857658362681,25.4
7,0.55,0.42,0.26,8.0,0.6,35,1.2273857658362681,0.0,0.6830133234309297,11.191553796815725,1.2273857658362681,25.4
11,0.55,0.42,0.05,8.0,0.6,35,1.2273857658362681,0.0,0.6830133234309297,11.191553796815725,1.2273857658362681,25.4
11,0.55,0.42,0.1,8.0,0.6,35,1.2273857658362681,0.0,0.6830133234309297,11.191553796815725,1.2273857658362681,25.4
11,0.55,0.42,0.18,8.0,0.6,35,1.2273857658362681,0.0,0.6830133234309297,11.191553796815725,1.2273857658362681,25.4
11,0.55,0.42,0.26,8.0,0.6,35,1.2273857658362681,0.0,0.6830133234309297,11.191553796815725,1.2273857658362681,25.4
15,0.55,0.42,0.05,8.0,0.6,35,1.2273857658362681,0.0,0.6830133234309297,11.191553796815725,1.2273857658362681,25.4
15,0.55,0.42,0.1,8.0,0.6,35,1.2273857658362681,0.0,0.6830133234309297,11.191553796815725,1.2273857658362681,25.4
15,0.55,0.42,0.18,8.0,0.6,35,1.2273857658362681,0.0,0.6830133234309297,11.191553796815725,1.2273857658362681,25.4
15,0.55,0.42,0.26,8.0,0.6,35,1.2273857658362681,0.0,0.6830133234309297,11.191553796815725,1.2273857658362681,25.4
7,0.55,0.42,0.05,18.0,0.6,35,1.2270889894419306,0.0,0.7181317004858178,11.763032174805906,1.2270889894419306,19.44
7,0.55,0.42,0.1,18.0,0.6,35,1.2270889894419306,0.0,0.7181317004858178,11.763032174805906,1.2270889894419306,19.44
7,0.55,0.42,0.18,18.0,0.6,35,1.2270889894419306,0.0,0.7181317004858178,11.763032174805906,1.2270889894419306,19.44
7,0.55,0.42,0.26,18.0,0.6,35,1.2270889894419306,0.0,0.7181317004858178,11.763032174805906,1.2270889894419306,19.44
11,0.55,0.42,0.05,18.0,0.6,35,1.2270889894419306,0.0,0.7181317004858178,11.763032174805906,1.2270889894419306,19.44
11,0.55,0.42,0.1,18.0,0.6,35,1.2270889894419306,0.0,0.7181317004858178,11.763032174805906,1.2270889894419306,19.44
11,0.55,0.42,0.18,18.0,0.6,35,1.2270889894419306,0.0,0.7181317004858178,11.763032174805906,1.2270889894419306,19.44
11,0.55,0.42,0.26,18.0,0.6,35,1.2270889894419306,0.0,0.7181317004858178,11.763032174805906,1.2270889894419306,19.44
15,0.55,0.42,0.05,18.0,0.6,35,1.2270889894419306,0.0,0.7181317004858178,11.763032174805906,1.2270889894419306,19.44
15,0.55,0.42,0.1,18.0,0.6,35,1.2270889894419306,0.0,0.7181317004858178,11.763032174805906,1.2270889894419306,19.44
15,0.55,0.42,0.18,18.0,0.6,35,1.2270889894419306,0.0,0.7181317004858178,11.763032174805906,1.2270889894419306,19.44
15,0.55,0.42,0.26,18.0,0.6,35,1.2270889894419306,0.0,0.7181317004858178,11.763032174805906,1.2270889894419306,19.44
7,0.45,0.42,0.05,24.0,0.6,35,1.2213688066319646,0.0,0.7111001099791081,11.7501033740486,1.2213688066319646,20.64
11,0.45,0.42,0.05,24.0,0.6,35,1.2213688066319646,0.0,0.7111001099791081,11.7501033740486,1.2213688066319646,20.64
15,0.45,0.42,0.05,24.0,0.6,35,1.2213688066319646,0.0,0.7111001099791081,11.7501033740486,1.2213688066319646,20.64
7,0.35,0.42,0.05,8.0,1.2,75,1.2031677061561041,0.0,0.6429943319407161,12.848755360115474,1.203167706156104,33.16
7,0.35,0.42,0.1,8.0,1.2,75,1.2031677061561041,0.0,0.6429943319407161,12.848755360115474,1.203167706156104,33.16
7,0.35,0.42,0.18,8.0,1.2,75,1.2031677061561041,0.0,0.6429943319407161,12.848755360115474,1.203167706156104,33.16
7,0.35,0.42,0.26,8.0,1.2,75,1.2031677061561041,0.0,0.6429943319407161,12.848755360115474,1.203167706156104,33.16
11,0.35,0.42,0.05,8.0,1.2,75,1.2031677061561041,0.0,0.6429943319407161,12.848755360115474,1.203167706156104,33.16
11,0.35,0.42,0.1,8.0,1.2,75,1.2031677061561041,0.0,0.6429943319407161,12.848755360115474,1.203167706156104,33.16
11,0.35,0.42,0.18,8.0,1.2,75,1.2031677061561041,0.0,0.6429943319407161,12.848755360115474,1.203167706156104,33.16
11,0.35,0.42,0.26,8.0,1.2,75,1.2031677061561041,0.0,0.6429943319407161,12.848755360115474,1.203167706156104,33.16
15,0.35,0.42,0.05,8.0,1.2,75,1.2031677061561041,0.0,0.6429943319407161,12.848755360115474,1.203167706156104,33.16
15,0.35,0.42,0.1,8.0,1.2,75,1.2031677061561041,0.0,0.6429943319407161,12.848755360115474,1.203167706156104,33.16
15,0.35,0.42,0.18,8.0,1.2,75,1.2031677061561041,0.0,0.6429943319407161,12.848755360115474,1.203167706156104,33.16
15,0.35,0.42,0.26,8.0,1.2,75,1.2031677061561041,0.0,0.6429943319407161,12.848755360115474,1.203167706156104,33.16
7,0.35,0.42,0.05,8.0,1.2,35,1.1965646710155513,0.0,0.6394905546438483,12.848755360115474,1.196564671015551,33.48
7,0.35,0.42,0.1,8.0,1.2,35,1.1965646710155513,0.0,0.6394905546438483,12.848755360115474,1.196564671015551,33.48
7,0.35,0.42,0.18,8.0,1.2,35,1.1965646710155513,0.0,0.6394905546438483,12.848755360115474,1.196564671015551,33.48
7,0.35,0.42,0.26,8.0,1.2,35,1.1965646710155513,0.0,0.6394905546438483,12.848755360115474,1.196564671015551,33.48
11,0.35,0.42,0.05,8.0,1.2,35,1.1965646710155513,0.0,0.6394905546438483,12.848755360115474,1.196564671015551,33.48
11,0.35,0.42,0.1,8.0,1.2,35,1.1965646710155513,0.0,0.6394905546438483,12.848755360115474,1.196564671015551,33.48
11,0.35,0.42,0.18,8.0,1.2,35,1.1965646710155513,0.0,0.6394905546438483,12.848755360115474,1.196564671015551,33.48
11,0.35,0.42,0.26,8.0,1.2,35,1.1965646710155513,0.0,0.6394905546438483,12.848755360115474,1.196564671015551,33.48
15,0.35,0.42,0.05,8.0,1.2,35,1.1965646710155513,0.0,0.6394905546438483,12.848755360115474,1.196564671015551,33.48
15,0.35,0.42,0.1,8.0,1.2,35,1.1965646710155513,0.0,0.6394905546438483,12.848755360115474,1.196564671015551,33.48
15,0.35,0.42,0.18,8.0,1.2,35,1.1965646710155513,0.0,0.6394905546438483,12.848755360115474,1.196564671015551,33.48
15,0.35,0.42,0.26,8.0,1.2,35,1.1965646710155513,0.0,0.6394905546438483,12.848755360115474,1.196564671015551,33.48
7,0.55,0.42,0.05,13.0,2.0,75,1.1962234575841764,0.0,0.6652444691079922,11.201083469092948,1.1962234575841766,21.08
7,0.55,0.42,0.05,13.0,2.0,35,1.1962234575841764,0.0,0.6652444691079922,11.201083469092948,1.1962234575841766,21.08
7,0.55,0.42,0.1,13.0,2.0,75,1.1962234575841764,0.0,0.6652444691079922,11.201083469092948,1.1962234575841766,21.08
7,0.55,0.42,0.1,13.0,2.0,35,1.1962234575841764,0.0,0.6652444691079922,11.201083469092948,1.1962234575841766,21.08
7,0.55,0.42,0.18,13.0,2.0,75,1.1962234575841764,0.0,0.6652444691079922,11.201083469092948,1.1962234575841766,21.08
7,0.55,0.42,0.18,13.0,2.0,35,1.1962234575841764,0.0,0.6652444691079922,11.201083469092948,1.1962234575841766,21.08
7,0.55,0.42,0.26,13.0,2.0,35,1.1962234575841764,0.0,0.6652444691079922,11.201083469092948,1.1962234575841766,21.08
7,0.55,0.42,0.26,13.0,2.0,75,1.1962234575841764,0.0,0.6652444691079922,11.201083469092948,1.1962234575841766,21.08
11,0.55,0.42,0.05,13.0,2.0,35,1.1962234575841764,0.0,0.6652444691079922,11.201083469092948,1.1962234575841766,21.08
11,0.55,0.42,0.05,13.0,2.0,75,1.1962234575841764,0.0,0.6652444691079922,11.201083469092948,1.1962234575841766,21.08
11,0.55,0.42,0.1,13.0,2.0,35,1.1962234575841764,0.0,0.6652444691079922,11.201083469092948,1.1962234575841766,21.08
11,0.55,0.42,0.1,13.0,2.0,75,1.1962234575841764,0.0,0.6652444691079922,11.201083469092948,1.1962234575841766,21.08
11,0.55,0.42,0.18,13.0,2.0,75,1.1962234575841764,0.0,0.6652444691079922,11.201083469092948,1.1962234575841766,21.08
11,0.55,0.42,0.18,13.0,2.0,35,1.1962234575841764,0.0,0.6652444691079922,11.201083469092948,1.1962234575841766,21.08
11,0.55,0.42,0.26,13.0,2.0,35,1.1962234575841764,0.0,0.6652444691079922,11.201083469092948,1.1962234575841766,21.08
11,0.55,0.42,0.26,13.0,2.0,75,1.1962234575841764,0.0,0.6652444691079922,11.201083469092948,1.1962234575841766,21.08
15,0.55,0.42,0.05,13.0,2.0,35,1.1962234575841764,0.0,0.6652444691079922,11.201083469092948,1.1962234575841766,21.08
15,0.55,0.42,0.05,13.0,2.0,75,1.1962234575841764,0.0,0.6652444691079922,11.201083469092948,1.1962234575841766,21.08
15,0.55,0.42,0.1,13.0,2.0,35,1.1962234575841764,0.0,0.6652444691079922,11.201083469092948,1.1962234575841766,21.08
15,0.55,0.42,0.1,13.0,2.0,75,1.1962234575841764,0.0,0.6652444691079922,11.201083469092948,1.1962234575841766,21.08
15,0.55,0.42,0.18,13.0,2.0,75,1.1962234575841764,0.0,0.6652444691079922,11.201083469092948,1.1962234575841766,21.08
15,0.55,0.42,0.18,13.0,2.0,35,1.1962234575841764,0.0,0.6652444691079922,11.201083469092948,1.1962234575841766,21.08
15,0.55,0.42,0.26,13.0,2.0,75,1.1962234575841764,0.0,0.6652444691079922,11.201083469092948,1.1962234575841766,21.08
15,0.55,0.42,0.26,13.0,2.0,35,1.1962234575841764,0.0,0.6652444691079922,11.201083469092948,1.1962234575841766,21.08
7,0.25,0.3,0.05,13.0,0.6,75,1.1942935920941038,0.0,0.671235437264446,15.726996199039563,1.1942935920941036,30.76
7,0.25,0.3,0.1,13.0,0.6,75,1.1942935920941038,0.0,0.671235437264446,15.726996199039563,1.1942935920941036,30.76
7,0.25,0.3,0.18,13.0,0.6,75,1.1942935920941038,0.0,0.671235437264446,15.726996199039563,1.1942935920941036,30.76
7,0.25,0.3,0.26,13.0,0.6,75,1.1942935920941038,0.0,0.671235437264446,15.726996199039563,1.1942935920941036,30.76
11,0.25,0.3,0.05,13.0,0.6,75,1.1942935920941038,0.0,0.671235437264446,15.726996199039563,1.1942935920941036,30.76
11,0.25,0.3,0.1,13.0,0.6,75,1.1942935920941038,0.0,0.671235437264446,15.726996199039563,1.1942935920941036,30.76
11,0.25,0.3,0.18,13.0,0.6,75,1.1942935920941038,0.0,0.671235437264446,15.726996199039563,1.1942935920941036,30.76
11,0.25,0.3,0.26,13.0,0.6,75,1.1942935920941038,0.0,0.671235437264446,15.726996199039563,1.1942935920941036,30.76
15,0.25,0.3,0.05,13.0,0.6,75,1.1942935920941038,0.0,0.671235437264446,15.726996199039563,1.1942935920941036,30.76
15,0.25,0.3,0.1,13.0,0.6,75,1.1942935920941038,0.0,0.671235437264446,15.726996199039563,1.1942935920941036,30.76
15,0.25,0.3,0.18,13.0,0.6,75,1.1942935920941038,0.0,0.671235437264446,15.726996199039563,1.1942935920941036,30.76
15,0.25,0.3,0.26,13.0,0.6,75,1.1942935920941038,0.0,0.671235437264446,15.726996199039563,1.1942935920941036,30.76
7,0.25,0.42,0.05,13.0,2.0,75,1.192643523735961,0.0,0.6688411575443038,15.695424148305689,1.1926435237359607,30.6
7,0.25,0.42,0.1,13.0,2.0,75,1.192643523735961,0.0,0.6688411575443038,15.695424148305689,1.1926435237359607,30.6
7,0.25,0.42,0.18,13.0,2.0,75,1.192643523735961,0.0,0.6688411575443038,15.695424148305689,1.1926435237359607,30.6
7,0.25,0.42,0.26,13.0,2.0,75,1.192643523735961,0.0,0.6688411575443038,15.695424148305689,1.1926435237359607,30.6
11,0.25,0.42,0.05,13.0,2.0,75,1.192643523735961,0.0,0.6688411575443038,15.695424148305689,1.1926435237359607,30.6
11,0.25,0.42,0.1,13.0,2.0,75,1.192643523735961,0.0,0.6688411575443038,15.695424148305689,1.1926435237359607,30.6
11,0.25,0.42,0.18,13.0,2.0,75,1.192643523735961,0.0,0.6688411575443038,15.695424148305689,1.1926435237359607,30.6
11,0.25,0.42,0.26,13.0,2.0,75,1.192643523735961,0.0,0.6688411575443038,15.695424148305689,1.1926435237359607,30.6
15,0.25,0.42,0.05,13.0,2.0,75,1.192643523735961,0.0,0.6688411575443038,15.695424148305689,1.1926435237359607,30.6
15,0.25,0.42,0.1,13.0,2.0,75,1.192643523735961,0.0,0.6688411575443038,15.695424148305689,1.1926435237359607,30.6
15,0.25,0.42,0.18,13.0,2.0,75,1.192643523735961,0.0,0.6688411575443038,15.695424148305689,1.1926435237359607,30.6
15,0.25,0.42,0.26,13.0,2.0,75,1.192643523735961,0.0,0.6688411575443038,15.695424148305689,1.1926435237359607,30.6
7,0.25,0.42,0.05,13.0,2.0,35,1.1868719519493514,0.0,0.6657926126000862,15.695424148305689,1.1868719519493514,31.48
7,0.25,0.42,0.1,13.0,2.0,35,1.1868719519493514,0.0,0.6657926126000862,15.695424148305689,1.1868719519493514,31.48
7,0.25,0.42,0.18,13.0,2.0,35,1.1868719519493514,0.0,0.6657926126000862,15.695424148305689,1.1868719519493514,31.48
7,0.25,0.42,0.26,13.0,2.0,35,1.1868719519493514,0.0,0.6657926126000862,15.695424148305689,1.1868719519493514,31.48
11,0.25,0.42,0.05,13.0,2.0,35,1.1868719519493514,0.0,0.6657926126000862,15.695424148305689,1.1868719519493514,31.48
11,0.25,0.42,0.1,13.0,2.0,35,1.1868719519493514,0.0,0.6657926126000862,15.695424148305689,1.1868719519493514,31.48
11,0.25,0.42,0.18,13.0,2.0,35,1.1868719519493514,0.0,0.6657926126000862,15.695424148305689,1.1868719519493514,31.48
11,0.25,0.42,0.26,13.0,2.0,35,1.1868719519493514,0.0,0.6657926126000862,15.695424148305689,1.1868719519493514,31.48
15,0.25,0.42,0.05,13.0,2.0,35,1.1868719519493514,0.0,0.6657926126000862,15.695424148305689,1.1868719519493514,31.48
15,0.25,0.42,0.1,13.0,2.0,35,1.1868719519493514,0.0,0.6657926126000862,15.695424148305689,1.1868719519493514,31.48
15,0.25,0.42,0.18,13.0,2.0,35,1.1868719519493514,0.0,0.6657926126000862,15.695424148305689,1.1868719519493514,31.48
15,0.25,0.42,0.26,13.0,2.0,35,1.1868719519493514,0.0,0.6657926126000862,15.695424148305689,1.1868719519493514,31.48
7,0.35,0.3,0.05,18.0,0.6,75,1.179480164158687,0.0,0.6830372688737463,13.93833795301621,1.1794801641586865,25.2
7,0.35,0.3,0.1,18.0,0.6,75,1.179480164158687,0.0,0.6830372688737463,13.93833795301621,1.1794801641586865,25.2
7,0.35,0.3,0.18,18.0,0.6,75,1.179480164158687,0.0,0.6830372688737463,13.93833795301621,1.1794801641586865,25.2
7,0.35,0.3,0.26,18.0,0.6,75,1.179480164158687,0.0,0.6830372688737463,13.93833795301621,1.1794801641586865,25.2
11,0.35,0.3,0.05,18.0,0.6,75,1.179480164158687,0.0,0.6830372688737463,13.93833795301621,1.1794801641586865,25.2
11,0.35,0.3,0.1,18.0,0.6,75,1.179480164158687,0.0,0.6830372688737463,13.93833795301621,1.1794801641586865,25.2
11,0.35,0.3,0.18,18.0,0.6,75,1.179480164158687,0.0,0.6830372688737463,13.93833795301621,1.1794801641586865,25.2
11,0.35,0.3,0.26,18.0,0.6,75,1.179480164158687,0.0,0.6830372688737463,13.93833795301621,1.1794801641586865,25.2
15,0.35,0.3,0.05,18.0,0.6,75,1.179480164158687,0.0,0.6830372688737463,13.93833795301621,1.1794801641586865,25.2
15,0.35,0.3,0.1,18.0,0.6,75,1.179480164158687,0.0,0.6830372688737463,13.93833795301621,1.1794801641586865,25.2
15,0.35,0.3,0.18,18.0,0.6,75,1.179480164158687,0.0,0.6830372688737463,13.93833795301621,1.1794801641586865,25.2
15,0.35,0.3,0.26,18.0,0.6,75,1.179480164158687,0.0,0.6830372688737463,13.93833795301621,1.1794801641586865,25.2
7,0.35,0.3,0.05,18.0,0.6,35,1.1685291452733313,0.0,0.6761504090732796,13.93833795301621,1.1685291452733313,25.56
7,0.35,0.3,0.1,18.0,0.6,35,1.1685291452733313,0.0,0.6761504090732796,13.93833795301621,1.1685291452733313,25.56
7,0.35,0.3,0.18,18.0,0.6,35,1.1685291452733313,0.0,0.6761504090732796,13.93833795301621,1.1685291452733313,25.56
7,0.35,0.3,0.26,18.0,0.6,35,1.1685291452733313,0.0,0.6761504090732796,13.93833795301621,1.1685291452733313,25.56
11,0.35,0.3,0.05,18.0,0.6,35,1.1685291452733313,0.0,0.6761504090732796,13.93833795301621,1.1685291452733313,25.56
11,0.35,0.3,0.1,18.0,0.6,35,1.1685291452733313,0.0,0.6761504090732796,13.93833795301621,1.1685291452733313,25.56
11,0.35,0.3,0.18,18.0,0.6,35,1.1685291452733313,0.0,0.6761504090732796,13.93833795301621,1.1685291452733313,25.56
11,0.35,0.3,0.26,18.0,0.6,35,1.1685291452733313,0.0,0.6761504090732796,13.93833795301621,1.1685291452733313,25.56
15,0.35,0.3,0.05,18.0,0.6,35,1.1685291452733313,0.0,0.6761504090732796,13.93833795301621,1.1685291452733313,25.56
15,0.35,0.3,0.1,18.0,0.6,35,1.1685291452733313,0.0,0.6761504090732796,13.93833795301621,1.1685291452733313,25.56
15,0.35,0.3,0.18,18.0,0.6,35,1.1685291452733313,0.0,0.6761504090732796,13.93833795301621,1.1685291452733313,25.56
15,0.35,0.3,0.26,18.0,0.6,35,1.1685291452733313,0.0,0.6761504090732796,13.93833795301621,1.1685291452733313,25.56
7,0.25,0.3,0.05,13.0,0.6,35,1.16261745316363,0.0,0.6530174652425754,15.726996199039563,1.16261745316363,32.0
7,0.25,0.3,0.1,13.0,0.6,35,1.16261745316363,0.0,0.6530174652425754,15.726996199039563,1.16261745316363,32.0
7,0.25,0.3,0.18,13.0,0.6,35,1.16261745316363,0.0,0.6530174652425754,15.726996199039563,1.16261745316363,32.0
7,0.25,0.3,0.26,13.0,0.6,35,1.16261745316363,0.0,0.6530174652425754,15.726996199039563,1.16261745316363,32.0
11,0.25,0.3,0.05,13.0,0.6,35,1.16261745316363,0.0,0.6530174652425754,15.726996199039563,1.16261745316363,32.0
11,0.25,0.3,0.1,13.0,0.6,35,1.16261745316363,0.0,0.6530174652425754,15.726996199039563,1.16261745316363,32.0
11,0.25,0.3,0.18,13.0,0.6,35,1.16261745316363,0.0,0.6530174652425754,15.726996199039563,1.16261745316363,32.0
11,0.25,0.3,0.26,13.0,0.6,35,1.16261745316363,0.0,0.6530174652425754,15.726996199039563,1.16261745316363,32.0
15,0.25,0.3,0.05,13.0,0.6,35,1.16261745316363,0.0,0.6530174652425754,15.726996199039563,1.16261745316363,32.0
15,0.25,0.3,0.1,13.0,0.6,35,1.16261745316363,0.0,0.6530174652425754,15.726996199039563,1.16261745316363,32.0
15,0.25,0.3,0.18,13.0,0.6,35,1.16261745316363,0.0,0.6530174652425754,15.726996199039563,1.16261745316363,32.0
15,0.25,0.3,0.26,13.0,0.6,35,1.16261745316363,0.0,0.6530174652425754,15.726996199039563,1.16261745316363,32.0
7,0.45,0.42,0.05,18.0,0.6,75,1.1532068654019874,0.0,0.6598253683509658,11.523608709866181,1.1532068654019874,22.16
7,0.45,0.42,0.1,18.0,0.6,75,1.1532068654019874,0.0,0.6598253683509658,11.523608709866181,1.1532068654019874,22.16
7,0.45,0.42,0.18,18.0,0.6,75,1.1532068654019874,0.0,0.6598253683509658,11.523608709866181,1.1532068654019874,22.16
7,0.45,0.42,0.26,18.0,0.6,75,1.1532068654019874,0.0,0.6598253683509658,11.523608709866181,1.1532068654019874,22.16
11,0.45,0.42,0.05,18.0,0.6,75,1.1532068654019874,0.0,0.6598253683509658,11.523608709866181,1.1532068654019874,22.16
11,0.45,0.42,0.1,18.0,0.6,75,1.1532068654019874,0.0,0.6598253683509658,11.523608709866181,1.1532068654019874,22.16
11,0.45,0.42,0.18,18.0,0.6,75,1.1532068654019874,0.0,0.6598253683509658,11.523608709866181,1.1532068654019874,22.16
11,0.45,0.42,0.26,18.0,0.6,75,1.1532068654019874,0.0,0.6598253683509658,11.523608709866181,1.1532068654019874,22.16
15,0.45,0.42,0.05,18.0,0.6,75,1.1532068654019874,0.0,0.6598253683509658,11.523608709866181,1.1532068654019874,22.16
15,0.45,0.42,0.1,18.0,0.6,75,1.1532068654019874,0.0,0.6598253683509658,11.523608709866181,1.1532068654019874,22.16
15,0.45,0.42,0.18,18.0,0.6,75,1.1532068654019874,0.0,0.6598253683509658,11.523608709866181,1.1532068654019874,22.16
15,0.45,0.42,0.26,18.0,0.6,75,1.1532068654019874,0.0,0.6598253683509658,11.523608709866181,1.1532068654019874,22.16
7,0.35,0.42,0.05,13.0,1.2,75,1.1472099220382974,0.0,0.5985164433602026,10.4600481316612,1.1472099220382974,27.56
7,0.35,0.42,0.1,13.0,1.2,75,1.1472099220382974,0.0,0.5985164433602026,10.4600481316612,1.1472099220382974,27.56
7,0.35,0.42,0.18,13.0,1.2,75,1.1472099220382974,0.0,0.5985164433602026,10.4600481316612,1.1472099220382974,27.56
7,0.35,0.42,0.26,13.0,1.2,75,1.1472099220382974,0.0,0.5985164433602026,10.4600481316612,1.1472099220382974,27.56
11,0.35,0.42,0.05,13.0,1.2,75,1.1472099220382974,0.0,0.5985164433602026,10.4600481316612,1.1472099220382974,27.56
11,0.35,0.42,0.1,13.0,1.2,75,1.1472099220382974,0.0,0.5985164433602026,10.4600481316612,1.1472099220382974,27.56
11,0.35,0.42,0.18,13.0,1.2,75,1.1472099220382974,0.0,0.5985164433602026,10.4600481316612,1.1472099220382974,27.56
11,0.35,0.42,0.26,13.0,1.2,75,1.1472099220382974,0.0,0.5985164433602026,10.4600481316612,1.1472099220382974,27.56
15,0.35,0.42,0.05,13.0,1.2,75,1.1472099220382974,0.0,0.5985164433602026,10.4600481316612,1.1472099220382974,27.56
15,0.35,0.42,0.1,13.0,1.2,75,1.1472099220382974,0.0,0.5985164433602026,10.4600481316612,1.1472099220382974,27.56
15,0.35,0.42,0.18,13.0,1.2,75,1.1472099220382974,0.0,0.5985164433602026,10.4600481316612,1.1472099220382974,27.56
15,0.35,0.42,0.26,13.0,1.2,75,1.1472099220382974,0.0,0.5985164433602026,10.4600481316612,1.1472099220382974,27.56
7,0.55,0.3,0.05,8.0,2.0,75,1.1425372809877832,0.0,0.6536472967104365,11.647859763808773,1.1425372809877832,25.36
7,0.55,0.3,0.05,8.0,2.0,35,1.1425372809877832,0.0,0.6536472967104365,11.647859763808773,1.1425372809877832,25.44
7,0.55,0.3,0.1,8.0,2.0,75,1.1425372809877832,0.0,0.6536472967104365,11.647859763808773,1.1425372809877832,25.36
7,0.55,0.3,0.1,8.0,2.0,35,1.1425372809877832,0.0,0.6536472967104365,11.647859763808773,1.1425372809877832,25.44
7,0.55,0.3,0.18,8.0,2.0,75,1.1425372809877832,0.0,0.6536472967104365,11.647859763808773,1.1425372809877832,25.36
7,0.55,0.3,0.18,8.0,2.0,35,1.1425372809877832,0.0,0.6536472967104365,11.647859763808773,1.1425372809877832,25.44
7,0.55,0.3,0.26,8.0,2.0,35,1.1425372809877832,0.0,0.6536472967104365,11.647859763808773,1.1425372809877832,25.44
7,0.55,0.3,0.26,8.0,2.0,75,1.1425372809877832,0.0,0.6536472967104365,11.647859763808773,1.1425372809877832,25.36
11,0.55,0.3,0.05,8.0,2.0,75,1.1425372809877832,0.0,0.6536472967104365,11.647859763808773,1.1425372809877832,25.36
11,0.55,0.3,0.05,8.0,2.0,35,1.1425372809877832,0.0,0.6536472967104365,11.647859763808773,1.1425372809877832,25.44
11,0.55,0.3,0.1,8.0,2.0,75,1.1425372809877832,0.0,0.6536472967104365,11.647859763808773,1.1425372809877832,25.36
11,0.55,0.3,0.1,8.0,2.0,35,1.1425372809877832,0.0,0.6536472967104365,11.647859763808773,1.1425372809877832,25.44
11,0.55,0.3,0.18,8.0,2.0,35,1.1425372809877832,0.0,0.6536472967104365,11.647859763808773,1.1425372809877832,25.44
11,0.55,0.3,0.18,8.0,2.0,75,1.1425372809877832,0.0,0.6536472967104365,11.647859763808773,1.1425372809877832,25.36
11,0.55,0.3,0.26,8.0,2.0,75,1.1425372809877832,0.0,0.6536472967104365,11.647859763808773,1.1425372809877832,25.36
11,0.55,0.3,0.26,8.0,2.0,35,1.1425372809877832,0.0,0.6536472967104365,11.647859763808773,1.1425372809877832,25.44
15,0.55,0.3,0.05,8.0,2.0,35,1.1425372809877832,0.0,0.6536472967104365,11.647859763808773,1.1425372809877832,25.44
15,0.55,0.3,0.05,8.0,2.0,75,1.1425372809877832,0.0,0.6536472967104365,11.647859763808773,1.1425372809877832,25.36
15,0.55,0.3,0.1,8.0,2.0,75,1.1425372809877832,0.0,0.6536472967104365,11.647859763808773,1.1425372809877832,25.36
15,0.55,0.3,0.1,8.0,2.0,35,1.1425372809877832,0.0,0.6536472967104365,11.647859763808773,1.1425372809877832,25.44
15,0.55,0.3,0.18,8.0,2.0,35,1.1425372809877832,0.0,0.6536472967104365,11.647859763808773,1.1425372809877832,25.44
15,0.55,0.3,0.18,8.0,2.0,75,1.1425372809877832,0.0,0.6536472967104365,11.647859763808773,1.1425372809877832,25.36
15,0.55,0.3,0.26,8.0,2.0,75,1.1425372809877832,0.0,0.6536472967104365,11.647859763808773,1.1425372809877832,25.36
15,0.55,0.3,0.26,8.0,2.0,35,1.1425372809877832,0.0,0.6536472967104365,11.647859763808773,1.1425372809877832,25.44
7,0.35,0.42,0.05,13.0,1.2,35,1.1423318732578094,0.0,0.5960682840471487,10.4600481316612,1.1423318732578096,27.84
7,0.35,0.42,0.1,13.0,1.2,35,1.1423318732578094,0.0,0.5960682840471487,10.4600481316612,1.1423318732578096,27.84
7,0.35,0.42,0.18,13.0,1.2,35,1.1423318732578094,0.0,0.5960682840471487,10.4600481316612,1.1423318732578096,27.84
7,0.35,0.42,0.26,13.0,1.2,35,1.1423318732578094,0.0,0.5960682840471487,10.4600481316612,1.1423318732578096,27.84
11,0.35,0.42,0.05,13.0,1.2,35,1.1423318732578094,0.0,0.5960682840471487,10.4600481316612,1.1423318732578096,27.84
11,0.35,0.42,0.1,13.0,1.2,35,1.1423318732578094,0.0,0.5960682840471487,10.4600481316612,1.1423318732578096,27.84
11,0.35,0.42,0.18,13.0,1.2,35,1.1423318732578094,0.0,0.5960682840471487,10.4600481316612,1.1423318732578096,27.84
11,0.35,0.42,0.26,13.0,1.2,35,1.1423318732578094,0.0,0.5960682840471487,10.4600481316612,1.1423318732578096,27.84
15,0.35,0.42,0.05,13.0,1.2,35,1.1423318732578094,0.0,0.5960682840471487,10.4600481316612,1.1423318732578096,27.84
15,0.35,0.42,0.1,13.0,1.2,35,1.1423318732578094,0.0,0.5960682840471487,10.4600481316612,1.1423318732578096,27.84
15,0.35,0.42,0.18,13.0,1.2,35,1.1423318732578094,0.0,0.5960682840471487,10.4600481316612,1.1423318732578096,27.84
15,0.35,0.42,0.26,13.0,1.2,35,1.1423318732578094,0.0,0.5960682840471487,10.4600481316612,1.1423318732578096,27.84
7,0.35,0.3,0.05,13.0,2.0,75,1.1421904898533293,0.0,0.6333852977685213,13.342142538923893,1.1421904898533293,27.92
7,0.35,0.3,0.1,13.0,2.0,75,1.1421904898533293,0.0,0.6333852977685213,13.342142538923893,1.1421904898533293,27.92
7,0.35,0.3,0.18,13.0,2.0,75,1.1421904898533293,0.0,0.6333852977685213,13.342142538923893,1.1421904898533293,27.92
7,0.35,0.3,0.26,13.0,2.0,75,1.1421904898533293,0.0,0.6333852977685213,13.342142538923893,1.1421904898533293,27.92
11,0.35,0.3,0.05,13.0,2.0,75,1.1421904898533293,0.0,0.6333852977685213,13.342142538923893,1.1421904898533293,27.92
11,0.35,0.3,0.1,13.0,2.0,75,1.1421904898533293,0.0,0.6333852977685213,13.342142538923893,1.1421904898533293,27.92
11,0.35,0.3,0.18,13.0,2.0,75,1.1421904898533293,0.0,0.6333852977685213,13.342142538923893,1.1421904898533293,27.92
11,0.35,0.3,0.26,13.0,2.0,75,1.1421904898533293,0.0,0.6333852977685213,13.342142538923893,1.1421904898533293,27.92
15,0.35,0.3,0.05,13.0,2.0,75,1.1421904898533293,0.0,0.6333852977685213,13.342142538923893,1.1421904898533293,27.92
15,0.35,0.3,0.1,13.0,2.0,75,1.1421904898533293,0.0,0.6333852977685213,13.342142538923893,1.1421904898533293,27.92
15,0.35,0.3,0.18,13.0,2.0,75,1.1421904898533293,0.0,0.6333852977685213,13.342142538923893,1.1421904898533293,27.92
15,0.35,0.3,0.26,13.0,2.0,75,1.1421904898533293,0.0,0.6333852977685213,13.342142538923893,1.1421904898533293,27.92
7,0.35,0.3,0.05,8.0,2.0,75,1.139649030215068,0.0,0.6375518574968895,13.514086922394759,1.139649030215068,33.52
7,0.35,0.3,0.1,8.0,2.0,75,1.139649030215068,0.0,0.6375518574968895,13.514086922394759,1.139649030215068,33.52
7,0.35,0.3,0.18,8.0,2.0,75,1.139649030215068,0.0,0.6375518574968895,13.514086922394759,1.139649030215068,33.52
7,0.35,0.3,0.26,8.0,2.0,75,1.139649030215068,0.0,0.6375518574968895,13.514086922394759,1.139649030215068,33.52
11,0.35,0.3,0.05,8.0,2.0,75,1.139649030215068,0.0,0.6375518574968895,13.514086922394759,1.139649030215068,33.52
11,0.35,0.3,0.1,8.0,2.0,75,1.139649030215068,0.0,0.6375518574968895,13.514086922394759,1.139649030215068,33.52
11,0.35,0.3,0.18,8.0,2.0,75,1.139649030215068,0.0,0.6375518574968895,13.514086922394759,1.139649030215068,33.52
11,0.35,0.3,0.26,8.0,2.0,75,1.139649030215068,0.0,0.6375518574968895,13.514086922394759,1.139649030215068,33.52
15,0.35,0.3,0.05,8.0,2.0,75,1.139649030215068,0.0,0.6375518574968895,13.514086922394759,1.139649030215068,33.52
15,0.35,0.3,0.1,8.0,2.0,75,1.139649030215068,0.0,0.6375518574968895,13.514086922394759,1.139649030215068,33.52
15,0.35,0.3,0.18,8.0,2.0,75,1.139649030215068,0.0,0.6375518574968895,13.514086922394759,1.139649030215068,33.52
15,0.35,0.3,0.26,8.0,2.0,75,1.139649030215068,0.0,0.6375518574968895,13.514086922394759,1.139649030215068,33.52
7,0.45,0.42,0.05,18.0,0.6,35,1.1377468060394889,0.0,0.6509790027039001,11.523608709866181,1.1377468060394889,22.36
7,0.45,0.42,0.1,18.0,0.6,35,1.1377468060394889,0.0,0.6509790027039001,11.523608709866181,1.1377468060394889,22.36
7,0.45,0.42,0.18,18.0,0.6,35,1.1377468060394889,0.0,0.6509790027039001,11.523608709866181,1.1377468060394889,22.36
7,0.45,0.42,0.26,18.0,0.6,35,1.1377468060394889,0.0,0.6509790027039001,11.523608709866181,1.1377468060394889,22.36
11,0.45,0.42,0.05,18.0,0.6,35,1.1377468060394889,0.0,0.6509790027039001,11.523608709866181,1.1377468060394889,22.36
11,0.45,0.42,0.1,18.0,0.6,35,1.1377468060394889,0.0,0.6509790027039001,11.523608709866181,1.1377468060394889,22.36
11,0.45,0.42,0.18,18.0,0.6,35,1.1377468060394889,0.0,0.6509790027039001,11.523608709866181,1.1377468060394889,22.36
11,0.45,0.42,0.26,18.0,0.6,35,1.1377468060394889,0.0,0.6509790027039001,11.523608709866181,1.1377468060394889,22.36
15,0.45,0.42,0.05,18.0,0.6,35,1.1377468060394889,0.0,0.6509790027039001,11.523608709866181,1.1377468060394889,22.36
15,0.45,0.42,0.1,18.0,0.6,35,1.1377468060394889,0.0,0.6509790027039001,11.523608709866181,1.1377468060394889,22.36
15,0.45,0.42,0.18,18.0,0.6,35,1.1377468060394889,0.0,0.6509790027039001,11.523608709866181,1.1377468060394889,22.36
15,0.45,0.42,0.26,18.0,0.6,35,1.1377468060394889,0.0,0.6509790027039001,11.523608709866181,1.1377468060394889,22.36
7,0.35,0.3,0.05,13.0,2.0,35,1.1319217014869187,0.0,0.6278861784180428,13.342142538923893,1.1319217014869187,28.2
7,0.35,0.3,0.1,13.0,2.0,35,1.1319217014869187,0.0,0.6278861784180428,13.342142538923893,1.1319217014869187,28.2
7,0.35,0.3,0.18,13.0,2.0,35,1.1319217014869187,0.0,0.6278861784180428,13.342142538923893,1.1319217014869187,28.2
7,0.35,0.3,0.26,13.0,2.0,35,1.1319217014869187,0.0,0.6278861784180428,13.342142538923893,1.1319217014869187,28.2
11,0.35,0.3,0.05,13.0,2.0,35,1.1319217014869187,0.0,0.6278861784180428,13.342142538923893,1.1319217014869187,28.2
11,0.35,0.3,0.1,13.0,2.0,35,1.1319217014869187,0.0,0.6278861784180428,13.342142538923893,1.1319217014869187,28.2
11,0.35,0.3,0.18,13.0,2.0,35,1.1319217014869187,0.0,0.6278861784180428,13.342142538923893,1.1319217014869187,28.2
11,0.35,0.3,0.26,13.0,2.0,35,1.1319217014869187,0.0,0.6278861784180428,13.342142538923893,1.1319217014869187,28.2
15,0.35,0.3,0.05,13.0,2.0,35,1.1319217014869187,0.0,0.6278861784180428,13.342142538923893,1.1319217014869187,28.2
15,0.35,0.3,0.1,13.0,2.0,35,1.1319217014869187,0.0,0.6278861784180428,13.342142538923893,1.1319217014869187,28.2
15,0.35,0.3,0.18,13.0,2.0,35,1.1319217014869187,0.0,0.6278861784180428,13.342142538923893,1.1319217014869187,28.2
15,0.35,0.3,0.26,13.0,2.0,35,1.1319217014869187,0.0,0.6278861784180428,13.342142538923893,1.1319217014869187,28.2
7,0.45,0.42,0.1,24.0,2.0,75,1.1318681318681318,0.0,0.6391123824504482,9.213301627356115,1.1318681318681318,20.52
7,0.45,0.42,0.1,24.0,2.0,35,1.1318681318681318,0.0,0.6391123824504482,9.213301627356115,1.1318681318681318,20.6
7,0.45,0.42,0.18,24.0,2.0,35,1.1318681318681318,0.0,0.6391123824504482,9.213301627356115,1.1318681318681318,20.6
7,0.45,0.42,0.18,24.0,2.0,75,1.1318681318681318,0.0,0.6391123824504482,9.213301627356115,1.1318681318681318,20.52
7,0.45,0.42,0.26,24.0,2.0,35,1.1318681318681318,0.0,0.6391123824504482,9.213301627356115,1.1318681318681318,20.6
7,0.45,0.42,0.26,24.0,2.0,75,1.1318681318681318,0.0,0.6391123824504482,9.213301627356115,1.1318681318681318,20.52
11,0.45,0.42,0.1,24.0,2.0,35,1.1318681318681318,0.0,0.6391123824504482,9.213301627356115,1.1318681318681318,20.6
11,0.45,0.42,0.1,24.0,2.0,75,1.1318681318681318,0.0,0.6391123824504482,9.213301627356115,1.1318681318681318,20.52
11,0.45,0.42,0.18,24.0,2.0,75,1.1318681318681318,0.0,0.6391123824504482,9.213301627356115,1.1318681318681318,20.52
11,0.45,0.42,0.18,24.0,2.0,35,1.1318681318681318,0.0,0.6391123824504482,9.213301627356115,1.1318681318681318,20.6
11,0.45,0.42,0.26,24.0,2.0,75,1.1318681318681318,0.0,0.6391123824504482,9.213301627356115,1.1318681318681318,20.52
11,0.45,0.42,0.26,24.0,2.0,35,1.1318681318681318,0.0,0.6391123824504482,9.213301627356115,1.1318681318681318,20.6
15,0.45,0.42,0.1,24.0,2.0,35,1.1318681318681318,0.0,0.6391123824504482,9.213301627356115,1.1318681318681318,20.6
15,0.45,0.42,0.1,24.0,2.0,75,1.1318681318681318,0.0,0.6391123824504482,9.213301627356115,1.1318681318681318,20.52
15,0.45,0.42,0.18,24.0,2.0,75,1.1318681318681318,0.0,0.6391123824504482,9.213301627356115,1.1318681318681318,20.52
15,0.45,0.42,0.18,24.0,2.0,35,1.1318681318681318,0.0,0.6391123824504482,9.213301627356115,1.1318681318681318,20.6
15,0.45,0.42,0.26,24.0,2.0,75,1.1318681318681318,0.0,0.6391123824504482,9.213301627356115,1.1318681318681318,20.52
15,0.45,0.42,0.26,24.0,2.0,35,1.1318681318681318,0.0,0.6391123824504482,9.213301627356115,1.1318681318681318,20.6
7,0.25,0.3,0.05,24.0,0.6,75,1.1289372558992312,0.0,0.6595464312896797,13.947038610855438,1.1289372558992312,25.64
7,0.25,0.3,0.1,24.0,0.6,75,1.1289372558992312,0.0,0.6595464312896797,13.947038610855438,1.1289372558992312,25.64
7,0.25,0.3,0.18,24.0,0.6,75,1.1289372558992312,0.0,0.6595464312896797,13.947038610855438,1.1289372558992312,25.64
7,0.25,0.3,0.26,24.0,0.6,75,1.1289372558992312,0.0,0.6595464312896797,13.947038610855438,1.1289372558992312,25.64
11,0.25,0.3,0.05,24.0,0.6,75,1.1289372558992312,0.0,0.6595464312896797,13.947038610855438,1.1289372558992312,25.64
11,0.25,0.3,0.1,24.0,0.6,75,1.1289372558992312,0.0,0.6595464312896797,13.947038610855438,1.1289372558992312,25.64
11,0.25,0.3,0.18,24.0,0.6,75,1.1289372558992312,0.0,0.6595464312896797,13.947038610855438,1.1289372558992312,25.64
11,0.25,0.3,0.26,24.0,0.6,75,1.1289372558992312,0.0,0.6595464312896797,13.947038610855438,1.1289372558992312,25.64
15,0.25,0.3,0.05,24.0,0.6,75,1.1289372558992312,0.0,0.6595464312896797,13.947038610855438,1.1289372558992312,25.64
15,0.25,0.3,0.1,24.0,0.6,75,1.1289372558992312,0.0,0.6595464312896797,13.947038610855438,1.1289372558992312,25.64
15,0.25,0.3,0.18,24.0,0.6,75,1.1289372558992312,0.0,0.6595464312896797,13.947038610855438,1.1289372558992312,25.64
15,0.25,0.3,0.26,24.0,0.6,75,1.1289372558992312,0.0,0.6595464312896797,13.947038610855438,1.1289372558992312,25.64
7,0.35,0.3,0.05,8.0,2.0,35,1.1256193043255038,0.0,0.6295717336493674,13.514086922394759,1.1256193043255036,34.04
7,0.35,0.3,0.1,8.0,2.0,35,1.1256193043255038,0.0,0.6295717336493674,13.514086922394759,1.1256193043255036,34.04
7,0.35,0.3,0.18,8.0,2.0,35,1.1256193043255038,0.0,0.6295717336493674,13.514086922394759,1.1256193043255036,34.04
7,0.35,0.3,0.26,8.0,2.0,35,1.1256193043255038,0.0,0.6295717336493674,13.514086922394759,1.1256193043255036,34.04
11,0.35,0.3,0.05,8.0,2.0,35,1.1256193043255038,0.0,0.6295717336493674,13.514086922394759,1.1256193043255036,34.04
11,0.35,0.3,0.1,8.0,2.0,35,1.1256193043255038,0.0,0.6295717336493674,13.514086922394759,1.1256193043255036,34.04
11,0.35,0.3,0.18,8.0,2.0,35,1.1256193043255038,0.0,0.6295717336493674,13.514086922394759,1.1256193043255036,34.04
11,0.35,0.3,0.26,8.0,2.0,35,1.1256193043255038,0.0,0.6295717336493674,13.514086922394759,1.1256193043255036,34.04
15,0.35,0.3,0.05,8.0,2.0,35,1.1256193043255038,0.0,0.6295717336493674,13.514086922394759,1.1256193043255036,34.04
15,0.35,0.3,0.1,8.0,2.0,35,1.1256193043255038,0.0,0.6295717336493674,13.514086922394759,1.1256193043255036,34.04
15,0.35,0.3,0.18,8.0,2.0,35,1.1256193043255038,0.0,0.6295717336493674,13.514086922394759,1.1256193043255036,34.04
15,0.35,0.3,0.26,8.0,2.0,35,1.1256193043255038,0.0,0.6295717336493674,13.514086922394759,1.1256193043255036,34.04
7,0.45,0.3,0.05,13.0,0.6,75,1.1240256057045621,0.0,0.6564612138070712,11.801363974918281,1.1240256057045621,23.96
7,0.45,0.3,0.1,13.0,0.6,75,1.1240256057045621,0.0,0.6564612138070712,11.801363974918281,1.1240256057045621,23.96
7,0.45,0.3,0.18,13.0,0.6,75,1.1240256057045621,0.0,0.6564612138070712,11.801363974918281,1.1240256057045621,23.96
7,0.45,0.3,0.26,13.0,0.6,75,1.1240256057045621,0.0,0.6564612138070712,11.801363974918281,1.1240256057045621,23.96
11,0.45,0.3,0.05,13.0,0.6,75,1.1240256057045621,0.0,0.6564612138070712,11.801363974918281,1.1240256057045621,23.96
11,0.45,0.3,0.1,13.0,0.6,75,1.1240256057045621,0.0,0.6564612138070712,11.801363974918281,1.1240256057045621,23.96
11,0.45,0.3,0.18,13.0,0.6,75,1.1240256057045621,0.0,0.6564612138070712,11.801363974918281,1.1240256057045621,23.96
11,0.45,0.3,0.26,13.0,0.6,75,1.1240256057045621,0.0,0.6564612138070712,11.801363974918281,1.1240256057045621,23.96
15,0.45,0.3,0.05,13.0,0.6,75,1.1240256057045621,0.0,0.6564612138070712,11.801363974918281,1.1240256057045621,23.96
15,0.45,0.3,0.1,13.0,0.6,75,1.1240256057045621,0.0,0.6564612138070712,11.801363974918281,1.1240256057045621,23.96
15,0.45,0.3,0.18,13.0,0.6,75,1.1240256057045621,0.0,0.6564612138070712,11.801363974918281,1.1240256057045621,23.96
15,0.45,0.3,0.26,13.0,0.6,75,1.1240256057045621,0.0,0.6564612138070712,11.801363974918281,1.1240256057045621,23.96
7,0.45,0.42,0.05,13.0,0.6,75,1.1240256057045621,0.0,0.6452446352693523,11.580024760826644,1.1240256057045621,23.88
7,0.45,0.42,0.1,13.0,0.6,75,1.1240256057045621,0.0,0.6452446352693523,11.580024760826644,1.1240256057045621,23.88
7,0.45,0.42,0.18,13.0,0.6,75,1.1240256057045621,0.0,0.6452446352693523,11.580024760826644,1.1240256057045621,23.88
7,0.45,0.42,0.26,13.0,0.6,75,1.1240256057045621,0.0,0.6452446352693523,11.580024760826644,1.1240256057045621,23.88
11,0.45,0.42,0.05,13.0,0.6,75,1.1240256057045621,0.0,0.6452446352693523,11.580024760826644,1.1240256057045621,23.88
11,0.45,0.42,0.1,13.0,0.6,75,1.1240256057045621,0.0,0.6452446352693523,11.580024760826644,1.1240256057045621,23.88
11,0.45,0.42,0.18,13.0,0.6,75,1.1240256057045621,0.0,0.6452446352693523,11.580024760826644,1.1240256057045621,23.88
11,0.45,0.42,0.26,13.0,0.6,75,1.1240256057045621,0.0,0.6452446352693523,11.580024760826644,1.1240256057045621,23.88
15,0.45,0.42,0.05,13.0,0.6,75,1.1240256057045621,0.0,0.6452446352693523,11.580024760826644,1.1240256057045621,23.88
15,0.45,0.42,0.1,13.0,0.6,75,1.1240256057045621,0.0,0.6452446352693523,11.580024760826644,1.1240256057045621,23.88
15,0.45,0.42,0.18,13.0,0.6,75,1.1240256057045621,0.0,0.6452446352693523,11.580024760826644,1.1240256057045621,23.88
15,0.45,0.42,0.26,13.0,0.6,75,1.1240256057045621,0.0,0.6452446352693523,11.580024760826644,1.1240256057045621,23.88
7,0.45,0.42,0.05,24.0,2.0,75,1.1185347985347986,0.0,0.6318647264358437,9.213301627356115,1.1185347985347984,20.6
7,0.45,0.42,0.05,24.0,2.0,35,1.1185347985347986,0.0,0.6318647264358437,9.213301627356115,1.1185347985347984,20.68
11,0.45,0.42,0.05,24.0,2.0,75,1.1185347985347986,0.0,0.6318647264358437,9.213301627356115,1.1185347985347984,20.6
11,0.45,0.42,0.05,24.0,2.0,35,1.1185347985347986,0.0,0.6318647264358437,9.213301627356115,1.1185347985347984,20.68
15,0.45,0.42,0.05,24.0,2.0,35,1.1185347985347986,0.0,0.6318647264358437,9.213301627356115,1.1185347985347984,20.68
15,0.45,0.42,0.05,24.0,2.0,75,1.1185347985347986,0.0,0.6318647264358437,9.213301627356115,1.1185347985347984,20.6
7,0.45,0.3,0.05,13.0,0.6,35,1.10974371010751,0.0,0.6481208110998233,11.801363974918281,1.10974371010751,24.24
7,0.45,0.3,0.1,13.0,0.6,35,1.10974371010751,0.0,0.6481208110998233,11.801363974918281,1.10974371010751,24.24
7,0.45,0.3,0.18,13.0,0.6,35,1.10974371010751,0.0,0.6481208110998233,11.801363974918281,1.10974371010751,24.24
7,0.45,0.3,0.26,13.0,0.6,35,1.10974371010751,0.0,0.6481208110998233,11.801363974918281,1.10974371010751,24.24
11,0.45,0.3,0.05,13.0,0.6,35,1.10974371010751,0.0,0.6481208110998233,11.801363974918281,1.10974371010751,24.24
11,0.45,0.3,0.1,13.0,0.6,35,1.10974371010751,0.0,0.6481208110998233,11.801363974918281,1.10974371010751,24.24
11,0.45,0.3,0.18,13.0,0.6,35,1.10974371010751,0.0,0.6481208110998233,11.801363974918281,1.10974371010751,24.24
11,0.45,0.3,0.26,13.0,0.6,35,1.10974371010751,0.0,0.6481208110998233,11.801363974918281,1.10974371010751,24.24
15,0.45,0.3,0.05,13.0,0.6,35,1.10974371010751,0.0,0.6481208110998233,11.801363974918281,1.10974371010751,24.24
15,0.45,0.3,0.1,13.0,0.6,35,1.10974371010751,0.0,0.6481208110998233,11.801363974918281,1.10974371010751,24.24
15,0.45,0.3,0.18,13.0,0.6,35,1.10974371010751,0.0,0.6481208110998233,11.801363974918281,1.10974371010751,24.24
15,0.45,0.3,0.26,13.0,0.6,35,1.10974371010751,0.0,0.6481208110998233,11.801363974918281,1.10974371010751,24.24
7,0.45,0.42,0.05,13.0,0.6,35,1.10974371010751,0.0,0.63708090633307,11.580024760826644,1.10974371010751,24.2
7,0.45,0.42,0.1,13.0,0.6,35,1.10974371010751,0.0,0.63708090633307,11.580024760826644,1.10974371010751,24.2
7,0.45,0.42,0.18,13.0,0.6,35,1.10974371010751,0.0,0.63708090633307,11.580024760826644,1.10974371010751,24.2
7,0.45,0.42,0.26,13.0,0.6,35,1.10974371010751,0.0,0.63708090633307,11.580024760826644,1.10974371010751,24.2
11,0.45,0.42,0.05,13.0,0.6,35,1.10974371010751,0.0,0.63708090633307,11.580024760826644,1.10974371010751,24.2
11,0.45,0.42,0.1,13.0,0.6,35,1.10974371010751,0.0,0.63708090633307,11.580024760826644,1.10974371010751,24.2
11,0.45,0.42,0.18,13.0,0.6,35,1.10974371010751,0.0,0.63708090633307,11.580024760826644,1.10974371010751,24.2
11,0.45,0.42,0.26,13.0,0.6,35,1.10974371010751,0.0,0.63708090633307,11.580024760826644,1.10974371010751,24.2
15,0.45,0.42,0.05,13.0,0.6,35,1.10974371010751,0.0,0.63708090633307,11.580024760826644,1.10974371010751,24.2
15,0.45,0.42,0.1,13.0,0.6,35,1.10974371010751,0.0,0.63708090633307,11.580024760826644,1.10974371010751,24.2
15,0.45,0.42,0.18,13.0,0.6,35,1.10974371010751,0.0,0.63708090633307,11.580024760826644,1.10974371010751,24.2
15,0.45,0.42,0.26,13.0,0.6,35,1.10974371010751,0.0,0.63708090633307,11.580024760826644,1.10974371010751,24.2
7,0.25,0.3,0.05,24.0,0.6,35,1.109673554956574,0.0,0.6474064904581387,13.947038610855438,1.109673554956574,26.4
7,0.25,0.3,0.1,24.0,0.6,35,1.109673554956574,0.0,0.6474064904581387,13.947038610855438,1.109673554956574,26.32
7,0.25,0.3,0.18,24.0,0.6,35,1.109673554956574,0.0,0.6474064904581387,13.947038610855438,1.109673554956574,26.32
7,0.25,0.3,0.26,24.0,0.6,35,1.109673554956574,0.0,0.6474064904581387,13.947038610855438,1.109673554956574,26.32
11,0.25,0.3,0.05,24.0,0.6,35,1.109673554956574,0.0,0.6474064904581387,13.947038610855438,1.109673554956574,26.4
11,0.25,0.3,0.1,24.0,0.6,35,1.109673554956574,0.0,0.6474064904581387,13.947038610855438,1.109673554956574,26.32
11,0.25,0.3,0.18,24.0,0.6,35,1.109673554956574,0.0,0.6474064904581387,13.947038610855438,1.109673554956574,26.32
11,0.25,0.3,0.26,24.0,0.6,35,1.109673554956574,0.0,0.6474064904581387,13.947038610855438,1.109673554956574,26.32
15,0.25,0.3,0.05,24.0,0.6,35,1.109673554956574,0.0,0.6474064904581387,13.947038610855438,1.109673554956574,26.4
15,0.25,0.3,0.1,24.0,0.6,35,1.109673554956574,0.0,0.6474064904581387,13.947038610855438,1.109673554956574,26.32
15,0.25,0.3,0.18,24.0,0.6,35,1.109673554956574,0.0,0.6474064904581387,13.947038610855438,1.109673554956574,26.32
15,0.25,0.3,0.26,24.0,0.6,35,1.109673554956574,0.0,0.6474064904581387,13.947038610855438,1.109673554956574,26.32
7,0.45,0.3,0.05,8.0,2.0,75,1.099639855942377,0.0,0.6162385381145573,11.393597453645683,1.0996398559423768,29.04
7,0.45,0.3,0.05,8.0,2.0,35,1.099639855942377,0.0,0.6162385381145573,11.393597453645683,1.0996398559423768,29.24
7,0.45,0.3,0.1,8.0,2.0,75,1.099639855942377,0.0,0.6162385381145573,11.393597453645683,1.0996398559423768,29.04
7,0.45,0.3,0.1,8.0,2.0,35,1.099639855942377,0.0,0.6162385381145573,11.393597453645683,1.0996398559423768,29.24
7,0.45,0.3,0.18,8.0,2.0,35,1.099639855942377,0.0,0.6162385381145573,11.393597453645683,1.0996398559423768,29.24
7,0.45,0.3,0.18,8.0,2.0,75,1.099639855942377,0.0,0.6162385381145573,11.393597453645683,1.0996398559423768,29.04
7,0.45,0.3,0.26,8.0,2.0,35,1.099639855942377,0.0,0.6162385381145573,11.393597453645683,1.0996398559423768,29.24
7,0.45,0.3,0.26,8.0,2.0,75,1.099639855942377,0.0,0.6162385381145573,11.393597453645683,1.0996398559423768,29.04
11,0.45,0.3,0.05,8.0,2.0,75,1.099639855942377,0.0,0.6162385381145573,11.393597453645683,1.0996398559423768,29.04
11,0.45,0.3,0.05,8.0,2.0,35,1.099639855942377,0.0,0.6162385381145573,11.393597453645683,1.0996398559423768,29.24
11,0.45,0.3,0.1,8.0,2.0,35,1.099639855942377,0.0,0.6162385381145573,11.393597453645683,1.0996398559423768,29.24
11,0.45,0.3,0.1,8.0,2.0,75,1.099639855942377,0.0,0.6162385381145573,11.393597453645683,1.0996398559423768,29.04
11,0.45,0.3,0.18,8.0,2.0,75,1.099639855942377,0.0,0.6162385381145573,11.393597453645683,1.0996398559423768,29.04
11,0.45,0.3,0.18,8.0,2.0,35,1.099639855942377,0.0,0.6162385381145573,11.393597453645683,1.0996398559423768,29.24
11,0.45,0.3,0.26,8.0,2.0,75,1.099639855942377,0.0,0.6162385381145573,11.393597453645683,1.0996398559423768,29.04
11,0.45,0.3,0.26,8.0,2.0,35,1.099639855942377,0.0,0.6162385381145573,11.393597453645683,1.0996398559423768,29.24
15,0.45,0.3,0.05,8.0,2.0,35,1.099639855942377,0.0,0.6162385381145573,11.393597453645683,1.0996398559423768,29.24
15,0.45,0.3,0.05,8.0,2.0,75,1.099639855942377,0.0,0.6162385381145573,11.393597453645683,1.0996398559423768,29.04
15,0.45,0.3,0.1,8.0,2.0,75,1.099639855942377,0.0,0.6162385381145573,11.393597453645683,1.0996398559423768,29.04
15,0.45,0.3,0.1,8.0,2.0,35,1.099639855942377,0.0,0.6162385381145573,11.393597453645683,1.0996398559423768,29.24
15,0.45,0.3,0.18,8.0,2.0,35,1.099639855942377,0.0,0.6162385381145573,11.393597453645683,1.0996398559423768,29.24
15,0.45,0.3,0.18,8.0,2.0,75,1.099639855942377,0.0,0.6162385381145573,11.393597453645683,1.0996398559423768,29.04
15,0.45,0.3,0.26,8.0,2.0,35,1.099639855942377,0.0,0.6162385381145573,11.393597453645683,1.0996398559423768,29.24
15,0.45,0.3,0.26,8.0,2.0,75,1.099639855942377,0.0,0.6162385381145573,11.393597453645683,1.0996398559423768,29.04
7,0.55,0.42,0.05,24.0,2.0,75,1.0962406015037596,0.0,0.6458578376710108,9.568225843772755,1.0962406015037593,18.2
7,0.55,0.42,0.05,24.0,2.0,35,1.0962406015037596,0.0,0.6458578376710108,9.568225843772755,1.0962406015037593,18.2
7,0.55,0.42,0.1,24.0,2.0,35,1.0962406015037596,0.0,0.6458578376710108,9.568225843772755,1.0962406015037593,18.16
7,0.55,0.42,0.1,24.0,2.0,75,1.0962406015037596,0.0,0.6458578376710108,9.568225843772755,1.0962406015037593,18.16
7,0.55,0.42,0.18,24.0,2.0,35,1.0962406015037596,0.0,0.6458578376710108,9.568225843772755,1.0962406015037593,18.16
7,0.55,0.42,0.18,24.0,2.0,75,1.0962406015037596,0.0,0.6458578376710108,9.568225843772755,1.0962406015037593,18.16
7,0.55,0.42,0.26,24.0,2.0,75,1.0962406015037596,0.0,0.6458578376710108,9.568225843772755,1.0962406015037593,18.16
7,0.55,0.42,0.26,24.0,2.0,35,1.0962406015037596,0.0,0.6458578376710108,9.568225843772755,1.0962406015037593,18.16
11,0.55,0.42,0.05,24.0,2.0,35,1.0962406015037596,0.0,0.6458578376710108,9.568225843772755,1.0962406015037593,18.2
11,0.55,0.42,0.05,24.0,2.0,75,1.0962406015037596,0.0,0.6458578376710108,9.568225843772755,1.0962406015037593,18.2
11,0.55,0.42,0.1,24.0,2.0,35,1.0962406015037596,0.0,0.6458578376710108,9.568225843772755,1.0962406015037593,18.16
11,0.55,0.42,0.1,24.0,2.0,75,1.0962406015037596,0.0,0.6458578376710108,9.568225843772755,1.0962406015037593,18.16
11,0.55,0.42,0.18,24.0,2.0,75,1.0962406015037596,0.0,0.6458578376710108,9.568225843772755,1.0962406015037593,18.16
11,0.55,0.42,0.18,24.0,2.0,35,1.0962406015037596,0.0,0.6458578376710108,9.568225843772755,1.0962406015037593,18.16
11,0.55,0.42,0.26,24.0,2.0,35,1.0962406015037596,0.0,0.6458578376710108,9.568225843772755,1.0962406015037593,18.16
11,0.55,0.42,0.26,24.0,2.0,75,1.0962406015037596,0.0,0.6458578376710108,9.568225843772755,1.0962406015037593,18.16
15,0.55,0.42,0.05,24.0,2.0,35,1.0962406015037596,0.0,0.6458578376710108,9.568225843772755,1.0962406015037593,18.2
15,0.55,0.42,0.05,24.0,2.0,75,1.0962406015037596,0.0,0.6458578376710108,9.568225843772755,1.0962406015037593,18.2
15,0.55,0.42,0.1,24.0,2.0,35,1.0962406015037596,0.0,0.6458578376710108,9.568225843772755,1.0962406015037593,18.16
15,0.55,0.42,0.1,24.0,2.0,75,1.0962406015037596,0.0,0.6458578376710108,9.568225843772755,1.0962406015037593,18.16
15,0.55,0.42,0.18,24.0,2.0,35,1.0962406015037596,0.0,0.6458578376710108,9.568225843772755,1.0962406015037593,18.16
15,0.55,0.42,0.18,24.0,2.0,75,1.0962406015037596,0.0,0.6458578376710108,9.568225843772755,1.0962406015037593,18.16
15,0.55,0.42,0.26,24.0,2.0,75,1.0962406015037596,0.0,0.6458578376710108,9.568225843772755,1.0962406015037593,18.16
15,0.55,0.42,0.26,24.0,2.0,35,1.0962406015037596,0.0,0.6458578376710108,9.568225843772755,1.0962406015037593,18.16
7,0.25,0.3,0.05,18.0,0.6,75,1.082850392845242,0.0,0.630095611687849,13.91094437964239,1.0828503928452418,27.96
7,0.25,0.3,0.1,18.0,0.6,75,1.082850392845242,0.0,0.630095611687849,13.91094437964239,1.0828503928452418,27.96
7,0.25,0.3,0.18,18.0,0.6,75,1.082850392845242,0.0,0.630095611687849,13.91094437964239,1.0828503928452418,27.96
7,0.25,0.3,0.26,18.0,0.6,75,1.082850392845242,0.0,0.630095611687849,13.91094437964239,1.0828503928452418,27.96
11,0.25,0.3,0.05,18.0,0.6,75,1.082850392845242,0.0,0.630095611687849,13.91094437964239,1.0828503928452418,27.96
11,0.25,0.3,0.1,18.0,0.6,75,1.082850392845242,0.0,0.630095611687849,13.91094437964239,1.0828503928452418,27.96
11,0.25,0.3,0.18,18.0,0.6,75,1.082850392845242,0.0,0.630095611687849,13.91094437964239,1.0828503928452418,27.96
11,0.25,0.3,0.26,18.0,0.6,75,1.082850392845242,0.0,0.630095611687849,13.91094437964239,1.0828503928452418,27.96
15,0.25,0.3,0.05,18.0,0.6,75,1.082850392845242,0.0,0.630095611687849,13.91094437964239,1.0828503928452418,27.96
15,0.25,0.3,0.1,18.0,0.6,75,1.082850392845242,0.0,0.630095611687849,13.91094437964239,1.0828503928452418,27.96
15,0.25,0.3,0.18,18.0,0.6,75,1.082850392845242,0.0,0.630095611687849,13.91094437964239,1.0828503928452418,27.96
15,0.25,0.3,0.26,18.0,0.6,75,1.082850392845242,0.0,0.630095611687849,13.91094437964239,1.0828503928452418,27.96
7,0.25,0.3,0.05,18.0,0.6,35,1.061645381756776,0.0,0.6162819298487855,13.91094437964239,1.061645381756776,28.88
7,0.25,0.3,0.1,18.0,0.6,35,1.061645381756776,0.0,0.6162819298487855,13.91094437964239,1.061645381756776,28.8
7,0.25,0.3,0.18,18.0,0.6,35,1.061645381756776,0.0,0.6162819298487855,13.91094437964239,1.061645381756776,28.8
7,0.25,0.3,0.26,18.0,0.6,35,1.061645381756776,0.0,0.6162819298487855,13.91094437964239,1.061645381756776,28.8
11,0.25,0.3,0.05,18.0,0.6,35,1.061645381756776,0.0,0.6162819298487855,13.91094437964239,1.061645381756776,28.88
11,0.25,0.3,0.1,18.0,0.6,35,1.061645381756776,0.0,0.6162819298487855,13.91094437964239,1.061645381756776,28.8
11,0.25,0.3,0.18,18.0,0.6,35,1.061645381756776,0.0,0.6162819298487855,13.91094437964239,1.061645381756776,28.8
11,0.25,0.3,0.26,18.0,0.6,35,1.061645381756776,0.0,0.6162819298487855,13.91094437964239,1.061645381756776,28.8
15,0.25,0.3,0.05,18.0,0.6,35,1.061645381756776,0.0,0.6162819298487855,13.91094437964239,1.061645381756776,28.88
15,0.25,0.3,0.1,18.0,0.6,35,1.061645381756776,0.0,0.6162819298487855,13.91094437964239,1.061645381756776,28.8
15,0.25,0.3,0.18,18.0,0.6,35,1.061645381756776,0.0,0.6162819298487855,13.91094437964239,1.061645381756776,28.8
15,0.25,0.3,0.26,18.0,0.6,35,1.061645381756776,0.0,0.6162819298487855,13.91094437964239,1.061645381756776,28.8
7,0.55,0.55,0.05,24.0,1.2,75,1.0458204334365324,0.0,0.5678676341799196,8.719063390201015,1.0458204334365324,18.08
7,0.55,0.55,0.05,24.0,1.2,35,1.0458204334365324,0.0,0.5678676341799196,8.719063390201015,1.0458204334365324,18.12
7,0.55,0.55,0.1,24.0,1.2,35,1.0458204334365324,0.0,0.5678676341799196,8.719063390201015,1.0458204334365324,18.08
7,0.55,0.55,0.1,24.0,1.2,75,1.0458204334365324,0.0,0.5678676341799196,8.719063390201015,1.0458204334365324,18.04
7,0.55,0.55,0.18,24.0,1.2,75,1.0458204334365324,0.0,0.5678676341799196,8.719063390201015,1.0458204334365324,18.04
7,0.55,0.55,0.18,24.0,1.2,35,1.0458204334365324,0.0,0.5678676341799196,8.719063390201015,1.0458204334365324,18.08
7,0.55,0.55,0.26,24.0,1.2,35,1.0458204334365324,0.0,0.5678676341799196,8.719063390201015,1.0458204334365324,18.08
7,0.55,0.55,0.26,24.0,1.2,75,1.0458204334365324,0.0,0.5678676341799196,8.719063390201015,1.0458204334365324,18.04
11,0.55,0.55,0.05,24.0,1.2,35,1.0458204334365324,0.0,0.5678676341799196,8.719063390201015,1.0458204334365324,18.12
11,0.55,0.55,0.05,24.0,1.2,75,1.0458204334365324,0.0,0.5678676341799196,8.719063390201015,1.0458204334365324,18.08
11,0.55,0.55,0.1,24.0,1.2,35,1.0458204334365324,0.0,0.5678676341799196,8.719063390201015,1.0458204334365324,18.08
11,0.55,0.55,0.1,24.0,1.2,75,1.0458204334365324,0.0,0.5678676341799196,8.719063390201015,1.0458204334365324,18.04
11,0.55,0.55,0.18,24.0,1.2,35,1.0458204334365324,0.0,0.5678676341799196,8.719063390201015,1.0458204334365324,18.08
11,0.55,0.55,0.18,24.0,1.2,75,1.0458204334365324,0.0,0.5678676341799196,8.719063390201015,1.0458204334365324,18.04
11,0.55,0.55,0.26,24.0,1.2,35,1.0458204334365324,0.0,0.5678676341799196,8.719063390201015,1.0458204334365324,18.08
11,0.55,0.55,0.26,24.0,1.2,75,1.0458204334365324,0.0,0.5678676341799196,8.719063390201015,1.0458204334365324,18.04
15,0.55,0.55,0.05,24.0,1.2,35,1.0458204334365324,0.0,0.5678676341799196,8.719063390201015,1.0458204334365324,18.12
15,0.55,0.55,0.05,24.0,1.2,75,1.0458204334365324,0.0,0.5678676341799196,8.719063390201015,1.0458204334365324,18.08
15,0.55,0.55,0.1,24.0,1.2,75,1.0458204334365324,0.0,0.5678676341799196,8.719063390201015,1.0458204334365324,18.04
15,0.55,0.55,0.1,24.0,1.2,35,1.0458204334365324,0.0,0.5678676341799196,8.719063390201015,1.0458204334365324,18.08
15,0.55,0.55,0.18,24.0,1.2,35,1.0458204334365324,0.0,0.5678676341799196,8.719063390201015,1.0458204334365324,18.08
15,0.55,0.55,0.18,24.0,1.2,75,1.0458204334365324,0.0,0.5678676341799196,8.719063390201015,1.0458204334365324,18.04
15,0.55,0.55,0.26,24.0,1.2,75,1.0458204334365324,0.0,0.5678676341799196,8.719063390201015,1.0458204334365324,18.04
15,0.55,0.55,0.26,24.0,1.2,35,1.0458204334365324,0.0,0.5678676341799196,8.719063390201015,1.0458204334365324,18.08
7,0.55,0.55,0.05,18.0,0.6,75,1.0404223227752638,0.0,0.5599763249181767,8.704098920859277,1.0404223227752638,19.24
7,0.55,0.55,0.1,18.0,0.6,75,1.0404223227752638,0.0,0.5599763249181767,8.704098920859277,1.0404223227752638,19.24
7,0.55,0.55,0.18,18.0,0.6,75,1.0404223227752638,0.0,0.5599763249181767,8.704098920859277,1.0404223227752638,19.24
7,0.55,0.55,0.26,18.0,0.6,75,1.0404223227752638,0.0,0.5599763249181767,8.704098920859277,1.0404223227752638,19.24
11,0.55,0.55,0.05,18.0,0.6,75,1.0404223227752638,0.0,0.5599763249181767,8.704098920859277,1.0404223227752638,19.24
11,0.55,0.55,0.1,18.0,0.6,75,1.0404223227752638,0.0,0.5599763249181767,8.704098920859277,1.0404223227752638,19.24
11,0.55,0.55,0.18,18.0,0.6,75,1.0404223227752638,0.0,0.5599763249181767,8.704098920859277,1.0404223227752638,19.24
11,0.55,0.55,0.26,18.0,0.6,75,1.0404223227752638,0.0,0.5599763249181767,8.704098920859277,1.0404223227752638,19.24
15,0.55,0.55,0.05,18.0,0.6,75,1.0404223227752638,0.0,0.5599763249181767,8.704098920859277,1.0404223227752638,19.24
15,0.55,0.55,0.1,18.0,0.6,75,1.0404223227752638,0.0,0.5599763249181767,8.704098920859277,1.0404223227752638,19.24
15,0.55,0.55,0.18,18.0,0.6,75,1.0404223227752638,0.0,0.5599763249181767,8.704098920859277,1.0404223227752638,19.24
15,0.55,0.55,0.26,18.0,0.6,75,1.0404223227752638,0.0,0.5599763249181767,8.704098920859277,1.0404223227752638,19.24
7,0.45,0.55,0.05,24.0,0.6,75,1.0403920403920406,0.0,0.5626808218259858,8.734940785968938,1.0403920403920404,20.12
7,0.45,0.55,0.1,24.0,0.6,75,1.0403920403920406,0.0,0.5626808218259858,8.734940785968938,1.0403920403920404,20.08
7,0.45,0.55,0.18,24.0,0.6,75,1.0403920403920406,0.0,0.5626808218259858,8.734940785968938,1.0403920403920404,20.08
7,0.45,0.55,0.26,24.0,0.6,75,1.0403920403920406,0.0,0.5626808218259858,8.734940785968938,1.0403920403920404,20.08
11,0.45,0.55,0.05,24.0,0.6,75,1.0403920403920406,0.0,0.5626808218259858,8.734940785968938,1.0403920403920404,20.12
11,0.45,0.55,0.1,24.0,0.6,75,1.0403920403920406,0.0,0.5626808218259858,8.734940785968938,1.0403920403920404,20.08
11,0.45,0.55,0.18,24.0,0.6,75,1.0403920403920406,0.0,0.5626808218259858,8.734940785968938,1.0403920403920404,20.08
11,0.45,0.55,0.26,24.0,0.6,75,1.0403920403920406,0.0,0.5626808218259858,8.734940785968938,1.0403920403920404,20.08
15,0.45,0.55,0.05,24.0,0.6,75,1.0403920403920406,0.0,0.5626808218259858,8.734940785968938,1.0403920403920404,20.12
15,0.45,0.55,0.1,24.0,0.6,75,1.0403920403920406,0.0,0.5626808218259858,8.734940785968938,1.0403920403920404,20.08
15,0.45,0.55,0.18,24.0,0.6,75,1.0403920403920406,0.0,0.5626808218259858,8.734940785968938,1.0403920403920404,20.08
15,0.45,0.55,0.26,24.0,0.6,75,1.0403920403920406,0.0,0.5626808218259858,8.734940785968938,1.0403920403920404,20.08
7,0.45,0.55,0.1,24.0,0.6,35,1.0347021399652978,0.0,0.559718973767516,8.734940785968938,1.0347021399652978,20.24
7,0.45,0.55,0.18,24.0,0.6,35,1.0347021399652978,0.0,0.559718973767516,8.734940785968938,1.0347021399652978,20.24
7,0.45,0.55,0.26,24.0,0.6,35,1.0347021399652978,0.0,0.559718973767516,8.734940785968938,1.0347021399652978,20.24
11,0.45,0.55,0.1,24.0,0.6,35,1.0347021399652978,0.0,0.559718973767516,8.734940785968938,1.0347021399652978,20.24
11,0.45,0.55,0.18,24.0,0.6,35,1.0347021399652978,0.0,0.559718973767516,8.734940785968938,1.0347021399652978,20.24
11,0.45,0.55,0.26,24.0,0.6,35,1.0347021399652978,0.0,0.559718973767516,8.734940785968938,1.0347021399652978,20.24
15,0.45,0.55,0.1,24.0,0.6,35,1.0347021399652978,0.0,0.559718973767516,8.734940785968938,1.0347021399652978,20.24
15,0.45,0.55,0.18,24.0,0.6,35,1.0347021399652978,0.0,0.559718973767516,8.734940785968938,1.0347021399652978,20.24
15,0.45,0.55,0.26,24.0,0.6,35,1.0347021399652978,0.0,0.559718973767516,8.734940785968938,1.0347021399652978,20.24
7,0.55,0.55,0.05,18.0,0.6,35,1.0270889894419306,0.0,0.5531521721822673,8.704098920859277,1.0270889894419306,19.32
7,0.55,0.55,0.1,18.0,0.6,35,1.0270889894419306,0.0,0.5531521721822673,8.704098920859277,1.0270889894419306,19.32
7,0.55,0.55,0.18,18.0,0.6,35,1.0270889894419306,0.0,0.5531521721822673,8.704098920859277,1.0270889894419306,19.32
7,0.55,0.55,0.26,18.0,0.6,35,1.0270889894419306,0.0,0.5531521721822673,8.704098920859277,1.0270889894419306,19.32
11,0.55,0.55,0.05,18.0,0.6,35,1.0270889894419306,0.0,0.5531521721822673,8.704098920859277,1.0270889894419306,19.32
11,0.55,0.55,0.1,18.0,0.6,35,1.0270889894419306,0.0,0.5531521721822673,8.704098920859277,1.0270889894419306,19.32
11,0.55,0.55,0.18,18.0,0.6,35,1.0270889894419306,0.0,0.5531521721822673,8.704098920859277,1.0270889894419306,19.32
11,0.55,0.55,0.26,18.0,0.6,35,1.0270889894419306,0.0,0.5531521721822673,8.704098920859277,1.0270889894419306,19.32
15,0.55,0.55,0.05,18.0,0.6,35,1.0270889894419306,0.0,0.5531521721822673,8.704098920859277,1.0270889894419306,19.32
15,0.55,0.55,0.1,18.0,0.6,35,1.0270889894419306,0.0,0.5531521721822673,8.704098920859277,1.0270889894419306,19.32
15,0.55,0.55,0.18,18.0,0.6,35,1.0270889894419306,0.0,0.5531521721822673,8.704098920859277,1.0270889894419306,19.32
15,0.55,0.55,0.26,18.0,0.6,35,1.0270889894419306,0.0,0.5531521721822673,8.704098920859277,1.0270889894419306,19.32
7,0.45,0.55,0.05,24.0,0.6,35,1.0213688066319646,0.0,0.5527962470742599,8.734940785968938,1.0213688066319646,20.32
11,0.45,0.55,0.05,24.0,0.6,35,1.0213688066319646,0.0,0.5527962470742599,8.734940785968938,1.0213688066319646,20.32
15,0.45,0.55,0.05,24.0,0.6,35,1.0213688066319646,0.0,0.5527962470742599,8.734940785968938,1.0213688066319646,20.32
7,0.35,0.3,0.05,24.0,0.6,75,1.0167666045431218,0.0,0.60451494720087,11.903071430211789,1.0167666045431218,23.44
7,0.35,0.3,0.1,24.0,0.6,75,1.0167666045431218,0.0,0.60451494720087,11.903071430211789,1.0167666045431218,23.4
7,0.35,0.3,0.18,24.0,0.6,75,1.0167666045431218,0.0,0.60451494720087,11.903071430211789,1.0167666045431218,23.4
7,0.35,0.3,0.26,24.0,0.6,75,1.0167666045431218,0.0,0.60451494720087,11.903071430211789,1.0167666045431218,23.4
11,0.35,0.3,0.05,24.0,0.6,75,1.0167666045431218,0.0,0.60451494720087,11.903071430211789,1.0167666045431218,23.44
11,0.35,0.3,0.1,24.0,0.6,75,1.0167666045431218,0.0,0.60451494720087,11.903071430211789,1.0167666045431218,23.4
11,0.35,0.3,0.18,24.0,0.6,75,1.0167666045431218,0.0,0.60451494720087,11.903071430211789,1.0167666045431218,23.4
11,0.35,0.3,0.26,24.0,0.6,75,1.0167666045431218,0.0,0.60451494720087,11.903071430211789,1.0167666045431218,23.4
15,0.35,0.3,0.05,24.0,0.6,75,1.0167666045431218,0.0,0.60451494720087,11.903071430211789,1.0167666045431218,23.44
15,0.35,0.3,0.1,24.0,0.6,75,1.0167666045431218,0.0,0.60451494720087,11.903071430211789,1.0167666045431218,23.4
15,0.35,0.3,0.18,24.0,0.6,75,1.0167666045431218,0.0,0.60451494720087,11.903071430211789,1.0167666045431218,23.4
15,0.35,0.3,0.26,24.0,0.6,75,1.0167666045431218,0.0,0.60451494720087,11.903071430211789,1.0167666045431218,23.4
7,0.55,0.55,0.05,13.0,0.6,75,1.0103600464576075,0.0,0.5434054689560857,8.701857692061072,1.0103600464576075,20.84
7,0.55,0.55,0.1,13.0,0.6,75,1.0103600464576075,0.0,0.5434054689560857,8.701857692061072,1.0103600464576075,20.84
7,0.55,0.55,0.18,13.0,0.6,75,1.0103600464576075,0.0,0.5434054689560857,8.701857692061072,1.0103600464576075,20.84
7,0.55,0.55,0.26,13.0,0.6,75,1.0103600464576075,0.0,0.5434054689560857,8.701857692061072,1.0103600464576075,20.84
11,0.55,0.55,0.05,13.0,0.6,75,1.0103600464576075,0.0,0.5434054689560857,8.701857692061072,1.0103600464576075,20.84
11,0.55,0.55,0.1,13.0,0.6,75,1.0103600464576075,0.0,0.5434054689560857,8.701857692061072,1.0103600464576075,20.84
11,0.55,0.55,0.18,13.0,0.6,75,1.0103600464576075,0.0,0.5434054689560857,8.701857692061072,1.0103600464576075,20.84
11,0.55,0.55,0.26,13.0,0.6,75,1.0103600464576075,0.0,0.5434054689560857,8.701857692061072,1.0103600464576075,20.84
15,0.55,0.55,0.05,13.0,0.6,75,1.0103600464576075,0.0,0.5434054689560857,8.701857692061072,1.0103600464576075,20.84
15,0.55,0.55,0.1,13.0,0.6,75,1.0103600464576075,0.0,0.5434054689560857,8.701857692061072,1.0103600464576075,20.84
15,0.55,0.55,0.18,13.0,0.6,75,1.0103600464576075,0.0,0.5434054689560857,8.701857692061072,1.0103600464576075,20.84
15,0.55,0.55,0.26,13.0,0.6,75,1.0103600464576075,0.0,0.5434054689560857,8.701857692061072,1.0103600464576075,20.84
7,0.25,0.55,0.05,24.0,1.2,75,1.0065140678747868,0.0,0.5413992079468012,10.773910983399913,1.0065140678747868,24.0
7,0.25,0.55,0.1,24.0,1.2,75,1.0065140678747868,0.0,0.5413992079468012,10.773910983399913,1.0065140678747868,23.92
7,0.25,0.55,0.18,24.0,1.2,75,1.0065140678747868,0.0,0.5413992079468012,10.773910983399913,1.0065140678747868,23.92
7,0.25,0.55,0.26,24.0,1.2,75,1.0065140678747868,0.0,0.5413992079468012,10.773910983399913,1.0065140678747868,23.92
11,0.25,0.55,0.05,24.0,1.2,75,1.0065140678747868,0.0,0.5413992079468012,10.773910983399913,1.0065140678747868,24.0
11,0.25,0.55,0.1,24.0,1.2,75,1.0065140678747868,0.0,0.5413992079468012,10.773910983399913,1.0065140678747868,23.92
11,0.25,0.55,0.18,24.0,1.2,75,1.0065140678747868,0.0,0.5413992079468012,10.773910983399913,1.0065140678747868,23.92
11,0.25,0.55,0.26,24.0,1.2,75,1.0065140678747868,0.0,0.5413992079468012,10.773910983399913,1.0065140678747868,23.92
15,0.25,0.55,0.05,24.0,1.2,75,1.0065140678747868,0.0,0.5413992079468012,10.773910983399913,1.0065140678747868,24.0
15,0.25,0.55,0.1,24.0,1.2,75,1.0065140678747868,0.0,0.5413992079468012,10.773910983399913,1.0065140678747868,23.92
15,0.25,0.55,0.18,24.0,1.2,75,1.0065140678747868,0.0,0.5413992079468012,10.773910983399913,1.0065140678747868,23.92
15,0.25,0.55,0.26,24.0,1.2,75,1.0065140678747868,0.0,0.5413992079468012,10.773910983399913,1.0065140678747868,23.92
7,0.35,0.3,0.05,24.0,0.6,35,1.0045450862240426,0.0,0.5967799904714923,11.903071430211789,1.0045450862240426,23.76
7,0.35,0.3,0.1,24.0,0.6,35,1.0045450862240426,0.0,0.5967799904714923,11.903071430211789,1.0045450862240426,23.68
7,0.35,0.3,0.18,24.0,0.6,35,1.0045450862240426,0.0,0.5967799904714923,11.903071430211789,1.0045450862240426,23.68
7,0.35,0.3,0.26,24.0,0.6,35,1.0045450862240426,0.0,0.5967799904714923,11.903071430211789,1.0045450862240426,23.68
11,0.35,0.3,0.05,24.0,0.6,35,1.0045450862240426,0.0,0.5967799904714923,11.903071430211789,1.0045450862240426,23.76
11,0.35,0.3,0.1,24.0,0.6,35,1.0045450862240426,0.0,0.5967799904714923,11.903071430211789,1.0045450862240426,23.68
11,0.35,0.3,0.18,24.0,0.6,35,1.0045450862240426,0.0,0.5967799904714923,11.903071430211789,1.0045450862240426,23.68
11,0.35,0.3,0.26,24.0,0.6,35,1.0045450862240426,0.0,0.5967799904714923,11.903071430211789,1.0045450862240426,23.68
15,0.35,0.3,0.05,24.0,0.6,35,1.0045450862240426,0.0,0.5967799904714923,11.903071430211789,1.0045450862240426,23.76
15,0.35,0.3,0.1,24.0,0.6,35,1.0045450862240426,0.0,0.5967799904714923,11.903071430211789,1.0045450862240426,23.68
15,0.35,0.3,0.18,24.0,0.6,35,1.0045450862240426,0.0,0.5967799904714923,11.903071430211789,1.0045450862240426,23.68
15,0.35,0.3,0.26,24.0,0.6,35,1.0045450862240426,0.0,0.5967799904714923,11.903071430211789,1.0045450862240426,23.68
7,0.35,0.42,0.05,8.0,0.6,75,1.0031386947125713,0.0,0.5684118548176806,11.353662995899237,1.003138694712571,32.64
7,0.35,0.42,0.1,8.0,0.6,75,1.0031386947125713,0.0,0.5684118548176806,11.353662995899237,1.003138694712571,32.64
7,0.35,0.42,0.18,8.0,0.6,75,1.0031386947125713,0.0,0.5684118548176806,11.353662995899237,1.003138694712571,32.64
7,0.35,0.42,0.26,8.0,0.6,75,1.0031386947125713,0.0,0.5684118548176806,11.353662995899237,1.003138694712571,32.64
11,0.35,0.42,0.05,8.0,0.6,75,1.0031386947125713,0.0,0.5684118548176806,11.353662995899237,1.003138694712571,32.64
11,0.35,0.42,0.1,8.0,0.6,75,1.0031386947125713,0.0,0.5684118548176806,11.353662995899237,1.003138694712571,32.64
11,0.35,0.42,0.18,8.0,0.6,75,1.0031386947125713,0.0,0.5684118548176806,11.353662995899237,1.003138694712571,32.64
11,0.35,0.42,0.26,8.0,0.6,75,1.0031386947125713,0.0,0.5684118548176806,11.353662995899237,1.003138694712571,32.64
15,0.35,0.42,0.05,8.0,0.6,75,1.0031386947125713,0.0,0.5684118548176806,11.353662995899237,1.003138694712571,32.64
15,0.35,0.42,0.1,8.0,0.6,75,1.0031386947125713,0.0,0.5684118548176806,11.353662995899237,1.003138694712571,32.64
15,0.35,0.42,0.18,8.0,0.6,75,1.0031386947125713,0.0,0.5684118548176806,11.353662995899237,1.003138694712571,32.64
15,0.35,0.42,0.26,8.0,0.6,75,1.0031386947125713,0.0,0.5684118548176806,11.353662995899237,1.003138694712571,32.64
7,0.45,0.55,0.1,24.0,1.2,35,1.0031080031080033,0.0,0.528567530257558,8.459815100814756,1.003108003108003,20.28
7,0.45,0.55,0.1,24.0,1.2,75,1.0031080031080033,0.0,0.528567530257558,8.459815100814756,1.003108003108003,20.2
7,0.45,0.55,0.18,24.0,1.2,75,1.0031080031080033,0.0,0.528567530257558,8.459815100814756,1.003108003108003,20.2
7,0.45,0.55,0.18,24.0,1.2,35,1.0031080031080033,0.0,0.528567530257558,8.459815100814756,1.003108003108003,20.28
7,0.45,0.55,0.26,24.0,1.2,75,1.0031080031080033,0.0,0.528567530257558,8.459815100814756,1.003108003108003,20.2
7,0.45,0.55,0.26,24.0,1.2,35,1.0031080031080033,0.0,0.528567530257558,8.459815100814756,1.003108003108003,20.28
11,0.45,0.55,0.1,24.0,1.2,35,1.0031080031080033,0.0,0.528567530257558,8.459815100814756,1.003108003108003,20.28
11,0.45,0.55,0.1,24.0,1.2,75,1.0031080031080033,0.0,0.528567530257558,8.459815100814756,1.003108003108003,20.2
11,0.45,0.55,0.18,24.0,1.2,75,1.0031080031080033,0.0,0.528567530257558,8.459815100814756,1.003108003108003,20.2
11,0.45,0.55,0.18,24.0,1.2,35,1.0031080031080033,0.0,0.528567530257558,8.459815100814756,1.003108003108003,20.28
11,0.45,0.55,0.26,24.0,1.2,35,1.0031080031080033,0.0,0.528567530257558,8.459815100814756,1.003108003108003,20.28
11,0.45,0.55,0.26,24.0,1.2,75,1.0031080031080033,0.0,0.528567530257558,8.459815100814756,1.003108003108003,20.2
15,0.45,0.55,0.1,24.0,1.2,75,1.0031080031080033,0.0,0.528567530257558,8.459815100814756,1.003108003108003,20.2
15,0.45,0.55,0.1,24.0,1.2,35,1.0031080031080033,0.0,0.528567530257558,8.459815100814756,1.003108003108003,20.28
15,0.45,0.55,0.18,24.0,1.2,35,1.0031080031080033,0.0,0.528567530257558,8.459815100814756,1.003108003108003,20.28
15,0.45,0.55,0.18,24.0,1.2,75,1.0031080031080033,0.0,0.528567530257558,8.459815100814756,1.003108003108003,20.2
15,0.45,0.55,0.26,24.0,1.2,35,1.0031080031080033,0.0,0.528567530257558,8.459815100814756,1.003108003108003,20.28
15,0.45,0.55,0.26,24.0,1.2,75,1.0031080031080033,0.0,0.528567530257558,8.459815100814756,1.003108003108003,20.2
7,0.55,0.55,0.05,13.0,0.6,35,0.9980523541499151,0.0,0.5371062510460155,8.701857692061072,0.9980523541499151,20.96
7,0.55,0.55,0.1,13.0,0.6,35,0.9980523541499151,0.0,0.5371062510460155,8.701857692061072,0.9980523541499151,20.96
7,0.55,0.55,0.18,13.0,0.6,35,0.9980523541499151,0.0,0.5371062510460155,8.701857692061072,0.9980523541499151,20.96
7,0.55,0.55,0.26,13.0,0.6,35,0.9980523541499151,0.0,0.5371062510460155,8.701857692061072,0.9980523541499151,20.96
11,0.55,0.55,0.05,13.0,0.6,35,0.9980523541499151,0.0,0.5371062510460155,8.701857692061072,0.9980523541499151,20.96
11,0.55,0.55,0.1,13.0,0.6,35,0.9980523541499151,0.0,0.5371062510460155,8.701857692061072,0.9980523541499151,20.96
11,0.55,0.55,0.18,13.0,0.6,35,0.9980523541499151,0.0,0.5371062510460155,8.701857692061072,0.9980523541499151,20.96
11,0.55,0.55,0.26,13.0,0.6,35,0.9980523541499151,0.0,0.5371062510460155,8.701857692061072,0.9980523541499151,20.96
15,0.55,0.55,0.05,13.0,0.6,35,0.9980523541499151,0.0,0.5371062510460155,8.701857692061072,0.9980523541499151,20.96
15,0.55,0.55,0.1,13.0,0.6,35,0.9980523541499151,0.0,0.5371062510460155,8.701857692061072,0.9980523541499151,20.96
15,0.55,0.55,0.18,13.0,0.6,35,0.9980523541499151,0.0,0.5371062510460155,8.701857692061072,0.9980523541499151,20.96
15,0.55,0.55,0.26,13.0,0.6,35,0.9980523541499151,0.0,0.5371062510460155,8.701857692061072,0.9980523541499151,20.96
7,0.25,0.55,0.05,24.0,1.2,35,0.9920405176219129,0.0,0.5335510669630303,10.773910983399913,0.9920405176219128,24.72
7,0.25,0.55,0.1,24.0,1.2,35,0.9920405176219129,0.0,0.5335510669630303,10.773910983399913,0.9920405176219128,24.64
7,0.25,0.55,0.18,24.0,1.2,35,0.9920405176219129,0.0,0.5335510669630303,10.773910983399913,0.9920405176219128,24.64
7,0.25,0.55,0.26,24.0,1.2,35,0.9920405176219129,0.0,0.5335510669630303,10.773910983399913,0.9920405176219128,24.64
11,0.25,0.55,0.05,24.0,1.2,35,0.9920405176219129,0.0,0.5335510669630303,10.773910983399913,0.9920405176219128,24.72
11,0.25,0.55,0.1,24.0,1.2,35,0.9920405176219129,0.0,0.5335510669630303,10.773910983399913,0.9920405176219128,24.64
11,0.25,0.55,0.18,24.0,1.2,35,0.9920405176219129,0.0,0.5335510669630303,10.773910983399913,0.9920405176219128,24.64
11,0.25,0.55,0.26,24.0,1.2,35,0.9920405176219129,0.0,0.5335510669630303,10.773910983399913,0.9920405176219128,24.64
15,0.25,0.55,0.05,24.0,1.2,35,0.9920405176219129,0.0,0.5335510669630303,10.773910983399913,0.9920405176219128,24.72
15,0.25,0.55,0.1,24.0,1.2,35,0.9920405176219129,0.0,0.5335510669630303,10.773910983399913,0.9920405176219128,24.64
15,0.25,0.55,0.18,24.0,1.2,35,0.9920405176219129,0.0,0.5335510669630303,10.773910983399913,0.9920405176219128,24.64
15,0.25,0.55,0.26,24.0,1.2,35,0.9920405176219129,0.0,0.5335510669630303,10.773910983399913,0.9920405176219128,24.64
7,0.35,0.42,0.05,8.0,0.6,35,0.9914364658873461,0.0,0.5617300561571821,11.353662995899237,0.9914364658873459,33.36
7,0.35,0.42,0.1,8.0,0.6,35,0.9914364658873461,0.0,0.5617300561571821,11.353662995899237,0.9914364658873459,33.36
7,0.35,0.42,0.18,8.0,0.6,35,0.9914364658873461,0.0,0.5617300561571821,11.353662995899237,0.9914364658873459,33.36
7,0.35,0.42,0.26,8.0,0.6,35,0.9914364658873461,0.0,0.5617300561571821,11.353662995899237,0.9914364658873459,33.36
11,0.35,0.42,0.05,8.0,0.6,35,0.9914364658873461,0.0,0.5617300561571821,11.353662995899237,0.9914364658873459,33.36
11,0.35,0.42,0.1,8.0,0.6,35,0.9914364658873461,0.0,0.5617300561571821,11.353662995899237,0.9914364658873459,33.36
11,0.35,0.42,0.18,8.0,0.6,35,0.9914364658873461,0.0,0.5617300561571821,11.353662995899237,0.9914364658873459,33.36
11,0.35,0.42,0.26,8.0,0.6,35,0.9914364658873461,0.0,0.5617300561571821,11.353662995899237,0.9914364658873459,33.36
15,0.35,0.42,0.05,8.0,0.6,35,0.9914364658873461,0.0,0.5617300561571821,11.353662995899237,0.9914364658873459,33.36
15,0.35,0.42,0.1,8.0,0.6,35,0.9914364658873461,0.0,0.5617300561571821,11.353662995899237,0.9914364658873459,33.36
15,0.35,0.42,0.18,8.0,0.6,35,0.9914364658873461,0.0,0.5617300561571821,11.353662995899237,0.9914364658873459,33.36
15,0.35,0.42,0.26,8.0,0.6,35,0.9914364658873461,0.0,0.5617300561571821,11.353662995899237,0.9914364658873459,33.36
7,0.45,0.55,0.05,24.0,1.2,75,0.98977466977467,0.0,0.5216249663789819,8.459815100814756,0.98977466977467,20.28
7,0.45,0.55,0.05,24.0,1.2,35,0.98977466977467,0.0,0.5216249663789819,8.459815100814756,0.98977466977467,20.36
11,0.45,0.55,0.05,24.0,1.2,75,0.98977466977467,0.0,0.5216249663789819,8.459815100814756,0.98977466977467,20.28
11,0.45,0.55,0.05,24.0,1.2,35,0.98977466977467,0.0,0.5216249663789819,8.459815100814756,0.98977466977467,20.36
15,0.45,0.55,0.05,24.0,1.2,75,0.98977466977467,0.0,0.5216249663789819,8.459815100814756,0.98977466977467,20.28
15,0.45,0.55,0.05,24.0,1.2,35,0.98977466977467,0.0,0.5216249663789819,8.459815100814756,0.98977466977467,20.36
7,0.35,0.42,0.05,8.0,2.0,75,0.9729823635484012,0.0,0.5425925462285315,11.277078581030421,0.9729823635484012,32.84
7,0.35,0.42,0.1,8.0,2.0,75,0.9729823635484012,0.0,0.5425925462285315,11.277078581030421,0.9729823635484012,32.84
7,0.35,0.42,0.18,8.0,2.0,75,0.9729823635484012,0.0,0.5425925462285315,11.277078581030421,0.9729823635484012,32.84
7,0.35,0.42,0.26,8.0,2.0,75,0.9729823635484012,0.0,0.5425925462285315,11.277078581030421,0.9729823635484012,32.84
11,0.35,0.42,0.05,8.0,2.0,75,0.9729823635484012,0.0,0.5425925462285315,11.277078581030421,0.9729823635484012,32.84
11,0.35,0.42,0.1,8.0,2.0,75,0.9729823635484012,0.0,0.5425925462285315,11.277078581030421,0.9729823635484012,32.84
11,0.35,0.42,0.18,8.0,2.0,75,0.9729823635484012,0.0,0.5425925462285315,11.277078581030421,0.9729823635484012,32.84
11,0.35,0.42,0.26,8.0,2.0,75,0.9729823635484012,0.0,0.5425925462285315,11.277078581030421,0.9729823635484012,32.84
15,0.35,0.42,0.05,8.0,2.0,75,0.9729823635484012,0.0,0.5425925462285315,11.277078581030421,0.9729823635484012,32.84
15,0.35,0.42,0.1,8.0,2.0,75,0.9729823635484012,0.0,0.5425925462285315,11.277078581030421,0.9729823635484012,32.84
15,0.35,0.42,0.18,8.0,2.0,75,0.9729823635484012,0.0,0.5425925462285315,11.277078581030421,0.9729823635484012,32.84
15,0.35,0.42,0.26,8.0,2.0,75,0.9729823635484012,0.0,0.5425925462285315,11.277078581030421,0.9729823635484012,32.84
7,0.35,0.42,0.05,8.0,2.0,35,0.96748220333126,0.0,0.5392442350209442,11.277078581030421,0.9674822033312597,33.48
7,0.35,0.42,0.1,8.0,2.0,35,0.96748220333126,0.0,0.5392442350209442,11.277078581030421,0.9674822033312597,33.48
7,0.35,0.42,0.18,8.0,2.0,35,0.96748220333126,0.0,0.5392442350209442,11.277078581030421,0.9674822033312597,33.48
7,0.35,0.42,0.26,8.0,2.0,35,0.96748220333126,0.0,0.5392442350209442,11.277078581030421,0.9674822033312597,33.48
11,0.35,0.42,0.05,8.0,2.0,35,0.96748220333126,0.0,0.5392442350209442,11.277078581030421,0.9674822033312597,33.48
11,0.35,0.42,0.1,8.0,2.0,35,0.96748220333126,0.0,0.5392442350209442,11.277078581030421,0.9674822033312597,33.48
11,0.35,0.42,0.18,8.0,2.0,35,0.96748220333126,0.0,0.5392442350209442,11.277078581030421,0.9674822033312597,33.48
11,0.35,0.42,0.26,8.0,2.0,35,0.96748220333126,0.0,0.5392442350209442,11.277078581030421,0.9674822033312597,33.48
15,0.35,0.42,0.05,8.0,2.0,35,0.96748220333126,0.0,0.5392442350209442,11.277078581030421,0.9674822033312597,33.48
15,0.35,0.42,0.1,8.0,2.0,35,0.96748220333126,0.0,0.5392442350209442,11.277078581030421,0.9674822033312597,33.48
15,0.35,0.42,0.18,8.0,2.0,35,0.96748220333126,0.0,0.5392442350209442,11.277078581030421,0.9674822033312597,33.48
15,0.35,0.42,0.26,8.0,2.0,35,0.96748220333126,0.0,0.5392442350209442,11.277078581030421,0.9674822033312597,33.48
7,0.55,0.42,0.05,8.0,2.0,35,0.9607190991696013,0.0,0.5408324199616745,9.214870554175945,0.9607190991696013,25.44
7,0.55,0.42,0.05,8.0,2.0,75,0.9607190991696013,0.0,0.5408324199616745,9.214870554175945,0.9607190991696013,25.36
7,0.55,0.42,0.1,8.0,2.0,35,0.9607190991696013,0.0,0.5408324199616745,9.214870554175945,0.9607190991696013,25.44
7,0.55,0.42,0.1,8.0,2.0,75,0.9607190991696013,0.0,0.5408324199616745,9.214870554175945,0.9607190991696013,25.36
7,0.55,0.42,0.18,8.0,2.0,35,0.9607190991696013,0.0,0.5408324199616745,9.214870554175945,0.9607190991696013,25.44
7,0.55,0.42,0.18,8.0,2.0,75,0.9607190991696013,0.0,0.5408324199616745,9.214870554175945,0.9607190991696013,25.36
7,0.55,0.42,0.26,8.0,2.0,35,0.9607190991696013,0.0,0.5408324199616745,9.214870554175945,0.9607190991696013,25.44
7,0.55,0.42,0.26,8.0,2.0,75,0.9607190991696013,0.0,0.5408324199616745,9.214870554175945,0.9607190991696013,25.36
11,0.55,0.42,0.05,8.0,2.0,35,0.9607190991696013,0.0,0.5408324199616745,9.214870554175945,0.9607190991696013,25.44
11,0.55,0.42,0.05,8.0,2.0,75,0.9607190991696013,0.0,0.5408324199616745,9.214870554175945,0.9607190991696013,25.36
11,0.55,0.42,0.1,8.0,2.0,75,0.9607190991696013,0.0,0.5408324199616745,9.214870554175945,0.9607190991696013,25.36
11,0.55,0.42,0.1,8.0,2.0,35,0.9607190991696013,0.0,0.5408324199616745,9.214870554175945,0.9607190991696013,25.44
11,0.55,0.42,0.18,8.0,2.0,75,0.9607190991696013,0.0,0.5408324199616745,9.214870554175945,0.9607190991696013,25.36
11,0.55,0.42,0.18,8.0,2.0,35,0.9607190991696013,0.0,0.5408324199616745,9.214870554175945,0.9607190991696013,25.44
11,0.55,0.42,0.26,8.0,2.0,35,0.9607190991696013,0.0,0.5408324199616745,9.214870554175945,0.9607190991696013,25.44
11,0.55,0.42,0.26,8.0,2.0,75,0.9607190991696013,0.0,0.5408324199616745,9.214870554175945,0.9607190991696013,25.36
15,0.55,0.42,0.05,8.0,2.0,75,0.9607190991696013,0.0,0.5408324199616745,9.214870554175945,0.9607190991696013,25.36
15,0.55,0.42,0.05,8.0,2.0,35,0.9607190991696013,0.0,0.5408324199616745,9.214870554175945,0.9607190991696013,25.44
15,0.55,0.42,0.1,8.0,2.0,35,0.9607190991696013,0.0,0.5408324199616745,9.214870554175945,0.9607190991696013,25.44
15,0.55,0.42,0.1,8.0,2.0,75,0.9607190991696013,0.0,0.5408324199616745,9.214870554175945,0.9607190991696013,25.36
15,0.55,0.42,0.18,8.0,2.0,35,0.9607190991696013,0.0,0.5408324199616745,9.214870554175945,0.9607190991696013,25.44
15,0.55,0.42,0.18,8.0,2.0,75,0.9607190991696013,0.0,0.5408324199616745,9.214870554175945,0.9607190991696013,25.36
15,0.55,0.42,0.26,8.0,2.0,75,0.9607190991696013,0.0,0.5408324199616745,9.214870554175945,0.9607190991696013,25.36
15,0.55,0.42,0.26,8.0,2.0,35,0.9607190991696013,0.0,0.5408324199616745,9.214870554175945,0.9607190991696013,25.44
7,0.45,0.42,0.05,18.0,2.0,35,0.9580292193899381,0.0,0.5422208252790713,9.145053921296592,0.9580292193899381,22.4
7,0.45,0.42,0.05,18.0,2.0,75,0.9580292193899381,0.0,0.5422208252790713,9.145053921296592,0.9580292193899381,22.28
7,0.45,0.42,0.1,18.0,2.0,35,0.9580292193899381,0.0,0.5422208252790713,9.145053921296592,0.9580292193899381,22.4
7,0.45,0.42,0.1,18.0,2.0,75,0.9580292193899381,0.0,0.5422208252790713,9.145053921296592,0.9580292193899381,22.28
7,0.45,0.42,0.18,18.0,2.0,75,0.9580292193899381,0.0,0.5422208252790713,9.145053921296592,0.9580292193899381,22.28
7,0.45,0.42,0.18,18.0,2.0,35,0.9580292193899381,0.0,0.5422208252790713,9.145053921296592,0.9580292193899381,22.4
7,0.45,0.42,0.26,18.0,2.0,35,0.9580292193899381,0.0,0.5422208252790713,9.145053921296592,0.9580292193899381,22.4
7,0.45,0.42,0.26,18.0,2.0,75,0.9580292193899381,0.0,0.5422208252790713,9.145053921296592,0.9580292193899381,22.28
11,0.45,0.42,0.05,18.0,2.0,35,0.9580292193899381,0.0,0.5422208252790713,9.145053921296592,0.9580292193899381,22.4
11,0.45,0.42,0.05,18.0,2.0,75,0.9580292193899381,0.0,0.5422208252790713,9.145053921296592,0.9580292193899381,22.28
11,0.45,0.42,0.1,18.0,2.0,75,0.9580292193899381,0.0,0.5422208252790713,9.145053921296592,0.9580292193899381,22.28
11,0.45,0.42,0.1,18.0,2.0,35,0.9580292193899381,0.0,0.5422208252790713,9.145053921296592,0.9580292193899381,22.4
11,0.45,0.42,0.18,18.0,2.0,35,0.9580292193899381,0.0,0.5422208252790713,9.145053921296592,0.9580292193899381,22.4
11,0.45,0.42,0.18,18.0,2.0,75,0.9580292193899381,0.0,0.5422208252790713,9.145053921296592,0.9580292193899381,22.28
11,0.45,0.42,0.26,18.0,2.0,35,0.9580292193899381,0.0,0.5422208252790713,9.145053921296592,0.9580292193899381,22.4
11,0.45,0.42,0.26,18.0,2.0,75,0.9580292193899381,0.0,0.5422208252790713,9.145053921296592,0.9580292193899381,22.28
15,0.45,0.42,0.05,18.0,2.0,75,0.9580292193899381,0.0,0.5422208252790713,9.145053921296592,0.9580292193899381,22.28
15,0.45,0.42,0.05,18.0,2.0,35,0.9580292193899381,0.0,0.5422208252790713,9.145053921296592,0.9580292193899381,22.4
15,0.45,0.42,0.1,18.0,2.0,35,0.9580292193899381,0.0,0.5422208252790713,9.145053921296592,0.9580292193899381,22.4
15,0.45,0.42,0.1,18.0,2.0,75,0.9580292193899381,0.0,0.5422208252790713,9.145053921296592,0.9580292193899381,22.28
15,0.45,0.42,0.18,18.0,2.0,35,0.9580292193899381,0.0,0.5422208252790713,9.145053921296592,0.9580292193899381,22.4
15,0.45,0.42,0.18,18.0,2.0,75,0.9580292193899381,0.0,0.5422208252790713,9.145053921296592,0.9580292193899381,22.28
15,0.45,0.42,0.26,18.0,2.0,35,0.9580292193899381,0.0,0.5422208252790713,9.145053921296592,0.9580292193899381,22.4
15,0.45,0.42,0.26,18.0,2.0,75,0.9580292193899381,0.0,0.5422208252790713,9.145053921296592,0.9580292193899381,22.28
7,0.25,0.55,0.05,18.0,1.2,75,0.9557312252964425,0.0,0.5135030733598307,10.761828150485112,0.9557312252964425,26.36
7,0.25,0.55,0.1,18.0,1.2,75,0.9557312252964425,0.0,0.5135030733598307,10.761828150485112,0.9557312252964425,26.36
7,0.25,0.55,0.18,18.0,1.2,75,0.9557312252964425,0.0,0.5135030733598307,10.761828150485112,0.9557312252964425,26.36
7,0.25,0.55,0.26,18.0,1.2,75,0.9557312252964425,0.0,0.5135030733598307,10.761828150485112,0.9557312252964425,26.36
11,0.25,0.55,0.05,18.0,1.2,75,0.9557312252964425,0.0,0.5135030733598307,10.761828150485112,0.9557312252964425,26.36
11,0.25,0.55,0.1,18.0,1.2,75,0.9557312252964425,0.0,0.5135030733598307,10.761828150485112,0.9557312252964425,26.36
11,0.25,0.55,0.18,18.0,1.2,75,0.9557312252964425,0.0,0.5135030733598307,10.761828150485112,0.9557312252964425,26.36
11,0.25,0.55,0.26,18.0,1.2,75,0.9557312252964425,0.0,0.5135030733598307,10.761828150485112,0.9557312252964425,26.36
15,0.25,0.55,0.05,18.0,1.2,75,0.9557312252964425,0.0,0.5135030733598307,10.761828150485112,0.9557312252964425,26.36
15,0.25,0.55,0.1,18.0,1.2,75,0.9557312252964425,0.0,0.5135030733598307,10.761828150485112,0.9557312252964425,26.36
15,0.25,0.55,0.18,18.0,1.2,75,0.9557312252964425,0.0,0.5135030733598307,10.761828150485112,0.9557312252964425,26.36
15,0.25,0.55,0.26,18.0,1.2,75,0.9557312252964425,0.0,0.5135030733598307,10.761828150485112,0.9557312252964425,26.36
7,0.25,0.55,0.05,18.0,1.2,35,0.9392477606552199,0.0,0.5044919793394782,10.761828150485112,0.9392477606552201,27.08
7,0.25,0.55,0.1,18.0,1.2,35,0.9392477606552199,0.0,0.5044919793394782,10.761828150485112,0.9392477606552201,27.04
7,0.25,0.55,0.18,18.0,1.2,35,0.9392477606552199,0.0,0.5044919793394782,10.761828150485112,0.9392477606552201,27.04
7,0.25,0.55,0.26,18.0,1.2,35,0.9392477606552199,0.0,0.5044919793394782,10.761828150485112,0.9392477606552201,27.04
11,0.25,0.55,0.05,18.0,1.2,35,0.9392477606552199,0.0,0.5044919793394782,10.761828150485112,0.9392477606552201,27.08
11,0.25,0.55,0.1,18.0,1.2,35,0.9392477606552199,0.0,0.5044919793394782,10.761828150485112,0.9392477606552201,27.04
11,0.25,0.55,0.18,18.0,1.2,35,0.9392477606552199,0.0,0.5044919793394782,10.761828150485112,0.9392477606552201,27.04
11,0.25,0.55,0.26,18.0,1.2,35,0.9392477606552199,0.0,0.5044919793394782,10.761828150485112,0.9392477606552201,27.04
15,0.25,0.55,0.05,18.0,1.2,35,0.9392477606552199,0.0,0.5044919793394782,10.761828150485112,0.9392477606552201,27.08
15,0.25,0.55,0.1,18.0,1.2,35,0.9392477606552199,0.0,0.5044919793394782,10.761828150485112,0.9392477606552201,27.04
15,0.25,0.55,0.18,18.0,1.2,35,0.9392477606552199,0.0,0.5044919793394782,10.761828150485112,0.9392477606552201,27.04
15,0.25,0.55,0.26,18.0,1.2,35,0.9392477606552199,0.0,0.5044919793394782,10.761828150485112,0.9392477606552201,27.04
7,0.45,0.55,0.05,18.0,1.2,75,0.9372246195775609,0.0,0.49259706608656306,8.438296350419648,0.9372246195775609,21.88
7,0.45,0.55,0.1,18.0,1.2,75,0.9372246195775609,0.0,0.49259706608656306,8.438296350419648,0.9372246195775609,21.88
7,0.45,0.55,0.18,18.0,1.2,75,0.9372246195775609,0.0,0.49259706608656306,8.438296350419648,0.9372246195775609,21.88
7,0.45,0.55,0.26,18.0,1.2,75,0.9372246195775609,0.0,0.49259706608656306,8.438296350419648,0.9372246195775609,21.88
11,0.45,0.55,0.05,18.0,1.2,75,0.9372246195775609,0.0,0.49259706608656306,8.438296350419648,0.9372246195775609,21.88
11,0.45,0.55,0.1,18.0,1.2,75,0.9372246195775609,0.0,0.49259706608656306,8.438296350419648,0.9372246195775609,21.88
11,0.45,0.55,0.18,18.0,1.2,75,0.9372246195775609,0.0,0.49259706608656306,8.438296350419648,0.9372246195775609,21.88
11,0.45,0.55,0.26,18.0,1.2,75,0.9372246195775609,0.0,0.49259706608656306,8.438296350419648,0.9372246195775609,21.88
15,0.45,0.55,0.05,18.0,1.2,75,0.9372246195775609,0.0,0.49259706608656306,8.438296350419648,0.9372246195775609,21.88
15,0.45,0.55,0.1,18.0,1.2,75,0.9372246195775609,0.0,0.49259706608656306,8.438296350419648,0.9372246195775609,21.88
15,0.45,0.55,0.18,18.0,1.2,75,0.9372246195775609,0.0,0.49259706608656306,8.438296350419648,0.9372246195775609,21.88
15,0.45,0.55,0.26,18.0,1.2,75,0.9372246195775609,0.0,0.49259706608656306,8.438296350419648,0.9372246195775609,21.88
7,0.45,0.55,0.05,8.0,0.6,35,0.9363745498199281,0.0,0.5185823061787934,11.162110906380146,0.9363745498199278,28.92
7,0.45,0.55,0.05,8.0,0.6,75,0.9363745498199281,0.0,0.5185823061787934,11.162110906380146,0.9363745498199278,28.64
7,0.45,0.55,0.1,8.0,0.6,35,0.9363745498199281,0.0,0.5185823061787934,11.162110906380146,0.9363745498199278,28.92
7,0.45,0.55,0.1,8.0,0.6,75,0.9363745498199281,0.0,0.5185823061787934,11.162110906380146,0.9363745498199278,28.64
7,0.45,0.55,0.18,8.0,0.6,75,0.9363745498199281,0.0,0.5185823061787934,11.162110906380146,0.9363745498199278,28.64
7,0.45,0.55,0.18,8.0,0.6,35,0.9363745498199281,0.0,0.5185823061787934,11.162110906380146,0.9363745498199278,28.92
7,0.45,0.55,0.26,8.0,0.6,35,0.9363745498199281,0.0,0.5185823061787934,11.162110906380146,0.9363745498199278,28.92
7,0.45,0.55,0.26,8.0,0.6,75,0.9363745498199281,0.0,0.5185823061787934,11.162110906380146,0.9363745498199278,28.64
11,0.45,0.55,0.05,8.0,0.6,75,0.9363745498199281,0.0,0.5185823061787934,11.162110906380146,0.9363745498199278,28.64
11,0.45,0.55,0.05,8.0,0.6,35,0.9363745498199281,0.0,0.5185823061787934,11.162110906380146,0.9363745498199278,28.92
11,0.45,0.55,0.1,8.0,0.6,75,0.9363745498199281,0.0,0.5185823061787934,11.162110906380146,0.9363745498199278,28.64
11,0.45,0.55,0.1,8.0,0.6,35,0.9363745498199281,0.0,0.5185823061787934,11.162110906380146,0.9363745498199278,28.92
11,0.45,0.55,0.18,8.0,0.6,35,0.9363745498199281,0.0,0.5185823061787934,11.162110906380146,0.9363745498199278,28.92
11,0.45,0.55,0.18,8.0,0.6,75,0.9363745498199281,0.0,0.5185823061787934,11.162110906380146,0.9363745498199278,28.64
11,0.45,0.55,0.26,8.0,0.6,35,0.9363745498199281,0.0,0.5185823061787934,11.162110906380146,0.9363745498199278,28.92
11,0.45,0.55,0.26,8.0,0.6,75,0.9363745498199281,0.0,0.5185823061787934,11.162110906380146,0.9363745498199278,28.64
15,0.45,0.55,0.05,8.0,0.6,35,0.9363745498199281,0.0,0.5185823061787934,11.162110906380146,0.9363745498199278,28.92
15,0.45,0.55,0.05,8.0,0.6,75,0.9363745498199281,0.0,0.5185823061787934,11.162110906380146,0.9363745498199278,28.64
15,0.45,0.55,0.1,8.0,0.6,35,0.9363745498199281,0.0,0.5185823061787934,11.162110906380146,0.9363745498199278,28.92
15,0.45,0.55,0.1,8.0,0.6,75,0.9363745498199281,0.0,0.5185823061787934,11.162110906380146,0.9363745498199278,28.64
15,0.45,0.55,0.18,8.0,0.6,35,0.9363745498199281,0.0,0.5185823061787934,11.162110906380146,0.9363745498199278,28.92
15,0.45,0.55,0.18,8.0,0.6,75,0.9363745498199281,0.0,0.5185823061787934,11.162110906380146,0.9363745498199278,28.64
15,0.45,0.55,0.26,8.0,0.6,35,0.9363745498199281,0.0,0.5185823061787934,11.162110906380146,0.9363745498199278,28.92
15,0.45,0.55,0.26,8.0,0.6,75,0.9363745498199281,0.0,0.5185823061787934,11.162110906380146,0.9363745498199278,28.64
7,0.25,0.42,0.05,8.0,0.6,75,0.9349054728377767,0.0,0.5248191807887725,11.27775759069964,0.9349054728377767,35.84
7,0.25,0.42,0.1,8.0,0.6,75,0.9349054728377767,0.0,0.5248191807887725,11.27775759069964,0.9349054728377767,35.84
7,0.25,0.42,0.18,8.0,0.6,75,0.9349054728377767,0.0,0.5248191807887725,11.27775759069964,0.9349054728377767,35.84
7,0.25,0.42,0.26,8.0,0.6,75,0.9349054728377767,0.0,0.5248191807887725,11.27775759069964,0.9349054728377767,35.84
11,0.25,0.42,0.05,8.0,0.6,75,0.9349054728377767,0.0,0.5248191807887725,11.27775759069964,0.9349054728377767,35.84
11,0.25,0.42,0.1,8.0,0.6,75,0.9349054728377767,0.0,0.5248191807887725,11.27775759069964,0.9349054728377767,35.84
11,0.25,0.42,0.18,8.0,0.6,75,0.9349054728377767,0.0,0.5248191807887725,11.27775759069964,0.9349054728377767,35.84
11,0.25,0.42,0.26,8.0,0.6,75,0.9349054728377767,0.0,0.5248191807887725,11.27775759069964,0.9349054728377767,35.84
15,0.25,0.42,0.05,8.0,0.6,75,0.9349054728377767,0.0,0.5248191807887725,11.27775759069964,0.9349054728377767,35.84
15,0.25,0.42,0.1,8.0,0.6,75,0.9349054728377767,0.0,0.5248191807887725,11.27775759069964,0.9349054728377767,35.84
15,0.25,0.42,0.18,8.0,0.6,75,0.9349054728377767,0.0,0.5248191807887725,11.27775759069964,0.9349054728377767,35.84
15,0.25,0.42,0.26,8.0,0.6,75,0.9349054728377767,0.0,0.5248191807887725,11.27775759069964,0.9349054728377767,35.84
7,0.45,0.55,0.05,18.0,1.2,35,0.9266566703703304,0.0,0.4868866363314188,8.438296350419648,0.9266566703703304,22.08
7,0.45,0.55,0.1,18.0,1.2,35,0.9266566703703304,0.0,0.4868866363314188,8.438296350419648,0.9266566703703304,22.08
7,0.45,0.55,0.18,18.0,1.2,35,0.9266566703703304,0.0,0.4868866363314188,8.438296350419648,0.9266566703703304,22.08
7,0.45,0.55,0.26,18.0,1.2,35,0.9266566703703304,0.0,0.4868866363314188,8.438296350419648,0.9266566703703304,22.08
11,0.45,0.55,0.05,18.0,1.2,35,0.9266566703703304,0.0,0.4868866363314188,8.438296350419648,0.9266566703703304,22.08
11,0.45,0.55,0.1,18.0,1.2,35,0.9266566703703304,0.0,0.4868866363314188,8.438296350419648,0.9266566703703304,22.08
11,0.45,0.55,0.18,18.0,1.2,35,0.9266566703703304,0.0,0.4868866363314188,8.438296350419648,0.9266566703703304,22.08
11,0.45,0.55,0.26,18.0,1.2,35,0.9266566703703304,0.0,0.4868866363314188,8.438296350419648,0.9266566703703304,22.08
15,0.45,0.55,0.05,18.0,1.2,35,0.9266566703703304,0.0,0.4868866363314188,8.438296350419648,0.9266566703703304,22.08
15,0.45,0.55,0.1,18.0,1.2,35,0.9266566703703304,0.0,0.4868866363314188,8.438296350419648,0.9266566703703304,22.08
15,0.45,0.55,0.18,18.0,1.2,35,0.9266566703703304,0.0,0.4868866363314188,8.438296350419648,0.9266566703703304,22.08
15,0.45,0.55,0.26,18.0,1.2,35,0.9266566703703304,0.0,0.4868866363314188,8.438296350419648,0.9266566703703304,22.08
7,0.45,0.42,0.05,13.0,2.0,35,0.9236971984796031,0.0,0.5252577994156481,9.194219331488172,0.923697198479603,24.24
7,0.45,0.42,0.05,13.0,2.0,75,0.9236971984796031,0.0,0.5252577994156481,9.194219331488172,0.923697198479603,24.12
7,0.45,0.42,0.1,13.0,2.0,35,0.9236971984796031,0.0,0.5252577994156481,9.194219331488172,0.923697198479603,24.24
7,0.45,0.42,0.1,13.0,2.0,75,0.9236971984796031,0.0,0.5252577994156481,9.194219331488172,0.923697198479603,24.12
7,0.45,0.42,0.18,13.0,2.0,35,0.9236971984796031,0.0,0.5252577994156481,9.194219331488172,0.923697198479603,24.24
7,0.45,0.42,0.18,13.0,2.0,75,0.9236971984796031,0.0,0.5252577994156481,9.194219331488172,0.923697198479603,24.12
7,0.45,0.42,0.26,13.0,2.0,35,0.9236971984796031,0.0,0.5252577994156481,9.194219331488172,0.923697198479603,24.24
7,0.45,0.42,0.26,13.0,2.0,75,0.9236971984796031,0.0,0.5252577994156481,9.194219331488172,0.923697198479603,24.12
11,0.45,0.42,0.05,13.0,2.0,75,0.9236971984796031,0.0,0.5252577994156481,9.194219331488172,0.923697198479603,24.12
11,0.45,0.42,0.05,13.0,2.0,35,0.9236971984796031,0.0,0.5252577994156481,9.194219331488172,0.923697198479603,24.24
11,0.45,0.42,0.1,13.0,2.0,35,0.9236971984796031,0.0,0.5252577994156481,9.194219331488172,0.923697198479603,24.24
11,0.45,0.42,0.1,13.0,2.0,75,0.9236971984796031,0.0,0.5252577994156481,9.194219331488172,0.923697198479603,24.12
11,0.45,0.42,0.18,13.0,2.0,75,0.9236971984796031,0.0,0.5252577994156481,9.194219331488172,0.923697198479603,24.12
11,0.45,0.42,0.18,13.0,2.0,35,0.9236971984796031,0.0,0.5252577994156481,9.194219331488172,0.923697198479603,24.24
11,0.45,0.42,0.26,13.0,2.0,35,0.9236971984796031,0.0,0.5252577994156481,9.194219331488172,0.923697198479603,24.24
11,0.45,0.42,0.26,13.0,2.0,75,0.9236971984796031,0.0,0.5252577994156481,9.194219331488172,0.923697198479603,24.12
15,0.45,0.42,0.05,13.0,2.0,75,0.9236971984796031,0.0,0.5252577994156481,9.194219331488172,0.923697198479603,24.12
15,0.45,0.42,0.05,13.0,2.0,35,0.9236971984796031,0.0,0.5252577994156481,9.194219331488172,0.923697198479603,24.24
15,0.45,0.42,0.1,13.0,2.0,75,0.9236971984796031,0.0,0.5252577994156481,9.194219331488172,0.923697198479603,24.12
15,0.45,0.42,0.1,13.0,2.0,35,0.9236971984796031,0.0,0.5252577994156481,9.194219331488172,0.923697198479603,24.24
15,0.45,0.42,0.18,13.0,2.0,35,0.9236971984796031,0.0,0.5252577994156481,9.194219331488172,0.923697198479603,24.24
15,0.45,0.42,0.18,13.0,2.0,75,0.9236971984796031,0.0,0.5252577994156481,9.194219331488172,0.923697198479603,24.12
15,0.45,0.42,0.26,13.0,2.0,35,0.9236971984796031,0.0,0.5252577994156481,9.194219331488172,0.923697198479603,24.24
15,0.45,0.42,0.26,13.0,2.0,75,0.9236971984796031,0.0,0.5252577994156481,9.194219331488172,0.923697198479603,24.12
7,0.25,0.42,0.05,8.0,0.6,35,0.9175757575757575,0.0,0.5150123303044987,11.27775759069964,0.9175757575757577,37.68
7,0.25,0.42,0.1,8.0,0.6,35,0.9175757575757575,0.0,0.5150123303044987,11.27775759069964,0.9175757575757577,37.68
7,0.25,0.42,0.18,8.0,0.6,35,0.9175757575757575,0.0,0.5150123303044987,11.27775759069964,0.9175757575757577,37.68
7,0.25,0.42,0.26,8.0,0.6,35,0.9175757575757575,0.0,0.5150123303044987,11.27775759069964,0.9175757575757577,37.68
11,0.25,0.42,0.05,8.0,0.6,35,0.9175757575757575,0.0,0.5150123303044987,11.27775759069964,0.9175757575757577,37.68
11,0.25,0.42,0.1,8.0,0.6,35,0.9175757575757575,0.0,0.5150123303044987,11.27775759069964,0.9175757575757577,37.68
11,0.25,0.42,0.18,8.0,0.6,35,0.9175757575757575,0.0,0.5150123303044987,11.27775759069964,0.9175757575757577,37.68
11,0.25,0.42,0.26,8.0,0.6,35,0.9175757575757575,0.0,0.5150123303044987,11.27775759069964,0.9175757575757577,37.68
15,0.25,0.42,0.05,8.0,0.6,35,0.9175757575757575,0.0,0.5150123303044987,11.27775759069964,0.9175757575757577,37.68
15,0.25,0.42,0.1,8.0,0.6,35,0.9175757575757575,0.0,0.5150123303044987,11.27775759069964,0.9175757575757577,37.68
15,0.25,0.42,0.18,8.0,0.6,35,0.9175757575757575,0.0,0.5150123303044987,11.27775759069964,0.9175757575757577,37.68
15,0.25,0.42,0.26,8.0,0.6,35,0.9175757575757575,0.0,0.5150123303044987,11.27775759069964,0.9175757575757577,37.68
7,0.45,0.42,0.05,8.0,2.0,35,0.9091636654661864,0.0,0.508756314433346,9.165093479307203,0.9091636654661863,29.16
7,0.45,0.42,0.05,8.0,2.0,75,0.9091636654661864,0.0,0.508756314433346,9.165093479307203,0.9091636654661863,28.96
7,0.45,0.42,0.1,8.0,2.0,35,0.9091636654661864,0.0,0.508756314433346,9.165093479307203,0.9091636654661863,29.16
7,0.45,0.42,0.1,8.0,2.0,75,0.9091636654661864,0.0,0.508756314433346,9.165093479307203,0.9091636654661863,28.96
7,0.45,0.42,0.18,8.0,2.0,35,0.9091636654661864,0.0,0.508756314433346,9.165093479307203,0.9091636654661863,29.16
7,0.45,0.42,0.18,8.0,2.0,75,0.9091636654661864,0.0,0.508756314433346,9.165093479307203,0.9091636654661863,28.96
7,0.45,0.42,0.26,8.0,2.0,75,0.9091636654661864,0.0,0.508756314433346,9.165093479307203,0.9091636654661863,28.96
7,0.45,0.42,0.26,8.0,2.0,35,0.9091636654661864,0.0,0.508756314433346,9.165093479307203,0.9091636654661863,29.16
11,0.45,0.42,0.05,8.0,2.0,35,0.9091636654661864,0.0,0.508756314433346,9.165093479307203,0.9091636654661863,29.16
11,0.45,0.42,0.05,8.0,2.0,75,0.9091636654661864,0.0,0.508756314433346,9.165093479307203,0.9091636654661863,28.96
11,0.45,0.42,0.1,8.0,2.0,35,0.9091636654661864,0.0,0.508756314433346,9.165093479307203,0.9091636654661863,29.16
11,0.45,0.42,0.1,8.0,2.0,75,0.9091636654661864,0.0,0.508756314433346,9.165093479307203,0.9091636654661863,28.96
11,0.45,0.42,0.18,8.0,2.0,35,0.9091636654661864,0.0,0.508756314433346,9.165093479307203,0.9091636654661863,29.16
11,0.45,0.42,0.18,8.0,2.0,75,0.9091636654661864,0.0,0.508756314433346,9.165093479307203,0.9091636654661863,28.96
11,0.45,0.42,0.26,8.0,2.0,35,0.9091636654661864,0.0,0.508756314433346,9.165093479307203,0.9091636654661863,29.16
11,0.45,0.42,0.26,8.0,2.0,75,0.9091636654661864,0.0,0.508756314433346,9.165093479307203,0.9091636654661863,28.96
15,0.45,0.42,0.05,8.0,2.0,35,0.9091636654661864,0.0,0.508756314433346,9.165093479307203,0.9091636654661863,29.16
15,0.45,0.42,0.05,8.0,2.0,75,0.9091636654661864,0.0,0.508756314433346,9.165093479307203,0.9091636654661863,28.96
15,0.45,0.42,0.1,8.0,2.0,75,0.9091636654661864,0.0,0.508756314433346,9.165093479307203,0.9091636654661863,28.96
15,0.45,0.42,0.1,8.0,2.0,35,0.9091636654661864,0.0,0.508756314433346,9.165093479307203,0.9091636654661863,29.16
15,0.45,0.42,0.18,8.0,2.0,35,0.9091636654661864,0.0,0.508756314433346,9.165093479307203,0.9091636654661863,29.16
15,0.45,0.42,0.18,8.0,2.0,75,0.9091636654661864,0.0,0.508756314433346,9.165093479307203,0.9091636654661863,28.96
15,0.45,0.42,0.26,8.0,2.0,35,0.9091636654661864,0.0,0.508756314433346,9.165093479307203,0.9091636654661863,29.16
15,0.45,0.42,0.26,8.0,2.0,75,0.9091636654661864,0.0,0.508756314433346,9.165093479307203,0.9091636654661863,28.96
7,0.45,0.55,0.05,13.0,1.2,75,0.9000378931413415,0.0,0.47327916345771853,8.44880377315991,0.9000378931413415,23.64
7,0.45,0.55,0.1,13.0,1.2,75,0.9000378931413415,0.0,0.47327916345771853,8.44880377315991,0.9000378931413415,23.64
7,0.45,0.55,0.18,13.0,1.2,75,0.9000378931413415,0.0,0.47327916345771853,8.44880377315991,0.9000378931413415,23.64
7,0.45,0.55,0.26,13.0,1.2,75,0.9000378931413415,0.0,0.47327916345771853,8.44880377315991,0.9000378931413415,23.64
11,0.45,0.55,0.05,13.0,1.2,75,0.9000378931413415,0.0,0.47327916345771853,8.44880377315991,0.9000378931413415,23.64
11,0.45,0.55,0.1,13.0,1.2,75,0.9000378931413415,0.0,0.47327916345771853,8.44880377315991,0.9000378931413415,23.64
11,0.45,0.55,0.18,13.0,1.2,75,0.9000378931413415,0.0,0.47327916345771853,8.44880377315991,0.9000378931413415,23.64
11,0.45,0.55,0.26,13.0,1.2,75,0.9000378931413415,0.0,0.47327916345771853,8.44880377315991,0.9000378931413415,23.64
15,0.45,0.55,0.05,13.0,1.2,75,0.9000378931413415,0.0,0.47327916345771853,8.44880377315991,0.9000378931413415,23.64
15,0.45,0.55,0.1,13.0,1.2,75,0.9000378931413415,0.0,0.47327916345771853,8.44880377315991,0.9000378931413415,23.64
15,0.45,0.55,0.18,13.0,1.2,75,0.9000378931413415,0.0,0.47327916345771853,8.44880377315991,0.9000378931413415,23.64
15,0.45,0.55,0.26,13.0,1.2,75,0.9000378931413415,0.0,0.47327916345771853,8.44880377315991,0.9000378931413415,23.64
7,0.45,0.55,0.05,13.0,1.2,35,0.8956082142930581,0.0,0.47078133773577335,8.44880377315991,0.8956082142930579,23.88
7,0.45,0.55,0.1,13.0,1.2,35,0.8956082142930581,0.0,0.47078133773577335,8.44880377315991,0.8956082142930579,23.88
7,0.45,0.55,0.18,13.0,1.2,35,0.8956082142930581,0.0,0.47078133773577335,8.44880377315991,0.8956082142930579,23.88
7,0.45,0.55,0.26,13.0,1.2,35,0.8956082142930581,0.0,0.47078133773577335,8.44880377315991,0.8956082142930579,23.88
11,0.45,0.55,0.05,13.0,1.2,35,0.8956082142930581,0.0,0.47078133773577335,8.44880377315991,0.8956082142930579,23.88
11,0.45,0.55,0.1,13.0,1.2,35,0.8956082142930581,0.0,0.47078133773577335,8.44880377315991,0.8956082142930579,23.88
11,0.45,0.55,0.18,13.0,1.2,35,0.8956082142930581,0.0,0.47078133773577335,8.44880377315991,0.8956082142930579,23.88
11,0.45,0.55,0.26,13.0,1.2,35,0.8956082142930581,0.0,0.47078133773577335,8.44880377315991,0.8956082142930579,23.88
15,0.45,0.55,0.05,13.0,1.2,35,0.8956082142930581,0.0,0.47078133773577335,8.44880377315991,0.8956082142930579,23.88
15,0.45,0.55,0.1,13.0,1.2,35,0.8956082142930581,0.0,0.47078133773577335,8.44880377315991,0.8956082142930579,23.88
15,0.45,0.55,0.18,13.0,1.2,35,0.8956082142930581,0.0,0.47078133773577335,8.44880377315991,0.8956082142930579,23.88
15,0.45,0.55,0.26,13.0,1.2,35,0.8956082142930581,0.0,0.47078133773577335,8.44880377315991,0.8956082142930579,23.88
7,0.25,0.42,0.05,13.0,0.6,75,0.8907757885763001,0.0,0.5084617225271402,11.427944474491408,0.8907757885763001,29.96
7,0.25,0.42,0.1,13.0,0.6,75,0.8907757885763001,0.0,0.5084617225271402,11.427944474491408,0.8907757885763001,29.96
7,0.25,0.42,0.18,13.0,0.6,75,0.8907757885763001,0.0,0.5084617225271402,11.427944474491408,0.8907757885763001,29.96
7,0.25,0.42,0.26,13.0,0.6,75,0.8907757885763001,0.0,0.5084617225271402,11.427944474491408,0.8907757885763001,29.96
11,0.25,0.42,0.05,13.0,0.6,75,0.8907757885763001,0.0,0.5084617225271402,11.427944474491408,0.8907757885763001,29.96
11,0.25,0.42,0.1,13.0,0.6,75,0.8907757885763001,0.0,0.5084617225271402,11.427944474491408,0.8907757885763001,29.96
11,0.25,0.42,0.18,13.0,0.6,75,0.8907757885763001,0.0,0.5084617225271402,11.427944474491408,0.8907757885763001,29.96
11,0.25,0.42,0.26,13.0,0.6,75,0.8907757885763001,0.0,0.5084617225271402,11.427944474491408,0.8907757885763001,29.96
15,0.25,0.42,0.05,13.0,0.6,75,0.8907757885763001,0.0,0.5084617225271402,11.427944474491408,0.8907757885763001,29.96
15,0.25,0.42,0.1,13.0,0.6,75,0.8907757885763001,0.0,0.5084617225271402,11.427944474491408,0.8907757885763001,29.96
15,0.25,0.42,0.18,13.0,0.6,75,0.8907757885763001,0.0,0.5084617225271402,11.427944474491408,0.8907757885763001,29.96
15,0.25,0.42,0.26,13.0,0.6,75,0.8907757885763001,0.0,0.5084617225271402,11.427944474491408,0.8907757885763001,29.96
7,0.35,0.55,0.05,8.0,0.6,75,0.8704879019772637,0.0,0.4823319001633764,11.142381133545168,0.8704879019772637,31.88
7,0.35,0.55,0.1,8.0,0.6,75,0.8704879019772637,0.0,0.4823319001633764,11.142381133545168,0.8704879019772637,31.88
7,0.35,0.55,0.18,8.0,0.6,75,0.8704879019772637,0.0,0.4823319001633764,11.142381133545168,0.8704879019772637,31.88
7,0.35,0.55,0.26,8.0,0.6,75,0.8704879019772637,0.0,0.4823319001633764,11.142381133545168,0.8704879019772637,31.88
11,0.35,0.55,0.05,8.0,0.6,75,0.8704879019772637,0.0,0.4823319001633764,11.142381133545168,0.8704879019772637,31.88
11,0.35,0.55,0.1,8.0,0.6,75,0.8704879019772637,0.0,0.4823319001633764,11.142381133545168,0.8704879019772637,31.88
11,0.35,0.55,0.18,8.0,0.6,75,0.8704879019772637,0.0,0.4823319001633764,11.142381133545168,0.8704879019772637,31.88
11,0.35,0.55,0.26,8.0,0.6,75,0.8704879019772637,0.0,0.4823319001633764,11.142381133545168,0.8704879019772637,31.88
15,0.35,0.55,0.05,8.0,0.6,75,0.8704879019772637,0.0,0.4823319001633764,11.142381133545168,0.8704879019772637,31.88
15,0.35,0.55,0.1,8.0,0.6,75,0.8704879019772637,0.0,0.4823319001633764,11.142381133545168,0.8704879019772637,31.88
15,0.35,0.55,0.18,8.0,0.6,75,0.8704879019772637,0.0,0.4823319001633764,11.142381133545168,0.8704879019772637,31.88
15,0.35,0.55,0.26,8.0,0.6,75,0.8704879019772637,0.0,0.4823319001633764,11.142381133545168,0.8704879019772637,31.88
7,0.25,0.42,0.05,13.0,0.6,35,0.868466801985115,0.0,0.4954982748171353,11.427944474491408,0.868466801985115,31.36
7,0.25,0.42,0.1,13.0,0.6,35,0.868466801985115,0.0,0.4954982748171353,11.427944474491408,0.868466801985115,31.36
7,0.25,0.42,0.18,13.0,0.6,35,0.868466801985115,0.0,0.4954982748171353,11.427944474491408,0.868466801985115,31.36
7,0.25,0.42,0.26,13.0,0.6,35,0.868466801985115,0.0,0.4954982748171353,11.427944474491408,0.868466801985115,31.36
11,0.25,0.42,0.05,13.0,0.6,35,0.868466801985115,0.0,0.4954982748171353,11.427944474491408,0.868466801985115,31.36
11,0.25,0.42,0.1,13.0,0.6,35,0.868466801985115,0.0,0.4954982748171353,11.427944474491408,0.868466801985115,31.36
11,0.25,0.42,0.18,13.0,0.6,35,0.868466801985115,0.0,0.4954982748171353,11.427944474491408,0.868466801985115,31.36
11,0.25,0.42,0.26,13.0,0.6,35,0.868466801985115,0.0,0.4954982748171353,11.427944474491408,0.868466801985115,31.36
15,0.25,0.42,0.05,13.0,0.6,35,0.868466801985115,0.0,0.4954982748171353,11.427944474491408,0.868466801985115,31.36
15,0.25,0.42,0.1,13.0,0.6,35,0.868466801985115,0.0,0.4954982748171353,11.427944474491408,0.868466801985115,31.36
15,0.25,0.42,0.18,13.0,0.6,35,0.868466801985115,0.0,0.4954982748171353,11.427944474491408,0.868466801985115,31.36
15,0.25,0.42,0.26,13.0,0.6,35,0.868466801985115,0.0,0.4954982748171353,11.427944474491408,0.868466801985115,31.36
7,0.35,0.55,0.05,8.0,0.6,35,0.8606376845225271,0.0,0.4768971731908104,11.142381133545168,0.8606376845225271,32.56
7,0.35,0.55,0.1,8.0,0.6,35,0.8606376845225271,0.0,0.4768971731908104,11.142381133545168,0.8606376845225271,32.56
7,0.35,0.55,0.18,8.0,0.6,35,0.8606376845225271,0.0,0.4768971731908104,11.142381133545168,0.8606376845225271,32.56
7,0.35,0.55,0.26,8.0,0.6,35,0.8606376845225271,0.0,0.4768971731908104,11.142381133545168,0.8606376845225271,32.56
11,0.35,0.55,0.05,8.0,0.6,35,0.8606376845225271,0.0,0.4768971731908104,11.142381133545168,0.8606376845225271,32.56
11,0.35,0.55,0.1,8.0,0.6,35,0.8606376845225271,0.0,0.4768971731908104,11.142381133545168,0.8606376845225271,32.56
11,0.35,0.55,0.18,8.0,0.6,35,0.8606376845225271,0.0,0.4768971731908104,11.142381133545168,0.8606376845225271,32.56
11,0.35,0.55,0.26,8.0,0.6,35,0.8606376845225271,0.0,0.4768971731908104,11.142381133545168,0.8606376845225271,32.56
15,0.35,0.55,0.05,8.0,0.6,35,0.8606376845225271,0.0,0.4768971731908104,11.142381133545168,0.8606376845225271,32.56
15,0.35,0.55,0.1,8.0,0.6,35,0.8606376845225271,0.0,0.4768971731908104,11.142381133545168,0.8606376845225271,32.56
15,0.35,0.55,0.18,8.0,0.6,35,0.8606376845225271,0.0,0.4768971731908104,11.142381133545168,0.8606376845225271,32.56
15,0.35,0.55,0.26,8.0,0.6,35,0.8606376845225271,0.0,0.4768971731908104,11.142381133545168,0.8606376845225271,32.56
7,0.35,0.42,0.05,24.0,0.6,75,0.8392329789764514,0.0,0.5025428372162355,9.60185704636244,0.8392329789764514,23.12
7,0.35,0.42,0.1,24.0,0.6,75,0.8392329789764514,0.0,0.5025428372162355,9.60185704636244,0.8392329789764514,23.12
7,0.35,0.42,0.18,24.0,0.6,75,0.8392329789764514,0.0,0.5025428372162355,9.60185704636244,0.8392329789764514,23.12
7,0.35,0.42,0.26,24.0,0.6,75,0.8392329789764514,0.0,0.5025428372162355,9.60185704636244,0.8392329789764514,23.12
11,0.35,0.42,0.05,24.0,0.6,75,0.8392329789764514,0.0,0.5025428372162355,9.60185704636244,0.8392329789764514,23.12
11,0.35,0.42,0.1,24.0,0.6,75,0.8392329789764514,0.0,0.5025428372162355,9.60185704636244,0.8392329789764514,23.12
11,0.35,0.42,0.18,24.0,0.6,75,0.8392329789764514,0.0,0.5025428372162355,9.60185704636244,0.8392329789764514,23.12
11,0.35,0.42,0.26,24.0,0.6,75,0.8392329789764514,0.0,0.5025428372162355,9.60185704636244,0.8392329789764514,23.12
15,0.35,0.42,0.05,24.0,0.6,75,0.8392329789764514,0.0,0.5025428372162355,9.60185704636244,0.8392329789764514,23.12
15,0.35,0.42,0.1,24.0,0.6,75,0.8392329789764514,0.0,0.5025428372162355,9.60185704636244,0.8392329789764514,23.12
15,0.35,0.42,0.18,24.0,0.6,75,0.8392329789764514,0.0,0.5025428372162355,9.60185704636244,0.8392329789764514,23.12
15,0.35,0.42,0.26,24.0,0.6,75,0.8392329789764514,0.0,0.5025428372162355,9.60185704636244,0.8392329789764514,23.12
7,0.35,0.42,0.05,24.0,0.6,35,0.8262904140669315,0.0,0.4945832625612011,9.60185704636244,0.8262904140669315,23.52
7,0.35,0.42,0.1,24.0,0.6,35,0.8262904140669315,0.0,0.4945832625612011,9.60185704636244,0.8262904140669315,23.48
7,0.35,0.42,0.18,24.0,0.6,35,0.8262904140669315,0.0,0.4945832625612011,9.60185704636244,0.8262904140669315,23.48
7,0.35,0.42,0.26,24.0,0.6,35,0.8262904140669315,0.0,0.4945832625612011,9.60185704636244,0.8262904140669315,23.48
11,0.35,0.42,0.05,24.0,0.6,35,0.8262904140669315,0.0,0.4945832625612011,9.60185704636244,0.8262904140669315,23.52
11,0.35,0.42,0.1,24.0,0.6,35,0.8262904140669315,0.0,0.4945832625612011,9.60185704636244,0.8262904140669315,23.48
11,0.35,0.42,0.18,24.0,0.6,35,0.8262904140669315,0.0,0.4945832625612011,9.60185704636244,0.8262904140669315,23.48
11,0.35,0.42,0.26,24.0,0.6,35,0.8262904140669315,0.0,0.4945832625612011,9.60185704636244,0.8262904140669315,23.48
15,0.35,0.42,0.05,24.0,0.6,35,0.8262904140669315,0.0,0.4945832625612011,9.60185704636244,0.8262904140669315,23.52
15,0.35,0.42,0.1,24.0,0.6,35,0.8262904140669315,0.0,0.4945832625612011,9.60185704636244,0.8262904140669315,23.48
15,0.35,0.42,0.18,24.0,0.6,35,0.8262904140669315,0.0,0.4945832625612011,9.60185704636244,0.8262904140669315,23.48
15,0.35,0.42,0.26,24.0,0.6,35,0.8262904140669315,0.0,0.4945832625612011,9.60185704636244,0.8262904140669315,23.48
7,0.25,0.55,0.05,8.0,1.2,75,0.8179609400860642,0.0,0.43886093934280884,10.763344913771828,0.8179609400860642,34.64
7,0.25,0.55,0.1,8.0,1.2,75,0.8179609400860642,0.0,0.43886093934280884,10.763344913771828,0.8179609400860642,34.64
7,0.25,0.55,0.18,8.0,1.2,75,0.8179609400860642,0.0,0.43886093934280884,10.763344913771828,0.8179609400860642,34.64
7,0.25,0.55,0.26,8.0,1.2,75,0.8179609400860642,0.0,0.43886093934280884,10.763344913771828,0.8179609400860642,34.64
11,0.25,0.55,0.05,8.0,1.2,75,0.8179609400860642,0.0,0.43886093934280884,10.763344913771828,0.8179609400860642,34.64
11,0.25,0.55,0.1,8.0,1.2,75,0.8179609400860642,0.0,0.43886093934280884,10.763344913771828,0.8179609400860642,34.64
11,0.25,0.55,0.18,8.0,1.2,75,0.8179609400860642,0.0,0.43886093934280884,10.763344913771828,0.8179609400860642,34.64
11,0.25,0.55,0.26,8.0,1.2,75,0.8179609400860642,0.0,0.43886093934280884,10.763344913771828,0.8179609400860642,34.64
15,0.25,0.55,0.05,8.0,1.2,75,0.8179609400860642,0.0,0.43886093934280884,10.763344913771828,0.8179609400860642,34.64
15,0.25,0.55,0.1,8.0,1.2,75,0.8179609400860642,0.0,0.43886093934280884,10.763344913771828,0.8179609400860642,34.64
15,0.25,0.55,0.18,8.0,1.2,75,0.8179609400860642,0.0,0.43886093934280884,10.763344913771828,0.8179609400860642,34.64
15,0.25,0.55,0.26,8.0,1.2,75,0.8179609400860642,0.0,0.43886093934280884,10.763344913771828,0.8179609400860642,34.64
7,0.25,0.55,0.05,8.0,0.6,75,0.8172136222910217,0.0,0.4526870956605512,11.138307899764364,0.8172136222910217,34.04
7,0.25,0.55,0.1,8.0,0.6,75,0.8172136222910217,0.0,0.4526870956605512,11.138307899764364,0.8172136222910217,34.04
7,0.25,0.55,0.18,8.0,0.6,75,0.8172136222910217,0.0,0.4526870956605512,11.138307899764364,0.8172136222910217,34.04
7,0.25,0.55,0.26,8.0,0.6,75,0.8172136222910217,0.0,0.4526870956605512,11.138307899764364,0.8172136222910217,34.04
11,0.25,0.55,0.05,8.0,0.6,75,0.8172136222910217,0.0,0.4526870956605512,11.138307899764364,0.8172136222910217,34.04
11,0.25,0.55,0.1,8.0,0.6,75,0.8172136222910217,0.0,0.4526870956605512,11.138307899764364,0.8172136222910217,34.04
11,0.25,0.55,0.18,8.0,0.6,75,0.8172136222910217,0.0,0.4526870956605512,11.138307899764364,0.8172136222910217,34.04
11,0.25,0.55,0.26,8.0,0.6,75,0.8172136222910217,0.0,0.4526870956605512,11.138307899764364,0.8172136222910217,34.04
15,0.25,0.55,0.05,8.0,0.6,75,0.8172136222910217,0.0,0.4526870956605512,11.138307899764364,0.8172136222910217,34.04
15,0.25,0.55,0.1,8.0,0.6,75,0.8172136222910217,0.0,0.4526870956605512,11.138307899764364,0.8172136222910217,34.04
15,0.25,0.55,0.18,8.0,0.6,75,0.8172136222910217,0.0,0.4526870956605512,11.138307899764364,0.8172136222910217,34.04
15,0.25,0.55,0.26,8.0,0.6,75,0.8172136222910217,0.0,0.4526870956605512,11.138307899764364,0.8172136222910217,34.04
7,0.55,0.55,0.05,24.0,2.0,35,0.8105263157894737,0.0,0.4496474886398068,6.725046777016308,0.8105263157894737,18.12
7,0.55,0.55,0.05,24.0,2.0,75,0.8105263157894737,0.0,0.4496474886398068,6.725046777016308,0.8105263157894737,18.12
7,0.55,0.55,0.1,24.0,2.0,75,0.8105263157894737,0.0,0.4496474886398068,6.725046777016308,0.8105263157894737,18.08
7,0.55,0.55,0.1,24.0,2.0,35,0.8105263157894737,0.0,0.4496474886398068,6.725046777016308,0.8105263157894737,18.08
7,0.55,0.55,0.18,24.0,2.0,75,0.8105263157894737,0.0,0.4496474886398068,6.725046777016308,0.8105263157894737,18.08
7,0.55,0.55,0.18,24.0,2.0,35,0.8105263157894737,0.0,0.4496474886398068,6.725046777016308,0.8105263157894737,18.08
7,0.55,0.55,0.26,24.0,2.0,75,0.8105263157894737,0.0,0.4496474886398068,6.725046777016308,0.8105263157894737,18.08
7,0.55,0.55,0.26,24.0,2.0,35,0.8105263157894737,0.0,0.4496474886398068,6.725046777016308,0.8105263157894737,18.08
11,0.55,0.55,0.05,24.0,2.0,35,0.8105263157894737,0.0,0.4496474886398068,6.725046777016308,0.8105263157894737,18.12
11,0.55,0.55,0.05,24.0,2.0,75,0.8105263157894737,0.0,0.4496474886398068,6.725046777016308,0.8105263157894737,18.12
11,0.55,0.55,0.1,24.0,2.0,75,0.8105263157894737,0.0,0.4496474886398068,6.725046777016308,0.8105263157894737,18.08
11,0.55,0.55,0.1,24.0,2.0,35,0.8105263157894737,0.0,0.4496474886398068,6.725046777016308,0.8105263157894737,18.08
11,0.55,0.55,0.18,24.0,2.0,35,0.8105263157894737,0.0,0.4496474886398068,6.725046777016308,0.8105263157894737,18.08
11,0.55,0.55,0.18,24.0,2.0,75,0.8105263157894737,0.0,0.4496474886398068,6.725046777016308,0.8105263157894737,18.08
11,0.55,0.55,0.26,24.0,2.0,35,0.8105263157894737,0.0,0.4496474886398068,6.725046777016308,0.8105263157894737,18.08
11,0.55,0.55,0.26,24.0,2.0,75,0.8105263157894737,0.0,0.4496474886398068,6.725046777016308,0.8105263157894737,18.08
15,0.55,0.55,0.05,24.0,2.0,75,0.8105263157894737,0.0,0.4496474886398068,6.725046777016308,0.8105263157894737,18.12
15,0.55,0.55,0.05,24.0,2.0,35,0.8105263157894737,0.0,0.4496474886398068,6.725046777016308,0.8105263157894737,18.12
15,0.55,0.55,0.1,24.0,2.0,75,0.8105263157894737,0.0,0.4496474886398068,6.725046777016308,0.8105263157894737,18.08
15,0.55,0.55,0.1,24.0,2.0,35,0.8105263157894737,0.0,0.4496474886398068,6.725046777016308,0.8105263157894737,18.08
15,0.55,0.55,0.18,24.0,2.0,75,0.8105263157894737,0.0,0.4496474886398068,6.725046777016308,0.8105263157894737,18.08
15,0.55,0.55,0.18,24.0,2.0,35,0.8105263157894737,0.0,0.4496474886398068,6.725046777016308,0.8105263157894737,18.08
15,0.55,0.55,0.26,24.0,2.0,35,0.8105263157894737,0.0,0.4496474886398068,6.725046777016308,0.8105263157894737,18.08
15,0.55,0.55,0.26,24.0,2.0,75,0.8105263157894737,0.0,0.4496474886398068,6.725046777016308,0.8105263157894737,18.08
7,0.25,0.42,0.05,24.0,0.6,75,0.8073871409028728,0.0,0.48420803159850867,9.603694964919672,0.8073871409028728,24.96
7,0.25,0.42,0.1,24.0,0.6,75,0.8073871409028728,0.0,0.48420803159850867,9.603694964919672,0.8073871409028728,24.96
7,0.25,0.42,0.18,24.0,0.6,75,0.8073871409028728,0.0,0.48420803159850867,9.603694964919672,0.8073871409028728,24.96
7,0.25,0.42,0.26,24.0,0.6,75,0.8073871409028728,0.0,0.48420803159850867,9.603694964919672,0.8073871409028728,24.96
11,0.25,0.42,0.05,24.0,0.6,75,0.8073871409028728,0.0,0.48420803159850867,9.603694964919672,0.8073871409028728,24.96
11,0.25,0.42,0.1,24.0,0.6,75,0.8073871409028728,0.0,0.48420803159850867,9.603694964919672,0.8073871409028728,24.96
11,0.25,0.42,0.18,24.0,0.6,75,0.8073871409028728,0.0,0.48420803159850867,9.603694964919672,0.8073871409028728,24.96
11,0.25,0.42,0.26,24.0,0.6,75,0.8073871409028728,0.0,0.48420803159850867,9.603694964919672,0.8073871409028728,24.96
15,0.25,0.42,0.05,24.0,0.6,75,0.8073871409028728,0.0,0.48420803159850867,9.603694964919672,0.8073871409028728,24.96
15,0.25,0.42,0.1,24.0,0.6,75,0.8073871409028728,0.0,0.48420803159850867,9.603694964919672,0.8073871409028728,24.96
15,0.25,0.42,0.18,24.0,0.6,75,0.8073871409028728,0.0,0.48420803159850867,9.603694964919672,0.8073871409028728,24.96
15,0.25,0.42,0.26,24.0,0.6,75,0.8073871409028728,0.0,0.48420803159850867,9.603694964919672,0.8073871409028728,24.96
7,0.25,0.55,0.05,8.0,0.6,35,0.8037413684871313,0.0,0.445180130627652,11.138307899764364,0.8037413684871313,35.64
7,0.25,0.55,0.1,8.0,0.6,35,0.8037413684871313,0.0,0.445180130627652,11.138307899764364,0.8037413684871313,35.64
7,0.25,0.55,0.18,8.0,0.6,35,0.8037413684871313,0.0,0.445180130627652,11.138307899764364,0.8037413684871313,35.64
7,0.25,0.55,0.26,8.0,0.6,35,0.8037413684871313,0.0,0.445180130627652,11.138307899764364,0.8037413684871313,35.64
11,0.25,0.55,0.05,8.0,0.6,35,0.8037413684871313,0.0,0.445180130627652,11.138307899764364,0.8037413684871313,35.64
11,0.25,0.55,0.1,8.0,0.6,35,0.8037413684871313,0.0,0.445180130627652,11.138307899764364,0.8037413684871313,35.64
11,0.25,0.55,0.18,8.0,0.6,35,0.8037413684871313,0.0,0.445180130627652,11.138307899764364,0.8037413684871313,35.64
11,0.25,0.55,0.26,8.0,0.6,35,0.8037413684871313,0.0,0.445180130627652,11.138307899764364,0.8037413684871313,35.64
15,0.25,0.55,0.05,8.0,0.6,35,0.8037413684871313,0.0,0.445180130627652,11.138307899764364,0.8037413684871313,35.64
15,0.25,0.55,0.1,8.0,0.6,35,0.8037413684871313,0.0,0.445180130627652,11.138307899764364,0.8037413684871313,35.64
15,0.25,0.55,0.18,8.0,0.6,35,0.8037413684871313,0.0,0.445180130627652,11.138307899764364,0.8037413684871313,35.64
15,0.25,0.55,0.26,8.0,0.6,35,0.8037413684871313,0.0,0.445180130627652,11.138307899764364,0.8037413684871313,35.64
7,0.25,0.55,0.05,8.0,1.2,35,0.8021286258290924,0.0,0.4302334895182823,10.763344913771828,0.8021286258290924,35.72
7,0.25,0.55,0.1,8.0,1.2,35,0.8021286258290924,0.0,0.4302334895182823,10.763344913771828,0.8021286258290924,35.72
7,0.25,0.55,0.18,8.0,1.2,35,0.8021286258290924,0.0,0.4302334895182823,10.763344913771828,0.8021286258290924,35.72
7,0.25,0.55,0.26,8.0,1.2,35,0.8021286258290924,0.0,0.4302334895182823,10.763344913771828,0.8021286258290924,35.72
11,0.25,0.55,0.05,8.0,1.2,35,0.8021286258290924,0.0,0.4302334895182823,10.763344913771828,0.8021286258290924,35.72
11,0.25,0.55,0.1,8.0,1.2,35,0.8021286258290924,0.0,0.4302334895182823,10.763344913771828,0.8021286258290924,35.72
11,0.25,0.55,0.18,8.0,1.2,35,0.8021286258290924,0.0,0.4302334895182823,10.763344913771828,0.8021286258290924,35.72
11,0.25,0.55,0.26,8.0,1.2,35,0.8021286258290924,0.0,0.4302334895182823,10.763344913771828,0.8021286258290924,35.72
15,0.25,0.55,0.05,8.0,1.2,35,0.8021286258290924,0.0,0.4302334895182823,10.763344913771828,0.8021286258290924,35.72
15,0.25,0.55,0.1,8.0,1.2,35,0.8021286258290924,0.0,0.4302334895182823,10.763344913771828,0.8021286258290924,35.72
15,0.25,0.55,0.18,8.0,1.2,35,0.8021286258290924,0.0,0.4302334895182823,10.763344913771828,0.8021286258290924,35.72
15,0.25,0.55,0.26,8.0,1.2,35,0.8021286258290924,0.0,0.4302334895182823,10.763344913771828,0.8021286258290924,35.72
7,0.35,0.42,0.05,18.0,0.6,75,0.8005637773079635,0.0,0.46589837196456985,9.345138934083115,0.8005637773079632,24.92
7,0.35,0.42,0.1,18.0,0.6,75,0.8005637773079635,0.0,0.46589837196456985,9.345138934083115,0.8005637773079632,24.92
7,0.35,0.42,0.18,18.0,0.6,75,0.8005637773079635,0.0,0.46589837196456985,9.345138934083115,0.8005637773079632,24.92
7,0.35,0.42,0.26,18.0,0.6,75,0.8005637773079635,0.0,0.46589837196456985,9.345138934083115,0.8005637773079632,24.92
11,0.35,0.42,0.05,18.0,0.6,75,0.8005637773079635,0.0,0.46589837196456985,9.345138934083115,0.8005637773079632,24.92
11,0.35,0.42,0.1,18.0,0.6,75,0.8005637773079635,0.0,0.46589837196456985,9.345138934083115,0.8005637773079632,24.92
11,0.35,0.42,0.18,18.0,0.6,75,0.8005637773079635,0.0,0.46589837196456985,9.345138934083115,0.8005637773079632,24.92
11,0.35,0.42,0.26,18.0,0.6,75,0.8005637773079635,0.0,0.46589837196456985,9.345138934083115,0.8005637773079632,24.92
15,0.35,0.42,0.05,18.0,0.6,75,0.8005637773079635,0.0,0.46589837196456985,9.345138934083115,0.8005637773079632,24.92
15,0.35,0.42,0.1,18.0,0.6,75,0.8005637773079635,0.0,0.46589837196456985,9.345138934083115,0.8005637773079632,24.92
15,0.35,0.42,0.18,18.0,0.6,75,0.8005637773079635,0.0,0.46589837196456985,9.345138934083115,0.8005637773079632,24.92
15,0.35,0.42,0.26,18.0,0.6,75,0.8005637773079635,0.0,0.46589837196456985,9.345138934083115,0.8005637773079632,24.92
7,0.55,0.42,0.05,18.0,2.0,75,0.7917948717948717,0.0,0.46226188699347553,7.139773498862797,0.7917948717948717,19.44
7,0.55,0.42,0.05,18.0,2.0,35,0.7917948717948717,0.0,0.46226188699347553,7.139773498862797,0.7917948717948717,19.44
7,0.55,0.42,0.1,18.0,2.0,75,0.7917948717948717,0.0,0.46226188699347553,7.139773498862797,0.7917948717948717,19.44
7,0.55,0.42,0.1,18.0,2.0,35,0.7917948717948717,0.0,0.46226188699347553,7.139773498862797,0.7917948717948717,19.44
7,0.55,0.42,0.18,18.0,2.0,75,0.7917948717948717,0.0,0.46226188699347553,7.139773498862797,0.7917948717948717,19.44
7,0.55,0.42,0.18,18.0,2.0,35,0.7917948717948717,0.0,0.46226188699347553,7.139773498862797,0.7917948717948717,19.44
7,0.55,0.42,0.26,18.0,2.0,35,0.7917948717948717,0.0,0.46226188699347553,7.139773498862797,0.7917948717948717,19.44
7,0.55,0.42,0.26,18.0,2.0,75,0.7917948717948717,0.0,0.46226188699347553,7.139773498862797,0.7917948717948717,19.44
11,0.55,0.42,0.05,18.0,2.0,75,0.7917948717948717,0.0,0.46226188699347553,7.139773498862797,0.7917948717948717,19.44
11,0.55,0.42,0.05,18.0,2.0,35,0.7917948717948717,0.0,0.46226188699347553,7.139773498862797,0.7917948717948717,19.44
11,0.55,0.42,0.1,18.0,2.0,75,0.7917948717948717,0.0,0.46226188699347553,7.139773498862797,0.7917948717948717,19.44
11,0.55,0.42,0.1,18.0,2.0,35,0.7917948717948717,0.0,0.46226188699347553,7.139773498862797,0.7917948717948717,19.44
11,0.55,0.42,0.18,18.0,2.0,75,0.7917948717948717,0.0,0.46226188699347553,7.139773498862797,0.7917948717948717,19.44
11,0.55,0.42,0.18,18.0,2.0,35,0.7917948717948717,0.0,0.46226188699347553,7.139773498862797,0.7917948717948717,19.44
11,0.55,0.42,0.26,18.0,2.0,75,0.7917948717948717,0.0,0.46226188699347553,7.139773498862797,0.7917948717948717,19.44
11,0.55,0.42,0.26,18.0,2.0,35,0.7917948717948717,0.0,0.46226188699347553,7.139773498862797,0.7917948717948717,19.44
15,0.55,0.42,0.05,18.0,2.0,35,0.7917948717948717,0.0,0.46226188699347553,7.139773498862797,0.7917948717948717,19.44
15,0.55,0.42,0.05,18.0,2.0,75,0.7917948717948717,0.0,0.46226188699347553,7.139773498862797,0.7917948717948717,19.44
15,0.55,0.42,0.1,18.0,2.0,35,0.7917948717948717,0.0,0.46226188699347553,7.139773498862797,0.7917948717948717,19.44
15,0.55,0.42,0.1,18.0,2.0,75,0.7917948717948717,0.0,0.46226188699347553,7.139773498862797,0.7917948717948717,19.44
15,0.55,0.42,0.18,18.0,2.0,35,0.7917948717948717,0.0,0.46226188699347553,7.139773498862797,0.7917948717948717,19.44
15,0.55,0.42,0.18,18.0,2.0,75,0.7917948717948717,0.0,0.46226188699347553,7.139773498862797,0.7917948717948717,19.44
15,0.55,0.42,0.26,18.0,2.0,75,0.7917948717948717,0.0,0.46226188699347553,7.139773498862797,0.7917948717948717,19.44
15,0.55,0.42,0.26,18.0,2.0,35,0.7917948717948717,0.0,0.46226188699347553,7.139773498862797,0.7917948717948717,19.44
7,0.35,0.42,0.05,18.0,0.6,35,0.7892053227210547,0.0,0.4592074869761471,9.345138934083115,0.7892053227210547,25.36
7,0.35,0.42,0.1,18.0,0.6,35,0.7892053227210547,0.0,0.4592074869761471,9.345138934083115,0.7892053227210547,25.36
7,0.35,0.42,0.18,18.0,0.6,35,0.7892053227210547,0.0,0.4592074869761471,9.345138934083115,0.7892053227210547,25.36
7,0.35,0.42,0.26,18.0,0.6,35,0.7892053227210547,0.0,0.4592074869761471,9.345138934083115,0.7892053227210547,25.36
11,0.35,0.42,0.05,18.0,0.6,35,0.7892053227210547,0.0,0.4592074869761471,9.345138934083115,0.7892053227210547,25.36
11,0.35,0.42,0.1,18.0,0.6,35,0.7892053227210547,0.0,0.4592074869761471,9.345138934083115,0.7892053227210547,25.36
11,0.35,0.42,0.18,18.0,0.6,35,0.7892053227210547,0.0,0.4592074869761471,9.345138934083115,0.7892053227210547,25.36
11,0.35,0.42,0.26,18.0,0.6,35,0.7892053227210547,0.0,0.4592074869761471,9.345138934083115,0.7892053227210547,25.36
15,0.35,0.42,0.05,18.0,0.6,35,0.7892053227210547,0.0,0.4592074869761471,9.345138934083115,0.7892053227210547,25.36
15,0.35,0.42,0.1,18.0,0.6,35,0.7892053227210547,0.0,0.4592074869761471,9.345138934083115,0.7892053227210547,25.36
15,0.35,0.42,0.18,18.0,0.6,35,0.7892053227210547,0.0,0.4592074869761471,9.345138934083115,0.7892053227210547,25.36
15,0.35,0.42,0.26,18.0,0.6,35,0.7892053227210547,0.0,0.4592074869761471,9.345138934083115,0.7892053227210547,25.36
7,0.25,0.42,0.05,24.0,0.6,35,0.7832893393869003,0.0,0.4700943272348459,9.603694964919672,0.7832893393869004,25.88
7,0.25,0.42,0.1,24.0,0.6,35,0.7832893393869003,0.0,0.4700943272348459,9.603694964919672,0.7832893393869004,25.8
7,0.25,0.42,0.18,24.0,0.6,35,0.7832893393869003,0.0,0.4700943272348459,9.603694964919672,0.7832893393869004,25.8
7,0.25,0.42,0.26,24.0,0.6,35,0.7832893393869003,0.0,0.4700943272348459,9.603694964919672,0.7832893393869004,25.8
11,0.25,0.42,0.05,24.0,0.6,35,0.7832893393869003,0.0,0.4700943272348459,9.603694964919672,0.7832893393869004,25.88
11,0.25,0.42,0.1,24.0,0.6,35,0.7832893393869003,0.0,0.4700943272348459,9.603694964919672,0.7832893393869004,25.8
11,0.25,0.42,0.18,24.0,0.6,35,0.7832893393869003,0.0,0.4700943272348459,9.603694964919672,0.7832893393869004,25.8
11,0.25,0.42,0.26,24.0,0.6,35,0.7832893393869003,0.0,0.4700943272348459,9.603694964919672,0.7832893393869004,25.8
15,0.25,0.42,0.05,24.0,0.6,35,0.7832893393869003,0.0,0.4700943272348459,9.603694964919672,0.7832893393869004,25.88
15,0.25,0.42,0.1,24.0,0.6,35,0.7832893393869003,0.0,0.4700943272348459,9.603694964919672,0.7832893393869004,25.8
15,0.25,0.42,0.18,24.0,0.6,35,0.7832893393869003,0.0,0.4700943272348459,9.603694964919672,0.7832893393869004,25.8
15,0.25,0.42,0.26,24.0,0.6,35,0.7832893393869003,0.0,0.4700943272348459,9.603694964919672,0.7832893393869004,25.8
7,0.35,0.42,0.05,13.0,0.6,75,0.7799736495388669,0.0,0.455602446124816,9.391279326333768,0.7799736495388669,27.2
7,0.35,0.42,0.1,13.0,0.6,75,0.7799736495388669,0.0,0.455602446124816,9.391279326333768,0.7799736495388669,27.2
7,0.35,0.42,0.18,13.0,0.6,75,0.7799736495388669,0.0,0.455602446124816,9.391279326333768,0.7799736495388669,27.2
7,0.35,0.42,0.26,13.0,0.6,75,0.7799736495388669,0.0,0.455602446124816,9.391279326333768,0.7799736495388669,27.2
11,0.35,0.42,0.05,13.0,0.6,75,0.7799736495388669,0.0,0.455602446124816,9.391279326333768,0.7799736495388669,27.2
11,0.35,0.42,0.1,13.0,0.6,75,0.7799736495388669,0.0,0.455602446124816,9.391279326333768,0.7799736495388669,27.2
11,0.35,0.42,0.18,13.0,0.6,75,0.7799736495388669,0.0,0.455602446124816,9.391279326333768,0.7799736495388669,27.2
11,0.35,0.42,0.26,13.0,0.6,75,0.7799736495388669,0.0,0.455602446124816,9.391279326333768,0.7799736495388669,27.2
15,0.35,0.42,0.05,13.0,0.6,75,0.7799736495388669,0.0,0.455602446124816,9.391279326333768,0.7799736495388669,27.2
15,0.35,0.42,0.1,13.0,0.6,75,0.7799736495388669,0.0,0.455602446124816,9.391279326333768,0.7799736495388669,27.2
15,0.35,0.42,0.18,13.0,0.6,75,0.7799736495388669,0.0,0.455602446124816,9.391279326333768,0.7799736495388669,27.2
15,0.35,0.42,0.26,13.0,0.6,75,0.7799736495388669,0.0,0.455602446124816,9.391279326333768,0.7799736495388669,27.2
7,0.55,0.55,0.05,8.0,0.6,35,0.7789009173514196,0.0,0.4344994990513584,8.993002896127713,0.7789009173514196,25.36
7,0.55,0.55,0.05,8.0,0.6,75,0.7789009173514196,0.0,0.4344994990513584,8.993002896127713,0.7789009173514196,25.2
7,0.55,0.55,0.1,8.0,0.6,75,0.7789009173514196,0.0,0.4344994990513584,8.993002896127713,0.7789009173514196,25.2
7,0.55,0.55,0.1,8.0,0.6,35,0.7789009173514196,0.0,0.4344994990513584,8.993002896127713,0.7789009173514196,25.36
7,0.55,0.55,0.18,8.0,0.6,35,0.7789009173514196,0.0,0.4344994990513584,8.993002896127713,0.7789009173514196,25.36
7,0.55,0.55,0.18,8.0,0.6,75,0.7789009173514196,0.0,0.4344994990513584,8.993002896127713,0.7789009173514196,25.2
7,0.55,0.55,0.26,8.0,0.6,35,0.7789009173514196,0.0,0.4344994990513584,8.993002896127713,0.7789009173514196,25.36
7,0.55,0.55,0.26,8.0,0.6,75,0.7789009173514196,0.0,0.4344994990513584,8.993002896127713,0.7789009173514196,25.2
11,0.55,0.55,0.05,8.0,0.6,75,0.7789009173514196,0.0,0.4344994990513584,8.993002896127713,0.7789009173514196,25.2
11,0.55,0.55,0.05,8.0,0.6,35,0.7789009173514196,0.0,0.4344994990513584,8.993002896127713,0.7789009173514196,25.36
11,0.55,0.55,0.1,8.0,0.6,35,0.7789009173514196,0.0,0.4344994990513584,8.993002896127713,0.7789009173514196,25.36
11,0.55,0.55,0.1,8.0,0.6,75,0.7789009173514196,0.0,0.4344994990513584,8.993002896127713,0.7789009173514196,25.2
11,0.55,0.55,0.18,8.0,0.6,35,0.7789009173514196,0.0,0.4344994990513584,8.993002896127713,0.7789009173514196,25.36
11,0.55,0.55,0.18,8.0,0.6,75,0.7789009173514196,0.0,0.4344994990513584,8.993002896127713,0.7789009173514196,25.2
11,0.55,0.55,0.26,8.0,0.6,35,0.7789009173514196,0.0,0.4344994990513584,8.993002896127713,0.7789009173514196,25.36
11,0.55,0.55,0.26,8.0,0.6,75,0.7789009173514196,0.0,0.4344994990513584,8.993002896127713,0.7789009173514196,25.2
15,0.55,0.55,0.05,8.0,0.6,35,0.7789009173514196,0.0,0.4344994990513584,8.993002896127713,0.7789009173514196,25.36
15,0.55,0.55,0.05,8.0,0.6,75,0.7789009173514196,0.0,0.4344994990513584,8.993002896127713,0.7789009173514196,25.2
15,0.55,0.55,0.1,8.0,0.6,75,0.7789009173514196,0.0,0.4344994990513584,8.993002896127713,0.7789009173514196,25.2
15,0.55,0.55,0.1,8.0,0.6,35,0.7789009173514196,0.0,0.4344994990513584,8.993002896127713,0.7789009173514196,25.36
15,0.55,0.55,0.18,8.0,0.6,35,0.7789009173514196,0.0,0.4344994990513584,8.993002896127713,0.7789009173514196,25.36
15,0.55,0.55,0.18,8.0,0.6,75,0.7789009173514196,0.0,0.4344994990513584,8.993002896127713,0.7789009173514196,25.2
15,0.55,0.55,0.26,8.0,0.6,75,0.7789009173514196,0.0,0.4344994990513584,8.993002896127713,0.7789009173514196,25.2
15,0.55,0.55,0.26,8.0,0.6,35,0.7789009173514196,0.0,0.4344994990513584,8.993002896127713,0.7789009173514196,25.36
7,0.25,0.3,0.05,8.0,2.0,75,0.7730013743819544,0.0,0.4403597634139003,11.478406355646385,0.7730013743819542,37.32
7,0.25,0.3,0.1,8.0,2.0,75,0.7730013743819544,0.0,0.4403597634139003,11.478406355646385,0.7730013743819542,37.32
7,0.25,0.3,0.18,8.0,2.0,75,0.7730013743819544,0.0,0.4403597634139003,11.478406355646385,0.7730013743819542,37.32
7,0.25,0.3,0.26,8.0,2.0,75,0.7730013743819544,0.0,0.4403597634139003,11.478406355646385,0.7730013743819542,37.32
11,0.25,0.3,0.05,8.0,2.0,75,0.7730013743819544,0.0,0.4403597634139003,11.478406355646385,0.7730013743819542,37.32
11,0.25,0.3,0.1,8.0,2.0,75,0.7730013743819544,0.0,0.4403597634139003,11.478406355646385,0.7730013743819542,37.32
11,0.25,0.3,0.18,8.0,2.0,75,0.7730013743819544,0.0,0.4403597634139003,11.478406355646385,0.7730013743819542,37.32
11,0.25,0.3,0.26,8.0,2.0,75,0.7730013743819544,0.0,0.4403597634139003,11.478406355646385,0.7730013743819542,37.32
15,0.25,0.3,0.05,8.0,2.0,75,0.7730013743819544,0.0,0.4403597634139003,11.478406355646385,0.7730013743819542,37.32
15,0.25,0.3,0.1,8.0,2.0,75,0.7730013743819544,0.0,0.4403597634139003,11.478406355646385,0.7730013743819542,37.32
15,0.25,0.3,0.18,8.0,2.0,75,0.7730013743819544,0.0,0.4403597634139003,11.478406355646385,0.7730013743819542,37.32
15,0.25,0.3,0.26,8.0,2.0,75,0.7730013743819544,0.0,0.4403597634139003,11.478406355646385,0.7730013743819542,37.32
7,0.35,0.42,0.05,13.0,0.6,35,0.7688031207212793,0.0,0.44903902940308593,9.391279326333768,0.7688031207212793,27.76
7,0.35,0.42,0.1,13.0,0.6,35,0.7688031207212793,0.0,0.44903902940308593,9.391279326333768,0.7688031207212793,27.76
7,0.35,0.42,0.18,13.0,0.6,35,0.7688031207212793,0.0,0.44903902940308593,9.391279326333768,0.7688031207212793,27.76
7,0.35,0.42,0.26,13.0,0.6,35,0.7688031207212793,0.0,0.44903902940308593,9.391279326333768,0.7688031207212793,27.76
11,0.35,0.42,0.05,13.0,0.6,35,0.7688031207212793,0.0,0.44903902940308593,9.391279326333768,0.7688031207212793,27.76
11,0.35,0.42,0.1,13.0,0.6,35,0.7688031207212793,0.0,0.44903902940308593,9.391279326333768,0.7688031207212793,27.76
11,0.35,0.42,0.18,13.0,0.6,35,0.7688031207212793,0.0,0.44903902940308593,9.391279326333768,0.7688031207212793,27.76
11,0.35,0.42,0.26,13.0,0.6,35,0.7688031207212793,0.0,0.44903902940308593,9.391279326333768,0.7688031207212793,27.76
15,0.35,0.42,0.05,13.0,0.6,35,0.7688031207212793,0.0,0.44903902940308593,9.391279326333768,0.7688031207212793,27.76
15,0.35,0.42,0.1,13.0,0.6,35,0.7688031207212793,0.0,0.44903902940308593,9.391279326333768,0.7688031207212793,27.76
15,0.35,0.42,0.18,13.0,0.6,35,0.7688031207212793,0.0,0.44903902940308593,9.391279326333768,0.7688031207212793,27.76
15,0.35,0.42,0.26,13.0,0.6,35,0.7688031207212793,0.0,0.44903902940308593,9.391279326333768,0.7688031207212793,27.76
7,0.25,0.42,0.05,18.0,0.6,75,0.7684296379948554,0.0,0.45954631707954086,9.583209888094604,0.7684296379948553,27.2
7,0.25,0.42,0.1,18.0,0.6,75,0.7684296379948554,0.0,0.45954631707954086,9.583209888094604,0.7684296379948553,27.2
7,0.25,0.42,0.18,18.0,0.6,75,0.7684296379948554,0.0,0.45954631707954086,9.583209888094604,0.7684296379948553,27.2
7,0.25,0.42,0.26,18.0,0.6,75,0.7684296379948554,0.0,0.45954631707954086,9.583209888094604,0.7684296379948553,27.2
11,0.25,0.42,0.05,18.0,0.6,75,0.7684296379948554,0.0,0.45954631707954086,9.583209888094604,0.7684296379948553,27.2
11,0.25,0.42,0.1,18.0,0.6,75,0.7684296379948554,0.0,0.45954631707954086,9.583209888094604,0.7684296379948553,27.2
11,0.25,0.42,0.18,18.0,0.6,75,0.7684296379948554,0.0,0.45954631707954086,9.583209888094604,0.7684296379948553,27.2
11,0.25,0.42,0.26,18.0,0.6,75,0.7684296379948554,0.0,0.45954631707954086,9.583209888094604,0.7684296379948553,27.2
15,0.25,0.42,0.05,18.0,0.6,75,0.7684296379948554,0.0,0.45954631707954086,9.583209888094604,0.7684296379948553,27.2
15,0.25,0.42,0.1,18.0,0.6,75,0.7684296379948554,0.0,0.45954631707954086,9.583209888094604,0.7684296379948553,27.2
15,0.25,0.42,0.18,18.0,0.6,75,0.7684296379948554,0.0,0.45954631707954086,9.583209888094604,0.7684296379948553,27.2
15,0.25,0.42,0.26,18.0,0.6,75,0.7684296379948554,0.0,0.45954631707954086,9.583209888094604,0.7684296379948553,27.2
7,0.35,0.3,0.05,13.0,0.6,75,0.7649383864217625,0.0,0.4528192750490903,9.529037547708274,0.7649383864217625,27.6
7,0.35,0.3,0.1,13.0,0.6,75,0.7649383864217625,0.0,0.4528192750490903,9.529037547708274,0.7649383864217625,27.6
7,0.35,0.3,0.18,13.0,0.6,75,0.7649383864217625,0.0,0.4528192750490903,9.529037547708274,0.7649383864217625,27.6
7,0.35,0.3,0.26,13.0,0.6,75,0.7649383864217625,0.0,0.4528192750490903,9.529037547708274,0.7649383864217625,27.6
11,0.35,0.3,0.05,13.0,0.6,75,0.7649383864217625,0.0,0.4528192750490903,9.529037547708274,0.7649383864217625,27.6
11,0.35,0.3,0.1,13.0,0.6,75,0.7649383864217625,0.0,0.4528192750490903,9.529037547708274,0.7649383864217625,27.6
11,0.35,0.3,0.18,13.0,0.6,75,0.7649383864217625,0.0,0.4528192750490903,9.529037547708274,0.7649383864217625,27.6
11,0.35,0.3,0.26,13.0,0.6,75,0.7649383864217625,0.0,0.4528192750490903,9.529037547708274,0.7649383864217625,27.6
15,0.35,0.3,0.05,13.0,0.6,75,0.7649383864217625,0.0,0.4528192750490903,9.529037547708274,0.7649383864217625,27.6
15,0.35,0.3,0.1,13.0,0.6,75,0.7649383864217625,0.0,0.4528192750490903,9.529037547708274,0.7649383864217625,27.6
15,0.35,0.3,0.18,13.0,0.6,75,0.7649383864217625,0.0,0.4528192750490903,9.529037547708274,0.7649383864217625,27.6
15,0.35,0.3,0.26,13.0,0.6,75,0.7649383864217625,0.0,0.4528192750490903,9.529037547708274,0.7649383864217625,27.6
7,0.25,0.3,0.05,8.0,2.0,35,0.7584370840184793,0.0,0.43246465655686817,11.478406355646385,0.7584370840184793,38.32
7,0.25,0.3,0.1,8.0,2.0,35,0.7584370840184793,0.0,0.43246465655686817,11.478406355646385,0.7584370840184793,38.32
7,0.25,0.3,0.18,8.0,2.0,35,0.7584370840184793,0.0,0.43246465655686817,11.478406355646385,0.7584370840184793,38.32
7,0.25,0.3,0.26,8.0,2.0,35,0.7584370840184793,0.0,0.43246465655686817,11.478406355646385,0.7584370840184793,38.32
11,0.25,0.3,0.05,8.0,2.0,35,0.7584370840184793,0.0,0.43246465655686817,11.478406355646385,0.7584370840184793,38.32
11,0.25,0.3,0.1,8.0,2.0,35,0.7584370840184793,0.0,0.43246465655686817,11.478406355646385,0.7584370840184793,38.32
11,0.25,0.3,0.18,8.0,2.0,35,0.7584370840184793,0.0,0.43246465655686817,11.478406355646385,0.7584370840184793,38.32
11,0.25,0.3,0.26,8.0,2.0,35,0.7584370840184793,0.0,0.43246465655686817,11.478406355646385,0.7584370840184793,38.32
15,0.25,0.3,0.05,8.0,2.0,35,0.7584370840184793,0.0,0.43246465655686817,11.478406355646385,0.7584370840184793,38.32
15,0.25,0.3,0.1,8.0,2.0,35,0.7584370840184793,0.0,0.43246465655686817,11.478406355646385,0.7584370840184793,38.32
15,0.25,0.3,0.18,8.0,2.0,35,0.7584370840184793,0.0,0.43246465655686817,11.478406355646385,0.7584370840184793,38.32
15,0.25,0.3,0.26,8.0,2.0,35,0.7584370840184793,0.0,0.43246465655686817,11.478406355646385,0.7584370840184793,38.32
7,0.45,0.55,0.05,18.0,0.6,75,0.7580849141824751,0.0,0.41186999367039895,6.61364434928293,0.7580849141824751,21.88
7,0.45,0.55,0.1,18.0,0.6,75,0.7580849141824751,0.0,0.41186999367039895,6.61364434928293,0.7580849141824751,21.88
7,0.45,0.55,0.18,18.0,0.6,75,0.7580849141824751,0.0,0.41186999367039895,6.61364434928293,0.7580849141824751,21.88
7,0.45,0.55,0.26,18.0,0.6,75,0.7580849141824751,0.0,0.41186999367039895,6.61364434928293,0.7580849141824751,21.88
11,0.45,0.55,0.05,18.0,0.6,75,0.7580849141824751,0.0,0.41186999367039895,6.61364434928293,0.7580849141824751,21.88
11,0.45,0.55,0.1,18.0,0.6,75,0.7580849141824751,0.0,0.41186999367039895,6.61364434928293,0.7580849141824751,21.88
11,0.45,0.55,0.18,18.0,0.6,75,0.7580849141824751,0.0,0.41186999367039895,6.61364434928293,0.7580849141824751,21.88
11,0.45,0.55,0.26,18.0,0.6,75,0.7580849141824751,0.0,0.41186999367039895,6.61364434928293,0.7580849141824751,21.88
15,0.45,0.55,0.05,18.0,0.6,75,0.7580849141824751,0.0,0.41186999367039895,6.61364434928293,0.7580849141824751,21.88
15,0.45,0.55,0.1,18.0,0.6,75,0.7580849141824751,0.0,0.41186999367039895,6.61364434928293,0.7580849141824751,21.88
15,0.45,0.55,0.18,18.0,0.6,75,0.7580849141824751,0.0,0.41186999367039895,6.61364434928293,0.7580849141824751,21.88
15,0.45,0.55,0.26,18.0,0.6,75,0.7580849141824751,0.0,0.41186999367039895,6.61364434928293,0.7580849141824751,21.88
7,0.35,0.3,0.05,13.0,0.6,35,0.7545154198253181,0.0,0.4466101952178942,9.529037547708274,0.7545154198253181,28.08
7,0.35,0.3,0.1,13.0,0.6,35,0.7545154198253181,0.0,0.4466101952178942,9.529037547708274,0.7545154198253181,28.08
7,0.35,0.3,0.18,13.0,0.6,35,0.7545154198253181,0.0,0.4466101952178942,9.529037547708274,0.7545154198253181,28.08
7,0.35,0.3,0.26,13.0,0.6,35,0.7545154198253181,0.0,0.4466101952178942,9.529037547708274,0.7545154198253181,28.08
11,0.35,0.3,0.05,13.0,0.6,35,0.7545154198253181,0.0,0.4466101952178942,9.529037547708274,0.7545154198253181,28.08
11,0.35,0.3,0.1,13.0,0.6,35,0.7545154198253181,0.0,0.4466101952178942,9.529037547708274,0.7545154198253181,28.08
11,0.35,0.3,0.18,13.0,0.6,35,0.7545154198253181,0.0,0.4466101952178942,9.529037547708274,0.7545154198253181,28.08
11,0.35,0.3,0.26,13.0,0.6,35,0.7545154198253181,0.0,0.4466101952178942,9.529037547708274,0.7545154198253181,28.08
15,0.35,0.3,0.05,13.0,0.6,35,0.7545154198253181,0.0,0.4466101952178942,9.529037547708274,0.7545154198253181,28.08
15,0.35,0.3,0.1,13.0,0.6,35,0.7545154198253181,0.0,0.4466101952178942,9.529037547708274,0.7545154198253181,28.08
15,0.35,0.3,0.18,13.0,0.6,35,0.7545154198253181,0.0,0.4466101952178942,9.529037547708274,0.7545154198253181,28.08
15,0.35,0.3,0.26,13.0,0.6,35,0.7545154198253181,0.0,0.4466101952178942,9.529037547708274,0.7545154198253181,28.08
7,0.55,0.55,0.05,18.0,1.2,35,0.7536996336996337,0.0,0.40015518733002625,6.406361232487293,0.7536996336996338,19.32
7,0.55,0.55,0.05,18.0,1.2,75,0.7536996336996337,0.0,0.40015518733002625,6.406361232487293,0.7536996336996338,19.28
7,0.55,0.55,0.1,18.0,1.2,35,0.7536996336996337,0.0,0.40015518733002625,6.406361232487293,0.7536996336996338,19.32
7,0.55,0.55,0.1,18.0,1.2,75,0.7536996336996337,0.0,0.40015518733002625,6.406361232487293,0.7536996336996338,19.28
7,0.55,0.55,0.18,18.0,1.2,35,0.7536996336996337,0.0,0.40015518733002625,6.406361232487293,0.7536996336996338,19.32
7,0.55,0.55,0.18,18.0,1.2,75,0.7536996336996337,0.0,0.40015518733002625,6.406361232487293,0.7536996336996338,19.28
7,0.55,0.55,0.26,18.0,1.2,35,0.7536996336996337,0.0,0.40015518733002625,6.406361232487293,0.7536996336996338,19.32
7,0.55,0.55,0.26,18.0,1.2,75,0.7536996336996337,0.0,0.40015518733002625,6.406361232487293,0.7536996336996338,19.28
11,0.55,0.55,0.05,18.0,1.2,35,0.7536996336996337,0.0,0.40015518733002625,6.406361232487293,0.7536996336996338,19.32
11,0.55,0.55,0.05,18.0,1.2,75,0.7536996336996337,0.0,0.40015518733002625,6.406361232487293,0.7536996336996338,19.28
11,0.55,0.55,0.1,18.0,1.2,75,0.7536996336996337,0.0,0.40015518733002625,6.406361232487293,0.7536996336996338,19.28
11,0.55,0.55,0.1,18.0,1.2,35,0.7536996336996337,0.0,0.40015518733002625,6.406361232487293,0.7536996336996338,19.32
11,0.55,0.55,0.18,18.0,1.2,35,0.7536996336996337,0.0,0.40015518733002625,6.406361232487293,0.7536996336996338,19.32
11,0.55,0.55,0.18,18.0,1.2,75,0.7536996336996337,0.0,0.40015518733002625,6.406361232487293,0.7536996336996338,19.28
11,0.55,0.55,0.26,18.0,1.2,35,0.7536996336996337,0.0,0.40015518733002625,6.406361232487293,0.7536996336996338,19.32
11,0.55,0.55,0.26,18.0,1.2,75,0.7536996336996337,0.0,0.40015518733002625,6.406361232487293,0.7536996336996338,19.28
15,0.55,0.55,0.05,18.0,1.2,75,0.7536996336996337,0.0,0.40015518733002625,6.406361232487293,0.7536996336996338,19.28
15,0.55,0.55,0.05,18.0,1.2,35,0.7536996336996337,0.0,0.40015518733002625,6.406361232487293,0.7536996336996338,19.32
15,0.55,0.55,0.1,18.0,1.2,35,0.7536996336996337,0.0,0.40015518733002625,6.406361232487293,0.7536996336996338,19.32
15,0.55,0.55,0.1,18.0,1.2,75,0.7536996336996337,0.0,0.40015518733002625,6.406361232487293,0.7536996336996338,19.28
15,0.55,0.55,0.18,18.0,1.2,35,0.7536996336996337,0.0,0.40015518733002625,6.406361232487293,0.7536996336996338,19.32
15,0.55,0.55,0.18,18.0,1.2,75,0.7536996336996337,0.0,0.40015518733002625,6.406361232487293,0.7536996336996338,19.28
15,0.55,0.55,0.26,18.0,1.2,75,0.7536996336996337,0.0,0.40015518733002625,6.406361232487293,0.7536996336996338,19.28
15,0.55,0.55,0.26,18.0,1.2,35,0.7536996336996337,0.0,0.40015518733002625,6.406361232487293,0.7536996336996338,19.32
7,0.45,0.55,0.05,18.0,0.6,35,0.7475029036004646,0.0,0.4064539994355502,6.61364434928293,0.7475029036004646,22.08
7,0.45,0.55,0.1,18.0,0.6,35,0.7475029036004646,0.0,0.4064539994355502,6.61364434928293,0.7475029036004646,22.08
7,0.45,0.55,0.18,18.0,0.6,35,0.7475029036004646,0.0,0.4064539994355502,6.61364434928293,0.7475029036004646,22.08
7,0.45,0.55,0.26,18.0,0.6,35,0.7475029036004646,0.0,0.4064539994355502,6.61364434928293,0.7475029036004646,22.08
11,0.45,0.55,0.05,18.0,0.6,35,0.7475029036004646,0.0,0.4064539994355502,6.61364434928293,0.7475029036004646,22.08
11,0.45,0.55,0.1,18.0,0.6,35,0.7475029036004646,0.0,0.4064539994355502,6.61364434928293,0.7475029036004646,22.08
11,0.45,0.55,0.18,18.0,0.6,35,0.7475029036004646,0.0,0.4064539994355502,6.61364434928293,0.7475029036004646,22.08
11,0.45,0.55,0.26,18.0,0.6,35,0.7475029036004646,0.0,0.4064539994355502,6.61364434928293,0.7475029036004646,22.08
15,0.45,0.55,0.05,18.0,0.6,35,0.7475029036004646,0.0,0.4064539994355502,6.61364434928293,0.7475029036004646,22.08
15,0.45,0.55,0.1,18.0,0.6,35,0.7475029036004646,0.0,0.4064539994355502,6.61364434928293,0.7475029036004646,22.08
15,0.45,0.55,0.18,18.0,0.6,35,0.7475029036004646,0.0,0.4064539994355502,6.61364434928293,0.7475029036004646,22.08
15,0.45,0.55,0.26,18.0,0.6,35,0.7475029036004646,0.0,0.4064539994355502,6.61364434928293,0.7475029036004646,22.08
7,0.25,0.42,0.05,18.0,0.6,35,0.7421602074701057,0.0,0.44374308161234755,9.583209888094604,0.7421602074701057,28.24
7,0.25,0.42,0.1,18.0,0.6,35,0.7421602074701057,0.0,0.44374308161234755,9.583209888094604,0.7421602074701057,28.16
7,0.25,0.42,0.18,18.0,0.6,35,0.7421602074701057,0.0,0.44374308161234755,9.583209888094604,0.7421602074701057,28.16
7,0.25,0.42,0.26,18.0,0.6,35,0.7421602074701057,0.0,0.44374308161234755,9.583209888094604,0.7421602074701057,28.16
11,0.25,0.42,0.05,18.0,0.6,35,0.7421602074701057,0.0,0.44374308161234755,9.583209888094604,0.7421602074701057,28.24
11,0.25,0.42,0.1,18.0,0.6,35,0.7421602074701057,0.0,0.44374308161234755,9.583209888094604,0.7421602074701057,28.16
11,0.25,0.42,0.18,18.0,0.6,35,0.7421602074701057,0.0,0.44374308161234755,9.583209888094604,0.7421602074701057,28.16
11,0.25,0.42,0.26,18.0,0.6,35,0.7421602074701057,0.0,0.44374308161234755,9.583209888094604,0.7421602074701057,28.16
15,0.25,0.42,0.05,18.0,0.6,35,0.7421602074701057,0.0,0.44374308161234755,9.583209888094604,0.7421602074701057,28.24
15,0.25,0.42,0.1,18.0,0.6,35,0.7421602074701057,0.0,0.44374308161234755,9.583209888094604,0.7421602074701057,28.16
15,0.25,0.42,0.18,18.0,0.6,35,0.7421602074701057,0.0,0.44374308161234755,9.583209888094604,0.7421602074701057,28.16
15,0.25,0.42,0.26,18.0,0.6,35,0.7421602074701057,0.0,0.44374308161234755,9.583209888094604,0.7421602074701057,28.16
7,0.45,0.55,0.05,13.0,0.6,75,0.7384274640088594,0.0,0.4013868745454315,6.621747353574777,0.7384274640088593,23.52
7,0.45,0.55,0.1,13.0,0.6,75,0.7384274640088594,0.0,0.4013868745454315,6.621747353574777,0.7384274640088593,23.52
7,0.45,0.55,0.18,13.0,0.6,75,0.7384274640088594,0.0,0.4013868745454315,6.621747353574777,0.7384274640088593,23.52
7,0.45,0.55,0.26,13.0,0.6,75,0.7384274640088594,0.0,0.4013868745454315,6.621747353574777,0.7384274640088593,23.52
11,0.45,0.55,0.05,13.0,0.6,75,0.7384274640088594,0.0,0.4013868745454315,6.621747353574777,0.7384274640088593,23.52
11,0.45,0.55,0.1,13.0,0.6,75,0.7384274640088594,0.0,0.4013868745454315,6.621747353574777,0.7384274640088593,23.52
11,0.45,0.55,0.18,13.0,0.6,75,0.7384274640088594,0.0,0.4013868745454315,6.621747353574777,0.7384274640088593,23.52
11,0.45,0.55,0.26,13.0,0.6,75,0.7384274640088594,0.0,0.4013868745454315,6.621747353574777,0.7384274640088593,23.52
15,0.45,0.55,0.05,13.0,0.6,75,0.7384274640088594,0.0,0.4013868745454315,6.621747353574777,0.7384274640088593,23.52
15,0.45,0.55,0.1,13.0,0.6,75,0.7384274640088594,0.0,0.4013868745454315,6.621747353574777,0.7384274640088593,23.52
15,0.45,0.55,0.18,13.0,0.6,75,0.7384274640088594,0.0,0.4013868745454315,6.621747353574777,0.7384274640088593,23.52
15,0.45,0.55,0.26,13.0,0.6,75,0.7384274640088594,0.0,0.4013868745454315,6.621747353574777,0.7384274640088593,23.52
7,0.45,0.55,0.05,8.0,1.2,75,0.7332230189373046,0.0,0.39032879873420073,8.536209699668053,0.7332230189373046,28.76
7,0.45,0.55,0.1,8.0,1.2,75,0.7332230189373046,0.0,0.39032879873420073,8.536209699668053,0.7332230189373046,28.76
7,0.45,0.55,0.18,8.0,1.2,75,0.7332230189373046,0.0,0.39032879873420073,8.536209699668053,0.7332230189373046,28.76
7,0.45,0.55,0.26,8.0,1.2,75,0.7332230189373046,0.0,0.39032879873420073,8.536209699668053,0.7332230189373046,28.76
11,0.45,0.55,0.05,8.0,1.2,75,0.7332230189373046,0.0,0.39032879873420073,8.536209699668053,0.7332230189373046,28.76
11,0.45,0.55,0.1,8.0,1.2,75,0.7332230189373046,0.0,0.39032879873420073,8.536209699668053,0.7332230189373046,28.76
11,0.45,0.55,0.18,8.0,1.2,75,0.7332230189373046,0.0,0.39032879873420073,8.536209699668053,0.7332230189373046,28.76
11,0.45,0.55,0.26,8.0,1.2,75,0.7332230189373046,0.0,0.39032879873420073,8.536209699668053,0.7332230189373046,28.76
15,0.45,0.55,0.05,8.0,1.2,75,0.7332230189373046,0.0,0.39032879873420073,8.536209699668053,0.7332230189373046,28.76
15,0.45,0.55,0.1,8.0,1.2,75,0.7332230189373046,0.0,0.39032879873420073,8.536209699668053,0.7332230189373046,28.76
15,0.45,0.55,0.18,8.0,1.2,75,0.7332230189373046,0.0,0.39032879873420073,8.536209699668053,0.7332230189373046,28.76
15,0.45,0.55,0.26,8.0,1.2,75,0.7332230189373046,0.0,0.39032879873420073,8.536209699668053,0.7332230189373046,28.76
7,0.45,0.55,0.05,13.0,0.6,35,0.7285752472600909,0.0,0.3963443971543654,6.621747353574777,0.7285752472600908,23.84
7,0.45,0.55,0.1,13.0,0.6,35,0.7285752472600909,0.0,0.3963443971543654,6.621747353574777,0.7285752472600908,23.84
7,0.45,0.55,0.18,13.0,0.6,35,0.7285752472600909,0.0,0.3963443971543654,6.621747353574777,0.7285752472600908,23.84
7,0.45,0.55,0.26,13.0,0.6,35,0.7285752472600909,0.0,0.3963443971543654,6.621747353574777,0.7285752472600908,23.84
11,0.45,0.55,0.05,13.0,0.6,35,0.7285752472600909,0.0,0.3963443971543654,6.621747353574777,0.7285752472600908,23.84
11,0.45,0.55,0.1,13.0,0.6,35,0.7285752472600909,0.0,0.3963443971543654,6.621747353574777,0.7285752472600908,23.84
11,0.45,0.55,0.18,13.0,0.6,35,0.7285752472600909,0.0,0.3963443971543654,6.621747353574777,0.7285752472600908,23.84
11,0.45,0.55,0.26,13.0,0.6,35,0.7285752472600909,0.0,0.3963443971543654,6.621747353574777,0.7285752472600908,23.84
15,0.45,0.55,0.05,13.0,0.6,35,0.7285752472600909,0.0,0.3963443971543654,6.621747353574777,0.7285752472600908,23.84
15,0.45,0.55,0.1,13.0,0.6,35,0.7285752472600909,0.0,0.3963443971543654,6.621747353574777,0.7285752472600908,23.84
15,0.45,0.55,0.18,13.0,0.6,35,0.7285752472600909,0.0,0.3963443971543654,6.621747353574777,0.7285752472600908,23.84
15,0.45,0.55,0.26,13.0,0.6,35,0.7285752472600909,0.0,0.3963443971543654,6.621747353574777,0.7285752472600908,23.84
7,0.45,0.55,0.05,8.0,1.2,35,0.726820457912895,0.0,0.38671849601004465,8.536209699668053,0.7268204579128948,28.96
7,0.45,0.55,0.1,8.0,1.2,35,0.726820457912895,0.0,0.38671849601004465,8.536209699668053,0.7268204579128948,28.96
7,0.45,0.55,0.18,8.0,1.2,35,0.726820457912895,0.0,0.38671849601004465,8.536209699668053,0.7268204579128948,28.96
7,0.45,0.55,0.26,8.0,1.2,35,0.726820457912895,0.0,0.38671849601004465,8.536209699668053,0.7268204579128948,28.96
11,0.45,0.55,0.05,8.0,1.2,35,0.726820457912895,0.0,0.38671849601004465,8.536209699668053,0.7268204579128948,28.96
11,0.45,0.55,0.1,8.0,1.2,35,0.726820457912895,0.0,0.38671849601004465,8.536209699668053,0.7268204579128948,28.96
11,0.45,0.55,0.18,8.0,1.2,35,0.726820457912895,0.0,0.38671849601004465,8.536209699668053,0.7268204579128948,28.96
11,0.45,0.55,0.26,8.0,1.2,35,0.726820457912895,0.0,0.38671849601004465,8.536209699668053,0.7268204579128948,28.96
15,0.45,0.55,0.05,8.0,1.2,35,0.726820457912895,0.0,0.38671849601004465,8.536209699668053,0.7268204579128948,28.96
15,0.45,0.55,0.1,8.0,1.2,35,0.726820457912895,0.0,0.38671849601004465,8.536209699668053,0.7268204579128948,28.96
15,0.45,0.55,0.18,8.0,1.2,35,0.726820457912895,0.0,0.38671849601004465,8.536209699668053,0.7268204579128948,28.96
15,0.45,0.55,0.26,8.0,1.2,35,0.726820457912895,0.0,0.38671849601004465,8.536209699668053,0.7268204579128948,28.96
7,0.55,0.55,0.05,13.0,1.2,75,0.7190304751280361,0.0,0.3822986270868155,6.417133878700489,0.7190304751280361,20.92
7,0.55,0.55,0.05,13.0,1.2,35,0.7190304751280361,0.0,0.3822986270868155,6.417133878700489,0.7190304751280361,20.96
7,0.55,0.55,0.1,13.0,1.2,35,0.7190304751280361,0.0,0.3822986270868155,6.417133878700489,0.7190304751280361,20.96
7,0.55,0.55,0.1,13.0,1.2,75,0.7190304751280361,0.0,0.3822986270868155,6.417133878700489,0.7190304751280361,20.92
7,0.55,0.55,0.18,13.0,1.2,35,0.7190304751280361,0.0,0.3822986270868155,6.417133878700489,0.7190304751280361,20.96
7,0.55,0.55,0.18,13.0,1.2,75,0.7190304751280361,0.0,0.3822986270868155,6.417133878700489,0.7190304751280361,20.92
7,0.55,0.55,0.26,13.0,1.2,35,0.7190304751280361,0.0,0.3822986270868155,6.417133878700489,0.7190304751280361,20.96
7,0.55,0.55,0.26,13.0,1.2,75,0.7190304751280361,0.0,0.3822986270868155,6.417133878700489,0.7190304751280361,20.92
11,0.55,0.55,0.05,13.0,1.2,75,0.7190304751280361,0.0,0.3822986270868155,6.417133878700489,0.7190304751280361,20.92
11,0.55,0.55,0.05,13.0,1.2,35,0.7190304751280361,0.0,0.3822986270868155,6.417133878700489,0.7190304751280361,20.96
11,0.55,0.55,0.1,13.0,1.2,75,0.7190304751280361,0.0,0.3822986270868155,6.417133878700489,0.7190304751280361,20.92
11,0.55,0.55,0.1,13.0,1.2,35,0.7190304751280361,0.0,0.3822986270868155,6.417133878700489,0.7190304751280361,20.96
11,0.55,0.55,0.18,13.0,1.2,35,0.7190304751280361,0.0,0.3822986270868155,6.417133878700489,0.7190304751280361,20.96
11,0.55,0.55,0.18,13.0,1.2,75,0.7190304751280361,0.0,0.3822986270868155,6.417133878700489,0.7190304751280361,20.92
11,0.55,0.55,0.26,13.0,1.2,35,0.7190304751280361,0.0,0.3822986270868155,6.417133878700489,0.7190304751280361,20.96
11,0.55,0.55,0.26,13.0,1.2,75,0.7190304751280361,0.0,0.3822986270868155,6.417133878700489,0.7190304751280361,20.92
15,0.55,0.55,0.05,13.0,1.2,35,0.7190304751280361,0.0,0.3822986270868155,6.417133878700489,0.7190304751280361,20.96
15,0.55,0.55,0.05,13.0,1.2,75,0.7190304751280361,0.0,0.3822986270868155,6.417133878700489,0.7190304751280361,20.92
15,0.55,0.55,0.1,13.0,1.2,35,0.7190304751280361,0.0,0.3822986270868155,6.417133878700489,0.7190304751280361,20.96
15,0.55,0.55,0.1,13.0,1.2,75,0.7190304751280361,0.0,0.3822986270868155,6.417133878700489,0.7190304751280361,20.92
15,0.55,0.55,0.18,13.0,1.2,75,0.7190304751280361,0.0,0.3822986270868155,6.417133878700489,0.7190304751280361,20.92
15,0.55,0.55,0.18,13.0,1.2,35,0.7190304751280361,0.0,0.3822986270868155,6.417133878700489,0.7190304751280361,20.96
15,0.55,0.55,0.26,13.0,1.2,35,0.7190304751280361,0.0,0.3822986270868155,6.417133878700489,0.7190304751280361,20.96
15,0.55,0.55,0.26,13.0,1.2,75,0.7190304751280361,0.0,0.3822986270868155,6.417133878700489,0.7190304751280361,20.92
7,0.25,0.55,0.05,13.0,1.2,75,0.6940370553631315,0.0,0.37916726841364445,8.740559269120393,0.6940370553631315,29.04
7,0.25,0.55,0.1,13.0,1.2,75,0.6940370553631315,0.0,0.37916726841364445,8.740559269120393,0.6940370553631315,29.04
7,0.25,0.55,0.18,13.0,1.2,75,0.6940370553631315,0.0,0.37916726841364445,8.740559269120393,0.6940370553631315,29.04
7,0.25,0.55,0.26,13.0,1.2,75,0.6940370553631315,0.0,0.37916726841364445,8.740559269120393,0.6940370553631315,29.04
11,0.25,0.55,0.05,13.0,1.2,75,0.6940370553631315,0.0,0.37916726841364445,8.740559269120393,0.6940370553631315,29.04
11,0.25,0.55,0.1,13.0,1.2,75,0.6940370553631315,0.0,0.37916726841364445,8.740559269120393,0.6940370553631315,29.04
11,0.25,0.55,0.18,13.0,1.2,75,0.6940370553631315,0.0,0.37916726841364445,8.740559269120393,0.6940370553631315,29.04
11,0.25,0.55,0.26,13.0,1.2,75,0.6940370553631315,0.0,0.37916726841364445,8.740559269120393,0.6940370553631315,29.04
15,0.25,0.55,0.05,13.0,1.2,75,0.6940370553631315,0.0,0.37916726841364445,8.740559269120393,0.6940370553631315,29.04
15,0.25,0.55,0.1,13.0,1.2,75,0.6940370553631315,0.0,0.37916726841364445,8.740559269120393,0.6940370553631315,29.04
15,0.25,0.55,0.18,13.0,1.2,75,0.6940370553631315,0.0,0.37916726841364445,8.740559269120393,0.6940370553631315,29.04
15,0.25,0.55,0.26,13.0,1.2,75,0.6940370553631315,0.0,0.37916726841364445,8.740559269120393,0.6940370553631315,29.04
7,0.25,0.55,0.05,13.0,1.2,35,0.6792606370611486,0.0,0.37109330465203205,8.740559269120393,0.6792606370611485,30.0
7,0.25,0.55,0.1,13.0,1.2,35,0.6792606370611486,0.0,0.37109330465203205,8.740559269120393,0.6792606370611485,30.0
7,0.25,0.55,0.18,13.0,1.2,35,0.6792606370611486,0.0,0.37109330465203205,8.740559269120393,0.6792606370611485,30.0
7,0.25,0.55,0.26,13.0,1.2,35,0.6792606370611486,0.0,0.37109330465203205,8.740559269120393,0.6792606370611485,30.0
11,0.25,0.55,0.05,13.0,1.2,35,0.6792606370611486,0.0,0.37109330465203205,8.740559269120393,0.6792606370611485,30.0
11,0.25,0.55,0.1,13.0,1.2,35,0.6792606370611486,0.0,0.37109330465203205,8.740559269120393,0.6792606370611485,30.0
11,0.25,0.55,0.18,13.0,1.2,35,0.6792606370611486,0.0,0.37109330465203205,8.740559269120393,0.6792606370611485,30.0
11,0.25,0.55,0.26,13.0,1.2,35,0.6792606370611486,0.0,0.37109330465203205,8.740559269120393,0.6792606370611485,30.0
15,0.25,0.55,0.05,13.0,1.2,35,0.6792606370611486,0.0,0.37109330465203205,8.740559269120393,0.6792606370611485,30.0
15,0.25,0.55,0.1,13.0,1.2,35,0.6792606370611486,0.0,0.37109330465203205,8.740559269120393,0.6792606370611485,30.0
15,0.25,0.55,0.18,13.0,1.2,35,0.6792606370611486,0.0,0.37109330465203205,8.740559269120393,0.6792606370611485,30.0
15,0.25,0.55,0.26,13.0,1.2,35,0.6792606370611486,0.0,0.37109330465203205,8.740559269120393,0.6792606370611485,30.0
7,0.35,0.55,0.05,24.0,0.6,75,0.666916823014384,0.0,0.36754077512969663,6.656680717906266,0.666916823014384,22.36
7,0.35,0.55,0.1,24.0,0.6,75,0.666916823014384,0.0,0.36754077512969663,6.656680717906266,0.666916823014384,22.32
7,0.35,0.55,0.18,24.0,0.6,75,0.666916823014384,0.0,0.36754077512969663,6.656680717906266,0.666916823014384,22.32
7,0.35,0.55,0.26,24.0,0.6,75,0.666916823014384,0.0,0.36754077512969663,6.656680717906266,0.666916823014384,22.32
11,0.35,0.55,0.05,24.0,0.6,75,0.666916823014384,0.0,0.36754077512969663,6.656680717906266,0.666916823014384,22.36
11,0.35,0.55,0.1,24.0,0.6,75,0.666916823014384,0.0,0.36754077512969663,6.656680717906266,0.666916823014384,22.32
11,0.35,0.55,0.18,24.0,0.6,75,0.666916823014384,0.0,0.36754077512969663,6.656680717906266,0.666916823014384,22.32
11,0.35,0.55,0.26,24.0,0.6,75,0.666916823014384,0.0,0.36754077512969663,6.656680717906266,0.666916823014384,22.32
15,0.35,0.55,0.05,24.0,0.6,75,0.666916823014384,0.0,0.36754077512969663,6.656680717906266,0.666916823014384,22.36
15,0.35,0.55,0.1,24.0,0.6,75,0.666916823014384,0.0,0.36754077512969663,6.656680717906266,0.666916823014384,22.32
15,0.35,0.55,0.18,24.0,0.6,75,0.666916823014384,0.0,0.36754077512969663,6.656680717906266,0.666916823014384,22.32
15,0.35,0.55,0.26,24.0,0.6,75,0.666916823014384,0.0,0.36754077512969663,6.656680717906266,0.666916823014384,22.32
7,0.35,0.55,0.05,24.0,0.6,35,0.6617886178861788,0.0,0.3648713146359732,6.656680717906266,0.6617886178861789,22.76
7,0.35,0.55,0.1,24.0,0.6,35,0.6617886178861788,0.0,0.3648713146359732,6.656680717906266,0.6617886178861789,22.68
7,0.35,0.55,0.18,24.0,0.6,35,0.6617886178861788,0.0,0.3648713146359732,6.656680717906266,0.6617886178861789,22.68
7,0.35,0.55,0.26,24.0,0.6,35,0.6617886178861788,0.0,0.3648713146359732,6.656680717906266,0.6617886178861789,22.68
11,0.35,0.55,0.05,24.0,0.6,35,0.6617886178861788,0.0,0.3648713146359732,6.656680717906266,0.6617886178861789,22.76
11,0.35,0.55,0.1,24.0,0.6,35,0.6617886178861788,0.0,0.3648713146359732,6.656680717906266,0.6617886178861789,22.68
11,0.35,0.55,0.18,24.0,0.6,35,0.6617886178861788,0.0,0.3648713146359732,6.656680717906266,0.6617886178861789,22.68
11,0.35,0.55,0.26,24.0,0.6,35,0.6617886178861788,0.0,0.3648713146359732,6.656680717906266,0.6617886178861789,22.68
15,0.35,0.55,0.05,24.0,0.6,35,0.6617886178861788,0.0,0.3648713146359732,6.656680717906266,0.6617886178861789,22.76
15,0.35,0.55,0.1,24.0,0.6,35,0.6617886178861788,0.0,0.3648713146359732,6.656680717906266,0.6617886178861789,22.68
15,0.35,0.55,0.18,24.0,0.6,35,0.6617886178861788,0.0,0.3648713146359732,6.656680717906266,0.6617886178861789,22.68
15,0.35,0.55,0.26,24.0,0.6,35,0.6617886178861788,0.0,0.3648713146359732,6.656680717906266,0.6617886178861789,22.68
7,0.35,0.55,0.05,24.0,1.2,35,0.6355442739947761,0.0,0.3374632222526277,6.3888376175563675,0.6355442739947761,22.88
7,0.35,0.55,0.05,24.0,1.2,75,0.6355442739947761,0.0,0.3374632222526277,6.3888376175563675,0.6355442739947761,22.52
7,0.35,0.55,0.1,24.0,1.2,75,0.6355442739947761,0.0,0.3374632222526277,6.3888376175563675,0.6355442739947761,22.44
7,0.35,0.55,0.1,24.0,1.2,35,0.6355442739947761,0.0,0.3374632222526277,6.3888376175563675,0.6355442739947761,22.8
7,0.35,0.55,0.18,24.0,1.2,35,0.6355442739947761,0.0,0.3374632222526277,6.3888376175563675,0.6355442739947761,22.8
7,0.35,0.55,0.18,24.0,1.2,75,0.6355442739947761,0.0,0.3374632222526277,6.3888376175563675,0.6355442739947761,22.44
7,0.35,0.55,0.26,24.0,1.2,75,0.6355442739947761,0.0,0.3374632222526277,6.3888376175563675,0.6355442739947761,22.44
7,0.35,0.55,0.26,24.0,1.2,35,0.6355442739947761,0.0,0.3374632222526277,6.3888376175563675,0.6355442739947761,22.8
11,0.35,0.55,0.05,24.0,1.2,35,0.6355442739947761,0.0,0.3374632222526277,6.3888376175563675,0.6355442739947761,22.88
11,0.35,0.55,0.05,24.0,1.2,75,0.6355442739947761,0.0,0.3374632222526277,6.3888376175563675,0.6355442739947761,22.52
11,0.35,0.55,0.1,24.0,1.2,35,0.6355442739947761,0.0,0.3374632222526277,6.3888376175563675,0.6355442739947761,22.8
11,0.35,0.55,0.1,24.0,1.2,75,0.6355442739947761,0.0,0.3374632222526277,6.3888376175563675,0.6355442739947761,22.44
11,0.35,0.55,0.18,24.0,1.2,75,0.6355442739947761,0.0,0.3374632222526277,6.3888376175563675,0.6355442739947761,22.44
11,0.35,0.55,0.18,24.0,1.2,35,0.6355442739947761,0.0,0.3374632222526277,6.3888376175563675,0.6355442739947761,22.8
11,0.35,0.55,0.26,24.0,1.2,35,0.6355442739947761,0.0,0.3374632222526277,6.3888376175563675,0.6355442739947761,22.8
11,0.35,0.55,0.26,24.0,1.2,75,0.6355442739947761,0.0,0.3374632222526277,6.3888376175563675,0.6355442739947761,22.44
15,0.35,0.55,0.05,24.0,1.2,35,0.6355442739947761,0.0,0.3374632222526277,6.3888376175563675,0.6355442739947761,22.88
15,0.35,0.55,0.05,24.0,1.2,75,0.6355442739947761,0.0,0.3374632222526277,6.3888376175563675,0.6355442739947761,22.52
15,0.35,0.55,0.1,24.0,1.2,35,0.6355442739947761,0.0,0.3374632222526277,6.3888376175563675,0.6355442739947761,22.8
15,0.35,0.55,0.1,24.0,1.2,75,0.6355442739947761,0.0,0.3374632222526277,6.3888376175563675,0.6355442739947761,22.44
15,0.35,0.55,0.18,24.0,1.2,35,0.6355442739947761,0.0,0.3374632222526277,6.3888376175563675,0.6355442739947761,22.8
15,0.35,0.55,0.18,24.0,1.2,75,0.6355442739947761,0.0,0.3374632222526277,6.3888376175563675,0.6355442739947761,22.44
15,0.35,0.55,0.26,24.0,1.2,75,0.6355442739947761,0.0,0.3374632222526277,6.3888376175563675,0.6355442739947761,22.44
15,0.35,0.55,0.26,24.0,1.2,35,0.6355442739947761,0.0,0.3374632222526277,6.3888376175563675,0.6355442739947761,22.8
7,0.25,0.55,0.05,24.0,0.6,75,0.6335989591803546,0.0,0.34918755321785855,6.656680717906266,0.6335989591803546,23.72
7,0.25,0.55,0.1,24.0,0.6,75,0.6335989591803546,0.0,0.34918755321785855,6.656680717906266,0.6335989591803546,23.68
7,0.25,0.55,0.18,24.0,0.6,75,0.6335989591803546,0.0,0.34918755321785855,6.656680717906266,0.6335989591803546,23.68
7,0.25,0.55,0.26,24.0,0.6,75,0.6335989591803546,0.0,0.34918755321785855,6.656680717906266,0.6335989591803546,23.68
11,0.25,0.55,0.05,24.0,0.6,75,0.6335989591803546,0.0,0.34918755321785855,6.656680717906266,0.6335989591803546,23.72
11,0.25,0.55,0.1,24.0,0.6,75,0.6335989591803546,0.0,0.34918755321785855,6.656680717906266,0.6335989591803546,23.68
11,0.25,0.55,0.18,24.0,0.6,75,0.6335989591803546,0.0,0.34918755321785855,6.656680717906266,0.6335989591803546,23.68
11,0.25,0.55,0.26,24.0,0.6,75,0.6335989591803546,0.0,0.34918755321785855,6.656680717906266,0.6335989591803546,23.68
15,0.25,0.55,0.05,24.0,0.6,75,0.6335989591803546,0.0,0.34918755321785855,6.656680717906266,0.6335989591803546,23.72
15,0.25,0.55,0.1,24.0,0.6,75,0.6335989591803546,0.0,0.34918755321785855,6.656680717906266,0.6335989591803546,23.68
15,0.25,0.55,0.18,24.0,0.6,75,0.6335989591803546,0.0,0.34918755321785855,6.656680717906266,0.6335989591803546,23.68
15,0.25,0.55,0.26,24.0,0.6,75,0.6335989591803546,0.0,0.34918755321785855,6.656680717906266,0.6335989591803546,23.68
7,0.35,0.42,0.05,18.0,2.0,35,0.6284707540521495,0.0,0.3635369893983356,6.9956697129354355,0.6284707540521495,25.4
7,0.35,0.42,0.05,18.0,2.0,75,0.6284707540521495,0.0,0.3635369893983356,6.9956697129354355,0.6284707540521495,25.12
7,0.35,0.42,0.1,18.0,2.0,35,0.6284707540521495,0.0,0.3635369893983356,6.9956697129354355,0.6284707540521495,25.4
7,0.35,0.42,0.1,18.0,2.0,75,0.6284707540521495,0.0,0.3635369893983356,6.9956697129354355,0.6284707540521495,25.12
7,0.35,0.42,0.18,18.0,2.0,75,0.6284707540521495,0.0,0.3635369893983356,6.9956697129354355,0.6284707540521495,25.12
7,0.35,0.42,0.18,18.0,2.0,35,0.6284707540521495,0.0,0.3635369893983356,6.9956697129354355,0.6284707540521495,25.4
7,0.35,0.42,0.26,18.0,2.0,75,0.6284707540521495,0.0,0.3635369893983356,6.9956697129354355,0.6284707540521495,25.12
7,0.35,0.42,0.26,18.0,2.0,35,0.6284707540521495,0.0,0.3635369893983356,6.9956697129354355,0.6284707540521495,25.4
11,0.35,0.42,0.05,18.0,2.0,35,0.6284707540521495,0.0,0.3635369893983356,6.9956697129354355,0.6284707540521495,25.4
11,0.35,0.42,0.05,18.0,2.0,75,0.6284707540521495,0.0,0.3635369893983356,6.9956697129354355,0.6284707540521495,25.12
11,0.35,0.42,0.1,18.0,2.0,35,0.6284707540521495,0.0,0.3635369893983356,6.9956697129354355,0.6284707540521495,25.4
11,0.35,0.42,0.1,18.0,2.0,75,0.6284707540521495,0.0,0.3635369893983356,6.9956697129354355,0.6284707540521495,25.12
11,0.35,0.42,0.18,18.0,2.0,75,0.6284707540521495,0.0,0.3635369893983356,6.9956697129354355,0.6284707540521495,25.12
11,0.35,0.42,0.18,18.0,2.0,35,0.6284707540521495,0.0,0.3635369893983356,6.9956697129354355,0.6284707540521495,25.4
11,0.35,0.42,0.26,18.0,2.0,35,0.6284707540521495,0.0,0.3635369893983356,6.9956697129354355,0.6284707540521495,25.4
11,0.35,0.42,0.26,18.0,2.0,75,0.6284707540521495,0.0,0.3635369893983356,6.9956697129354355,0.6284707540521495,25.12
15,0.35,0.42,0.05,18.0,2.0,35,0.6284707540521495,0.0,0.3635369893983356,6.9956697129354355,0.6284707540521495,25.4
15,0.35,0.42,0.05,18.0,2.0,75,0.6284707540521495,0.0,0.3635369893983356,6.9956697129354355,0.6284707540521495,25.12
15,0.35,0.42,0.1,18.0,2.0,35,0.6284707540521495,0.0,0.3635369893983356,6.9956697129354355,0.6284707540521495,25.4
15,0.35,0.42,0.1,18.0,2.0,75,0.6284707540521495,0.0,0.3635369893983356,6.9956697129354355,0.6284707540521495,25.12
15,0.35,0.42,0.18,18.0,2.0,35,0.6284707540521495,0.0,0.3635369893983356,6.9956697129354355,0.6284707540521495,25.4
15,0.35,0.42,0.18,18.0,2.0,75,0.6284707540521495,0.0,0.3635369893983356,6.9956697129354355,0.6284707540521495,25.12
15,0.35,0.42,0.26,18.0,2.0,35,0.6284707540521495,0.0,0.3635369893983356,6.9956697129354355,0.6284707540521495,25.4
15,0.35,0.42,0.26,18.0,2.0,75,0.6284707540521495,0.0,0.3635369893983356,6.9956697129354355,0.6284707540521495,25.12
7,0.25,0.42,0.05,8.0,2.0,75,0.6243178651611888,0.0,0.35719403980352465,9.22513639716812,0.6243178651611888,36.4
7,0.25,0.42,0.1,8.0,2.0,75,0.6243178651611888,0.0,0.35719403980352465,9.22513639716812,0.6243178651611888,36.4
7,0.25,0.42,0.18,8.0,2.0,75,0.6243178651611888,0.0,0.35719403980352465,9.22513639716812,0.6243178651611888,36.4
7,0.25,0.42,0.26,8.0,2.0,75,0.6243178651611888,0.0,0.35719403980352465,9.22513639716812,0.6243178651611888,36.4
11,0.25,0.42,0.05,8.0,2.0,75,0.6243178651611888,0.0,0.35719403980352465,9.22513639716812,0.6243178651611888,36.4
11,0.25,0.42,0.1,8.0,2.0,75,0.6243178651611888,0.0,0.35719403980352465,9.22513639716812,0.6243178651611888,36.4
11,0.25,0.42,0.18,8.0,2.0,75,0.6243178651611888,0.0,0.35719403980352465,9.22513639716812,0.6243178651611888,36.4
11,0.25,0.42,0.26,8.0,2.0,75,0.6243178651611888,0.0,0.35719403980352465,9.22513639716812,0.6243178651611888,36.4
15,0.25,0.42,0.05,8.0,2.0,75,0.6243178651611888,0.0,0.35719403980352465,9.22513639716812,0.6243178651611888,36.4
15,0.25,0.42,0.1,8.0,2.0,75,0.6243178651611888,0.0,0.35719403980352465,9.22513639716812,0.6243178651611888,36.4
15,0.25,0.42,0.18,8.0,2.0,75,0.6243178651611888,0.0,0.35719403980352465,9.22513639716812,0.6243178651611888,36.4
15,0.25,0.42,0.26,8.0,2.0,75,0.6243178651611888,0.0,0.35719403980352465,9.22513639716812,0.6243178651611888,36.4
7,0.25,0.55,0.05,24.0,0.6,35,0.6242424242424243,0.0,0.34390558894884066,6.656680717906266,0.6242424242424243,24.56
7,0.25,0.55,0.1,24.0,0.6,35,0.6242424242424243,0.0,0.34390558894884066,6.656680717906266,0.6242424242424243,24.44
7,0.25,0.55,0.18,24.0,0.6,35,0.6242424242424243,0.0,0.34390558894884066,6.656680717906266,0.6242424242424243,24.44
7,0.25,0.55,0.26,24.0,0.6,35,0.6242424242424243,0.0,0.34390558894884066,6.656680717906266,0.6242424242424243,24.44
11,0.25,0.55,0.05,24.0,0.6,35,0.6242424242424243,0.0,0.34390558894884066,6.656680717906266,0.6242424242424243,24.56
11,0.25,0.55,0.1,24.0,0.6,35,0.6242424242424243,0.0,0.34390558894884066,6.656680717906266,0.6242424242424243,24.44
11,0.25,0.55,0.18,24.0,0.6,35,0.6242424242424243,0.0,0.34390558894884066,6.656680717906266,0.6242424242424243,24.44
11,0.25,0.55,0.26,24.0,0.6,35,0.6242424242424243,0.0,0.34390558894884066,6.656680717906266,0.6242424242424243,24.44
15,0.25,0.55,0.05,24.0,0.6,35,0.6242424242424243,0.0,0.34390558894884066,6.656680717906266,0.6242424242424243,24.56
15,0.25,0.55,0.1,24.0,0.6,35,0.6242424242424243,0.0,0.34390558894884066,6.656680717906266,0.6242424242424243,24.44
15,0.25,0.55,0.18,24.0,0.6,35,0.6242424242424243,0.0,0.34390558894884066,6.656680717906266,0.6242424242424243,24.44
15,0.25,0.55,0.26,24.0,0.6,35,0.6242424242424243,0.0,0.34390558894884066,6.656680717906266,0.6242424242424243,24.44
7,0.35,0.55,0.05,18.0,1.2,75,0.6190476190476191,0.0,0.3281370106626989,6.377045937241924,0.6190476190476191,24.4
7,0.35,0.55,0.1,18.0,1.2,75,0.6190476190476191,0.0,0.3281370106626989,6.377045937241924,0.6190476190476191,24.4
7,0.35,0.55,0.18,18.0,1.2,75,0.6190476190476191,0.0,0.3281370106626989,6.377045937241924,0.6190476190476191,24.4
7,0.35,0.55,0.26,18.0,1.2,75,0.6190476190476191,0.0,0.3281370106626989,6.377045937241924,0.6190476190476191,24.4
11,0.35,0.55,0.05,18.0,1.2,75,0.6190476190476191,0.0,0.3281370106626989,6.377045937241924,0.6190476190476191,24.4
11,0.35,0.55,0.1,18.0,1.2,75,0.6190476190476191,0.0,0.3281370106626989,6.377045937241924,0.6190476190476191,24.4
11,0.35,0.55,0.18,18.0,1.2,75,0.6190476190476191,0.0,0.3281370106626989,6.377045937241924,0.6190476190476191,24.4
11,0.35,0.55,0.26,18.0,1.2,75,0.6190476190476191,0.0,0.3281370106626989,6.377045937241924,0.6190476190476191,24.4
15,0.35,0.55,0.05,18.0,1.2,75,0.6190476190476191,0.0,0.3281370106626989,6.377045937241924,0.6190476190476191,24.4
15,0.35,0.55,0.1,18.0,1.2,75,0.6190476190476191,0.0,0.3281370106626989,6.377045937241924,0.6190476190476191,24.4
15,0.35,0.55,0.18,18.0,1.2,75,0.6190476190476191,0.0,0.3281370106626989,6.377045937241924,0.6190476190476191,24.4
15,0.35,0.55,0.26,18.0,1.2,75,0.6190476190476191,0.0,0.3281370106626989,6.377045937241924,0.6190476190476191,24.4
7,0.25,0.42,0.05,8.0,2.0,35,0.6147186147186148,0.0,0.35164854419700614,9.22513639716812,0.6147186147186148,37.64
7,0.25,0.42,0.1,8.0,2.0,35,0.6147186147186148,0.0,0.35164854419700614,9.22513639716812,0.6147186147186148,37.64
7,0.25,0.42,0.18,8.0,2.0,35,0.6147186147186148,0.0,0.35164854419700614,9.22513639716812,0.6147186147186148,37.64
7,0.25,0.42,0.26,8.0,2.0,35,0.6147186147186148,0.0,0.35164854419700614,9.22513639716812,0.6147186147186148,37.64
11,0.25,0.42,0.05,8.0,2.0,35,0.6147186147186148,0.0,0.35164854419700614,9.22513639716812,0.6147186147186148,37.64
11,0.25,0.42,0.1,8.0,2.0,35,0.6147186147186148,0.0,0.35164854419700614,9.22513639716812,0.6147186147186148,37.64
11,0.25,0.42,0.18,8.0,2.0,35,0.6147186147186148,0.0,0.35164854419700614,9.22513639716812,0.6147186147186148,37.64
11,0.25,0.42,0.26,8.0,2.0,35,0.6147186147186148,0.0,0.35164854419700614,9.22513639716812,0.6147186147186148,37.64
15,0.25,0.42,0.05,8.0,2.0,35,0.6147186147186148,0.0,0.35164854419700614,9.22513639716812,0.6147186147186148,37.64
15,0.25,0.42,0.1,8.0,2.0,35,0.6147186147186148,0.0,0.35164854419700614,9.22513639716812,0.6147186147186148,37.64
15,0.25,0.42,0.18,8.0,2.0,35,0.6147186147186148,0.0,0.35164854419700614,9.22513639716812,0.6147186147186148,37.64
15,0.25,0.42,0.26,8.0,2.0,35,0.6147186147186148,0.0,0.35164854419700614,9.22513639716812,0.6147186147186148,37.64
7,0.35,0.55,0.05,18.0,1.2,35,0.6146179401993357,0.0,0.32563918494075367,6.377045937241924,0.6146179401993356,24.8
7,0.35,0.55,0.1,18.0,1.2,35,0.6146179401993357,0.0,0.32563918494075367,6.377045937241924,0.6146179401993356,24.8
7,0.35,0.55,0.18,18.0,1.2,35,0.6146179401993357,0.0,0.32563918494075367,6.377045937241924,0.6146179401993356,24.8
7,0.35,0.55,0.26,18.0,1.2,35,0.6146179401993357,0.0,0.32563918494075367,6.377045937241924,0.6146179401993356,24.8
11,0.35,0.55,0.05,18.0,1.2,35,0.6146179401993357,0.0,0.32563918494075367,6.377045937241924,0.6146179401993356,24.8
11,0.35,0.55,0.1,18.0,1.2,35,0.6146179401993357,0.0,0.32563918494075367,6.377045937241924,0.6146179401993356,24.8
11,0.35,0.55,0.18,18.0,1.2,35,0.6146179401993357,0.0,0.32563918494075367,6.377045937241924,0.6146179401993356,24.8
11,0.35,0.55,0.26,18.0,1.2,35,0.6146179401993357,0.0,0.32563918494075367,6.377045937241924,0.6146179401993356,24.8
15,0.35,0.55,0.05,18.0,1.2,35,0.6146179401993357,0.0,0.32563918494075367,6.377045937241924,0.6146179401993356,24.8
15,0.35,0.55,0.1,18.0,1.2,35,0.6146179401993357,0.0,0.32563918494075367,6.377045937241924,0.6146179401993356,24.8
15,0.35,0.55,0.18,18.0,1.2,35,0.6146179401993357,0.0,0.32563918494075367,6.377045937241924,0.6146179401993356,24.8
15,0.35,0.55,0.26,18.0,1.2,35,0.6146179401993357,0.0,0.32563918494075367,6.377045937241924,0.6146179401993356,24.8
7,0.25,0.42,0.05,24.0,2.0,75,0.5989304812834225,0.0,0.3554343857800739,7.158386223804815,0.5989304812834224,25.4
7,0.25,0.42,0.1,24.0,2.0,75,0.5989304812834225,0.0,0.3554343857800739,7.158386223804815,0.5989304812834224,25.36
7,0.25,0.42,0.18,24.0,2.0,75,0.5989304812834225,0.0,0.3554343857800739,7.158386223804815,0.5989304812834224,25.36
7,0.25,0.42,0.26,24.0,2.0,75,0.5989304812834225,0.0,0.3554343857800739,7.158386223804815,0.5989304812834224,25.36
11,0.25,0.42,0.05,24.0,2.0,75,0.5989304812834225,0.0,0.3554343857800739,7.158386223804815,0.5989304812834224,25.4
11,0.25,0.42,0.1,24.0,2.0,75,0.5989304812834225,0.0,0.3554343857800739,7.158386223804815,0.5989304812834224,25.36
11,0.25,0.42,0.18,24.0,2.0,75,0.5989304812834225,0.0,0.3554343857800739,7.158386223804815,0.5989304812834224,25.36
11,0.25,0.42,0.26,24.0,2.0,75,0.5989304812834225,0.0,0.3554343857800739,7.158386223804815,0.5989304812834224,25.36
15,0.25,0.42,0.05,24.0,2.0,75,0.5989304812834225,0.0,0.3554343857800739,7.158386223804815,0.5989304812834224,25.4
15,0.25,0.42,0.1,24.0,2.0,75,0.5989304812834225,0.0,0.3554343857800739,7.158386223804815,0.5989304812834224,25.36
15,0.25,0.42,0.18,24.0,2.0,75,0.5989304812834225,0.0,0.3554343857800739,7.158386223804815,0.5989304812834224,25.36
15,0.25,0.42,0.26,24.0,2.0,75,0.5989304812834225,0.0,0.3554343857800739,7.158386223804815,0.5989304812834224,25.36
7,0.25,0.55,0.05,18.0,0.6,75,0.5976064232692015,0.0,0.3271532096618723,6.620715908030261,0.5976064232692017,25.92
7,0.25,0.55,0.1,18.0,0.6,75,0.5976064232692015,0.0,0.3271532096618723,6.620715908030261,0.5976064232692017,25.92
7,0.25,0.55,0.18,18.0,0.6,75,0.5976064232692015,0.0,0.3271532096618723,6.620715908030261,0.5976064232692017,25.92
7,0.25,0.55,0.26,18.0,0.6,75,0.5976064232692015,0.0,0.3271532096618723,6.620715908030261,0.5976064232692017,25.92
11,0.25,0.55,0.05,18.0,0.6,75,0.5976064232692015,0.0,0.3271532096618723,6.620715908030261,0.5976064232692017,25.92
11,0.25,0.55,0.1,18.0,0.6,75,0.5976064232692015,0.0,0.3271532096618723,6.620715908030261,0.5976064232692017,25.92
11,0.25,0.55,0.18,18.0,0.6,75,0.5976064232692015,0.0,0.3271532096618723,6.620715908030261,0.5976064232692017,25.92
11,0.25,0.55,0.26,18.0,0.6,75,0.5976064232692015,0.0,0.3271532096618723,6.620715908030261,0.5976064232692017,25.92
15,0.25,0.55,0.05,18.0,0.6,75,0.5976064232692015,0.0,0.3271532096618723,6.620715908030261,0.5976064232692017,25.92
15,0.25,0.55,0.1,18.0,0.6,75,0.5976064232692015,0.0,0.3271532096618723,6.620715908030261,0.5976064232692017,25.92
15,0.25,0.55,0.18,18.0,0.6,75,0.5976064232692015,0.0,0.3271532096618723,6.620715908030261,0.5976064232692017,25.92
15,0.25,0.55,0.26,18.0,0.6,75,0.5976064232692015,0.0,0.3271532096618723,6.620715908030261,0.5976064232692017,25.92
7,0.25,0.42,0.05,24.0,2.0,35,0.5948900772430185,0.0,0.3532788090890655,7.158386223804815,0.5948900772430183,25.96
7,0.25,0.42,0.1,24.0,2.0,35,0.5948900772430185,0.0,0.3532788090890655,7.158386223804815,0.5948900772430183,25.92
7,0.25,0.42,0.18,24.0,2.0,35,0.5948900772430185,0.0,0.3532788090890655,7.158386223804815,0.5948900772430183,25.92
7,0.25,0.42,0.26,24.0,2.0,35,0.5948900772430185,0.0,0.3532788090890655,7.158386223804815,0.5948900772430183,25.92
11,0.25,0.42,0.05,24.0,2.0,35,0.5948900772430185,0.0,0.3532788090890655,7.158386223804815,0.5948900772430183,25.96
11,0.25,0.42,0.1,24.0,2.0,35,0.5948900772430185,0.0,0.3532788090890655,7.158386223804815,0.5948900772430183,25.92
11,0.25,0.42,0.18,24.0,2.0,35,0.5948900772430185,0.0,0.3532788090890655,7.158386223804815,0.5948900772430183,25.92
11,0.25,0.42,0.26,24.0,2.0,35,0.5948900772430185,0.0,0.3532788090890655,7.158386223804815,0.5948900772430183,25.92
15,0.25,0.42,0.05,24.0,2.0,35,0.5948900772430185,0.0,0.3532788090890655,7.158386223804815,0.5948900772430183,25.96
15,0.25,0.42,0.1,24.0,2.0,35,0.5948900772430185,0.0,0.3532788090890655,7.158386223804815,0.5948900772430183,25.92
15,0.25,0.42,0.18,24.0,2.0,35,0.5948900772430185,0.0,0.3532788090890655,7.158386223804815,0.5948900772430183,25.92
15,0.25,0.42,0.26,24.0,2.0,35,0.5948900772430185,0.0,0.3532788090890655,7.158386223804815,0.5948900772430183,25.92
7,0.35,0.42,0.05,13.0,2.0,75,0.5910253429435015,0.0,0.34245476056273627,7.0130840457146055,0.5910253429435015,27.4
7,0.35,0.42,0.05,13.0,2.0,35,0.5910253429435015,0.0,0.34245476056273627,7.0130840457146055,0.5910253429435015,27.84
7,0.35,0.42,0.1,13.0,2.0,75,0.5910253429435015,0.0,0.34245476056273627,7.0130840457146055,0.5910253429435015,27.4
7,0.35,0.42,0.1,13.0,2.0,35,0.5910253429435015,0.0,0.34245476056273627,7.0130840457146055,0.5910253429435015,27.84
7,0.35,0.42,0.18,13.0,2.0,75,0.5910253429435015,0.0,0.34245476056273627,7.0130840457146055,0.5910253429435015,27.4
7,0.35,0.42,0.18,13.0,2.0,35,0.5910253429435015,0.0,0.34245476056273627,7.0130840457146055,0.5910253429435015,27.84
7,0.35,0.42,0.26,13.0,2.0,75,0.5910253429435015,0.0,0.34245476056273627,7.0130840457146055,0.5910253429435015,27.4
7,0.35,0.42,0.26,13.0,2.0,35,0.5910253429435015,0.0,0.34245476056273627,7.0130840457146055,0.5910253429435015,27.84
11,0.35,0.42,0.05,13.0,2.0,35,0.5910253429435015,0.0,0.34245476056273627,7.0130840457146055,0.5910253429435015,27.84
11,0.35,0.42,0.05,13.0,2.0,75,0.5910253429435015,0.0,0.34245476056273627,7.0130840457146055,0.5910253429435015,27.4
11,0.35,0.42,0.1,13.0,2.0,75,0.5910253429435015,0.0,0.34245476056273627,7.0130840457146055,0.5910253429435015,27.4
11,0.35,0.42,0.1,13.0,2.0,35,0.5910253429435015,0.0,0.34245476056273627,7.0130840457146055,0.5910253429435015,27.84
11,0.35,0.42,0.18,13.0,2.0,75,0.5910253429435015,0.0,0.34245476056273627,7.0130840457146055,0.5910253429435015,27.4
11,0.35,0.42,0.18,13.0,2.0,35,0.5910253429435015,0.0,0.34245476056273627,7.0130840457146055,0.5910253429435015,27.84
11,0.35,0.42,0.26,13.0,2.0,35,0.5910253429435015,0.0,0.34245476056273627,7.0130840457146055,0.5910253429435015,27.84
11,0.35,0.42,0.26,13.0,2.0,75,0.5910253429435015,0.0,0.34245476056273627,7.0130840457146055,0.5910253429435015,27.4
15,0.35,0.42,0.05,13.0,2.0,35,0.5910253429435015,0.0,0.34245476056273627,7.0130840457146055,0.5910253429435015,27.84
15,0.35,0.42,0.05,13.0,2.0,75,0.5910253429435015,0.0,0.34245476056273627,7.0130840457146055,0.5910253429435015,27.4
15,0.35,0.42,0.1,13.0,2.0,75,0.5910253429435015,0.0,0.34245476056273627,7.0130840457146055,0.5910253429435015,27.4
15,0.35,0.42,0.1,13.0,2.0,35,0.5910253429435015,0.0,0.34245476056273627,7.0130840457146055,0.5910253429435015,27.84
15,0.35,0.42,0.18,13.0,2.0,75,0.5910253429435015,0.0,0.34245476056273627,7.0130840457146055,0.5910253429435015,27.4
15,0.35,0.42,0.18,13.0,2.0,35,0.5910253429435015,0.0,0.34245476056273627,7.0130840457146055,0.5910253429435015,27.84
15,0.35,0.42,0.26,13.0,2.0,35,0.5910253429435015,0.0,0.34245476056273627,7.0130840457146055,0.5910253429435015,27.84
15,0.35,0.42,0.26,13.0,2.0,75,0.5910253429435015,0.0,0.34245476056273627,7.0130840457146055,0.5910253429435015,27.4
7,0.25,0.55,0.05,18.0,0.6,35,0.5892603850050658,0.0,0.32244997509740403,6.620715908030261,0.5892603850050658,26.88
7,0.25,0.55,0.1,18.0,0.6,35,0.5892603850050658,0.0,0.32244997509740403,6.620715908030261,0.5892603850050658,26.84
7,0.25,0.55,0.18,18.0,0.6,35,0.5892603850050658,0.0,0.32244997509740403,6.620715908030261,0.5892603850050658,26.84
7,0.25,0.55,0.26,18.0,0.6,35,0.5892603850050658,0.0,0.32244997509740403,6.620715908030261,0.5892603850050658,26.84
11,0.25,0.55,0.05,18.0,0.6,35,0.5892603850050658,0.0,0.32244997509740403,6.620715908030261,0.5892603850050658,26.88
11,0.25,0.55,0.1,18.0,0.6,35,0.5892603850050658,0.0,0.32244997509740403,6.620715908030261,0.5892603850050658,26.84
11,0.25,0.55,0.18,18.0,0.6,35,0.5892603850050658,0.0,0.32244997509740403,6.620715908030261,0.5892603850050658,26.84
11,0.25,0.55,0.26,18.0,0.6,35,0.5892603850050658,0.0,0.32244997509740403,6.620715908030261,0.5892603850050658,26.84
15,0.25,0.55,0.05,18.0,0.6,35,0.5892603850050658,0.0,0.32244997509740403,6.620715908030261,0.5892603850050658,26.88
15,0.25,0.55,0.1,18.0,0.6,35,0.5892603850050658,0.0,0.32244997509740403,6.620715908030261,0.5892603850050658,26.84
15,0.25,0.55,0.18,18.0,0.6,35,0.5892603850050658,0.0,0.32244997509740403,6.620715908030261,0.5892603850050658,26.84
15,0.25,0.55,0.26,18.0,0.6,35,0.5892603850050658,0.0,0.32244997509740403,6.620715908030261,0.5892603850050658,26.84
7,0.25,0.42,0.05,18.0,2.0,75,0.5702127659574467,0.0,0.33515402063060873,7.109369118877576,0.5702127659574467,27.76
7,0.25,0.42,0.1,18.0,2.0,75,0.5702127659574467,0.0,0.33515402063060873,7.109369118877576,0.5702127659574467,27.72
7,0.25,0.42,0.18,18.0,2.0,75,0.5702127659574467,0.0,0.33515402063060873,7.109369118877576,0.5702127659574467,27.72
7,0.25,0.42,0.26,18.0,2.0,75,0.5702127659574467,0.0,0.33515402063060873,7.109369118877576,0.5702127659574467,27.72
11,0.25,0.42,0.05,18.0,2.0,75,0.5702127659574467,0.0,0.33515402063060873,7.109369118877576,0.5702127659574467,27.76
11,0.25,0.42,0.1,18.0,2.0,75,0.5702127659574467,0.0,0.33515402063060873,7.109369118877576,0.5702127659574467,27.72
11,0.25,0.42,0.18,18.0,2.0,75,0.5702127659574467,0.0,0.33515402063060873,7.109369118877576,0.5702127659574467,27.72
11,0.25,0.42,0.26,18.0,2.0,75,0.5702127659574467,0.0,0.33515402063060873,7.109369118877576,0.5702127659574467,27.72
15,0.25,0.42,0.05,18.0,2.0,75,0.5702127659574467,0.0,0.33515402063060873,7.109369118877576,0.5702127659574467,27.76
15,0.25,0.42,0.1,18.0,2.0,75,0.5702127659574467,0.0,0.33515402063060873,7.109369118877576,0.5702127659574467,27.72
15,0.25,0.42,0.18,18.0,2.0,75,0.5702127659574467,0.0,0.33515402063060873,7.109369118877576,0.5702127659574467,27.72
15,0.25,0.42,0.26,18.0,2.0,75,0.5702127659574467,0.0,0.33515402063060873,7.109369118877576,0.5702127659574467,27.72
7,0.25,0.42,0.05,18.0,2.0,35,0.5663480316579299,0.0,0.3330921646652964,7.109369118877576,0.5663480316579299,28.32
7,0.25,0.42,0.1,18.0,2.0,35,0.5663480316579299,0.0,0.3330921646652964,7.109369118877576,0.5663480316579299,28.28
7,0.25,0.42,0.18,18.0,2.0,35,0.5663480316579299,0.0,0.3330921646652964,7.109369118877576,0.5663480316579299,28.28
7,0.25,0.42,0.26,18.0,2.0,35,0.5663480316579299,0.0,0.3330921646652964,7.109369118877576,0.5663480316579299,28.28
11,0.25,0.42,0.05,18.0,2.0,35,0.5663480316579299,0.0,0.3330921646652964,7.109369118877576,0.5663480316579299,28.32
11,0.25,0.42,0.1,18.0,2.0,35,0.5663480316579299,0.0,0.3330921646652964,7.109369118877576,0.5663480316579299,28.28
11,0.25,0.42,0.18,18.0,2.0,35,0.5663480316579299,0.0,0.3330921646652964,7.109369118877576,0.5663480316579299,28.28
11,0.25,0.42,0.26,18.0,2.0,35,0.5663480316579299,0.0,0.3330921646652964,7.109369118877576,0.5663480316579299,28.28
15,0.25,0.42,0.05,18.0,2.0,35,0.5663480316579299,0.0,0.3330921646652964,7.109369118877576,0.5663480316579299,28.32
15,0.25,0.42,0.1,18.0,2.0,35,0.5663480316579299,0.0,0.3330921646652964,7.109369118877576,0.5663480316579299,28.28
15,0.25,0.42,0.18,18.0,2.0,35,0.5663480316579299,0.0,0.3330921646652964,7.109369118877576,0.5663480316579299,28.28
15,0.25,0.42,0.26,18.0,2.0,35,0.5663480316579299,0.0,0.3330921646652964,7.109369118877576,0.5663480316579299,28.28
7,0.55,0.55,0.05,8.0,1.2,75,0.5471528989951409,0.0,0.29250362245393485,6.421538361578717,0.5471528989951409,25.28
7,0.55,0.55,0.1,8.0,1.2,75,0.5471528989951409,0.0,0.29250362245393485,6.421538361578717,0.5471528989951409,25.28
7,0.55,0.55,0.18,8.0,1.2,75,0.5471528989951409,0.0,0.29250362245393485,6.421538361578717,0.5471528989951409,25.28
7,0.55,0.55,0.26,8.0,1.2,75,0.5471528989951409,0.0,0.29250362245393485,6.421538361578717,0.5471528989951409,25.28
11,0.55,0.55,0.05,8.0,1.2,75,0.5471528989951409,0.0,0.29250362245393485,6.421538361578717,0.5471528989951409,25.28
11,0.55,0.55,0.1,8.0,1.2,75,0.5471528989951409,0.0,0.29250362245393485,6.421538361578717,0.5471528989951409,25.28
11,0.55,0.55,0.18,8.0,1.2,75,0.5471528989951409,0.0,0.29250362245393485,6.421538361578717,0.5471528989951409,25.28
11,0.55,0.55,0.26,8.0,1.2,75,0.5471528989951409,0.0,0.29250362245393485,6.421538361578717,0.5471528989951409,25.28
15,0.55,0.55,0.05,8.0,1.2,75,0.5471528989951409,0.0,0.29250362245393485,6.421538361578717,0.5471528989951409,25.28
15,0.55,0.55,0.1,8.0,1.2,75,0.5471528989951409,0.0,0.29250362245393485,6.421538361578717,0.5471528989951409,25.28
15,0.55,0.55,0.18,8.0,1.2,75,0.5471528989951409,0.0,0.29250362245393485,6.421538361578717,0.5471528989951409,25.28
15,0.55,0.55,0.26,8.0,1.2,75,0.5471528989951409,0.0,0.29250362245393485,6.421538361578717,0.5471528989951409,25.28
7,0.55,0.55,0.05,8.0,1.2,35,0.5436067997043608,0.0,0.29050403324567553,6.421538361578717,0.5436067997043608,25.4
7,0.55,0.55,0.1,8.0,1.2,35,0.5436067997043608,0.0,0.29050403324567553,6.421538361578717,0.5436067997043608,25.4
7,0.55,0.55,0.18,8.0,1.2,35,0.5436067997043608,0.0,0.29050403324567553,6.421538361578717,0.5436067997043608,25.4
7,0.55,0.55,0.26,8.0,1.2,35,0.5436067997043608,0.0,0.29050403324567553,6.421538361578717,0.5436067997043608,25.4
11,0.55,0.55,0.05,8.0,1.2,35,0.5436067997043608,0.0,0.29050403324567553,6.421538361578717,0.5436067997043608,25.4
11,0.55,0.55,0.1,8.0,1.2,35,0.5436067997043608,0.0,0.29050403324567553,6.421538361578717,0.5436067997043608,25.4
11,0.55,0.55,0.18,8.0,1.2,35,0.5436067997043608,0.0,0.29050403324567553,6.421538361578717,0.5436067997043608,25.4
11,0.55,0.55,0.26,8.0,1.2,35,0.5436067997043608,0.0,0.29050403324567553,6.421538361578717,0.5436067997043608,25.4
15,0.55,0.55,0.05,8.0,1.2,35,0.5436067997043608,0.0,0.29050403324567553,6.421538361578717,0.5436067997043608,25.4
15,0.55,0.55,0.1,8.0,1.2,35,0.5436067997043608,0.0,0.29050403324567553,6.421538361578717,0.5436067997043608,25.4
15,0.55,0.55,0.18,8.0,1.2,35,0.5436067997043608,0.0,0.29050403324567553,6.421538361578717,0.5436067997043608,25.4
15,0.55,0.55,0.26,8.0,1.2,35,0.5436067997043608,0.0,0.29050403324567553,6.421538361578717,0.5436067997043608,25.4
7,0.45,0.55,0.1,24.0,2.0,35,0.5384615384615385,0.0,0.2957527240597818,4.4600000755345,0.5384615384615384,20.28
7,0.45,0.55,0.1,24.0,2.0,75,0.5384615384615385,0.0,0.2957527240597818,4.4600000755345,0.5384615384615384,20.16
7,0.45,0.55,0.18,24.0,2.0,35,0.5384615384615385,0.0,0.2957527240597818,4.4600000755345,0.5384615384615384,20.28
7,0.45,0.55,0.18,24.0,2.0,75,0.5384615384615385,0.0,0.2957527240597818,4.4600000755345,0.5384615384615384,20.16
7,0.45,0.55,0.26,24.0,2.0,35,0.5384615384615385,0.0,0.2957527240597818,4.4600000755345,0.5384615384615384,20.28
7,0.45,0.55,0.26,24.0,2.0,75,0.5384615384615385,0.0,0.2957527240597818,4.4600000755345,0.5384615384615384,20.16
11,0.45,0.55,0.1,24.0,2.0,75,0.5384615384615385,0.0,0.2957527240597818,4.4600000755345,0.5384615384615384,20.16
11,0.45,0.55,0.1,24.0,2.0,35,0.5384615384615385,0.0,0.2957527240597818,4.4600000755345,0.5384615384615384,20.28
11,0.45,0.55,0.18,24.0,2.0,75,0.5384615384615385,0.0,0.2957527240597818,4.4600000755345,0.5384615384615384,20.16
11,0.45,0.55,0.18,24.0,2.0,35,0.5384615384615385,0.0,0.2957527240597818,4.4600000755345,0.5384615384615384,20.28
11,0.45,0.55,0.26,24.0,2.0,75,0.5384615384615385,0.0,0.2957527240597818,4.4600000755345,0.5384615384615384,20.16
11,0.45,0.55,0.26,24.0,2.0,35,0.5384615384615385,0.0,0.2957527240597818,4.4600000755345,0.5384615384615384,20.28
15,0.45,0.55,0.1,24.0,2.0,75,0.5384615384615385,0.0,0.2957527240597818,4.4600000755345,0.5384615384615384,20.16
15,0.45,0.55,0.1,24.0,2.0,35,0.5384615384615385,0.0,0.2957527240597818,4.4600000755345,0.5384615384615384,20.28
15,0.45,0.55,0.18,24.0,2.0,35,0.5384615384615385,0.0,0.2957527240597818,4.4600000755345,0.5384615384615384,20.28
15,0.45,0.55,0.18,24.0,2.0,75,0.5384615384615385,0.0,0.2957527240597818,4.4600000755345,0.5384615384615384,20.16
15,0.45,0.55,0.26,24.0,2.0,35,0.5384615384615385,0.0,0.2957527240597818,4.4600000755345,0.5384615384615384,20.28
15,0.45,0.55,0.26,24.0,2.0,75,0.5384615384615385,0.0,0.2957527240597818,4.4600000755345,0.5384615384615384,20.16
7,0.45,0.55,0.05,24.0,2.0,35,0.5251282051282051,0.0,0.2887811078270819,4.4600000755345,0.5251282051282051,20.36
7,0.45,0.55,0.05,24.0,2.0,75,0.5251282051282051,0.0,0.2887811078270819,4.4600000755345,0.5251282051282051,20.24
11,0.45,0.55,0.05,24.0,2.0,35,0.5251282051282051,0.0,0.2887811078270819,4.4600000755345,0.5251282051282051,20.36
11,0.45,0.55,0.05,24.0,2.0,75,0.5251282051282051,0.0,0.2887811078270819,4.4600000755345,0.5251282051282051,20.24
15,0.45,0.55,0.05,24.0,2.0,75,0.5251282051282051,0.0,0.2887811078270819,4.4600000755345,0.5251282051282051,20.24
15,0.45,0.55,0.05,24.0,2.0,35,0.5251282051282051,0.0,0.2887811078270819,4.4600000755345,0.5251282051282051,20.36
7,0.55,0.55,0.05,18.0,2.0,75,0.5251282051282051,0.0,0.28731842471694563,4.441716536657798,0.5251282051282051,19.32
7,0.55,0.55,0.05,18.0,2.0,35,0.5251282051282051,0.0,0.28731842471694563,4.441716536657798,0.5251282051282051,19.32
7,0.55,0.55,0.1,18.0,2.0,75,0.5251282051282051,0.0,0.28731842471694563,4.441716536657798,0.5251282051282051,19.32
7,0.55,0.55,0.1,18.0,2.0,35,0.5251282051282051,0.0,0.28731842471694563,4.441716536657798,0.5251282051282051,19.32
7,0.55,0.55,0.18,18.0,2.0,75,0.5251282051282051,0.0,0.28731842471694563,4.441716536657798,0.5251282051282051,19.32
7,0.55,0.55,0.18,18.0,2.0,35,0.5251282051282051,0.0,0.28731842471694563,4.441716536657798,0.5251282051282051,19.32
7,0.55,0.55,0.26,18.0,2.0,75,0.5251282051282051,0.0,0.28731842471694563,4.441716536657798,0.5251282051282051,19.32
7,0.55,0.55,0.26,18.0,2.0,35,0.5251282051282051,0.0,0.28731842471694563,4.441716536657798,0.5251282051282051,19.32
11,0.55,0.55,0.05,18.0,2.0,35,0.5251282051282051,0.0,0.28731842471694563,4.441716536657798,0.5251282051282051,19.32
11,0.55,0.55,0.05,18.0,2.0,75,0.5251282051282051,0.0,0.28731842471694563,4.441716536657798,0.5251282051282051,19.32
11,0.55,0.55,0.1,18.0,2.0,35,0.5251282051282051,0.0,0.28731842471694563,4.441716536657798,0.5251282051282051,19.32
11,0.55,0.55,0.1,18.0,2.0,75,0.5251282051282051,0.0,0.28731842471694563,4.441716536657798,0.5251282051282051,19.32
11,0.55,0.55,0.18,18.0,2.0,35,0.5251282051282051,0.0,0.28731842471694563,4.441716536657798,0.5251282051282051,19.32
11,0.55,0.55,0.18,18.0,2.0,75,0.5251282051282051,0.0,0.28731842471694563,4.441716536657798,0.5251282051282051,19.32
11,0.55,0.55,0.26,18.0,2.0,75,0.5251282051282051,0.0,0.28731842471694563,4.441716536657798,0.5251282051282051,19.32
11,0.55,0.55,0.26,18.0,2.0,35,0.5251282051282051,0.0,0.28731842471694563,4.441716536657798,0.5251282051282051,19.32
15,0.55,0.55,0.05,18.0,2.0,75,0.5251282051282051,0.0,0.28731842471694563,4.441716536657798,0.5251282051282051,19.32
15,0.55,0.55,0.05,18.0,2.0,35,0.5251282051282051,0.0,0.28731842471694563,4.441716536657798,0.5251282051282051,19.32
15,0.55,0.55,0.1,18.0,2.0,75,0.5251282051282051,0.0,0.28731842471694563,4.441716536657798,0.5251282051282051,19.32
15,0.55,0.55,0.1,18.0,2.0,35,0.5251282051282051,0.0,0.28731842471694563,4.441716536657798,0.5251282051282051,19.32
15,0.55,0.55,0.18,18.0,2.0,75,0.5251282051282051,0.0,0.28731842471694563,4.441716536657798,0.5251282051282051,19.32
15,0.55,0.55,0.18,18.0,2.0,35,0.5251282051282051,0.0,0.28731842471694563,4.441716536657798,0.5251282051282051,19.32
15,0.55,0.55,0.26,18.0,2.0,35,0.5251282051282051,0.0,0.28731842471694563,4.441716536657798,0.5251282051282051,19.32
15,0.55,0.55,0.26,18.0,2.0,75,0.5251282051282051,0.0,0.28731842471694563,4.441716536657798,0.5251282051282051,19.32
7,0.55,0.55,0.05,13.0,2.0,35,0.5028142589118199,0.0,0.2750143525649195,4.441716536657798,0.5028142589118199,20.96
7,0.55,0.55,0.05,13.0,2.0,75,0.5028142589118199,0.0,0.2750143525649195,4.441716536657798,0.5028142589118199,20.96
7,0.55,0.55,0.1,13.0,2.0,35,0.5028142589118199,0.0,0.2750143525649195,4.441716536657798,0.5028142589118199,20.96
7,0.55,0.55,0.1,13.0,2.0,75,0.5028142589118199,0.0,0.2750143525649195,4.441716536657798,0.5028142589118199,20.96
7,0.55,0.55,0.18,13.0,2.0,75,0.5028142589118199,0.0,0.2750143525649195,4.441716536657798,0.5028142589118199,20.96
7,0.55,0.55,0.18,13.0,2.0,35,0.5028142589118199,0.0,0.2750143525649195,4.441716536657798,0.5028142589118199,20.96
7,0.55,0.55,0.26,13.0,2.0,35,0.5028142589118199,0.0,0.2750143525649195,4.441716536657798,0.5028142589118199,20.96
7,0.55,0.55,0.26,13.0,2.0,75,0.5028142589118199,0.0,0.2750143525649195,4.441716536657798,0.5028142589118199,20.96
11,0.55,0.55,0.05,13.0,2.0,35,0.5028142589118199,0.0,0.2750143525649195,4.441716536657798,0.5028142589118199,20.96
11,0.55,0.55,0.05,13.0,2.0,75,0.5028142589118199,0.0,0.2750143525649195,4.441716536657798,0.5028142589118199,20.96
11,0.55,0.55,0.1,13.0,2.0,75,0.5028142589118199,0.0,0.2750143525649195,4.441716536657798,0.5028142589118199,20.96
11,0.55,0.55,0.1,13.0,2.0,35,0.5028142589118199,0.0,0.2750143525649195,4.441716536657798,0.5028142589118199,20.96
11,0.55,0.55,0.18,13.0,2.0,35,0.5028142589118199,0.0,0.2750143525649195,4.441716536657798,0.5028142589118199,20.96
11,0.55,0.55,0.18,13.0,2.0,75,0.5028142589118199,0.0,0.2750143525649195,4.441716536657798,0.5028142589118199,20.96
11,0.55,0.55,0.26,13.0,2.0,75,0.5028142589118199,0.0,0.2750143525649195,4.441716536657798,0.5028142589118199,20.96
11,0.55,0.55,0.26,13.0,2.0,35,0.5028142589118199,0.0,0.2750143525649195,4.441716536657798,0.5028142589118199,20.96
15,0.55,0.55,0.05,13.0,2.0,75,0.5028142589118199,0.0,0.2750143525649195,4.441716536657798,0.5028142589118199,20.96
15,0.55,0.55,0.05,13.0,2.0,35,0.5028142589118199,0.0,0.2750143525649195,4.441716536657798,0.5028142589118199,20.96
15,0.55,0.55,0.1,13.0,2.0,75,0.5028142589118199,0.0,0.2750143525649195,4.441716536657798,0.5028142589118199,20.96
15,0.55,0.55,0.1,13.0,2.0,35,0.5028142589118199,0.0,0.2750143525649195,4.441716536657798,0.5028142589118199,20.96
15,0.55,0.55,0.18,13.0,2.0,35,0.5028142589118199,0.0,0.2750143525649195,4.441716536657798,0.5028142589118199,20.96
15,0.55,0.55,0.18,13.0,2.0,75,0.5028142589118199,0.0,0.2750143525649195,4.441716536657798,0.5028142589118199,20.96
15,0.55,0.55,0.26,13.0,2.0,35,0.5028142589118199,0.0,0.2750143525649195,4.441716536657798,0.5028142589118199,20.96
15,0.55,0.55,0.26,13.0,2.0,75,0.5028142589118199,0.0,0.2750143525649195,4.441716536657798,0.5028142589118199,20.96
7,0.45,0.55,0.05,18.0,2.0,35,0.48083623693379784,0.0,0.2636231364608904,4.441716536657798,0.48083623693379784,22.12
7,0.45,0.55,0.05,18.0,2.0,75,0.48083623693379784,0.0,0.2636231364608904,4.441716536657798,0.48083623693379784,22.0
7,0.45,0.55,0.1,18.0,2.0,35,0.48083623693379784,0.0,0.2636231364608904,4.441716536657798,0.48083623693379784,22.12
7,0.45,0.55,0.1,18.0,2.0,75,0.48083623693379784,0.0,0.2636231364608904,4.441716536657798,0.48083623693379784,22.0
7,0.45,0.55,0.18,18.0,2.0,35,0.48083623693379784,0.0,0.2636231364608904,4.441716536657798,0.48083623693379784,22.12
7,0.45,0.55,0.18,18.0,2.0,75,0.48083623693379784,0.0,0.2636231364608904,4.441716536657798,0.48083623693379784,22.0
7,0.45,0.55,0.26,18.0,2.0,75,0.48083623693379784,0.0,0.2636231364608904,4.441716536657798,0.48083623693379784,22.0
7,0.45,0.55,0.26,18.0,2.0,35,0.48083623693379784,0.0,0.2636231364608904,4.441716536657798,0.48083623693379784,22.12
11,0.45,0.55,0.05,18.0,2.0,75,0.48083623693379784,0.0,0.2636231364608904,4.441716536657798,0.48083623693379784,22.0
11,0.45,0.55,0.05,18.0,2.0,35,0.48083623693379784,0.0,0.2636231364608904,4.441716536657798,0.48083623693379784,22.12
11,0.45,0.55,0.1,18.0,2.0,35,0.48083623693379784,0.0,0.2636231364608904,4.441716536657798,0.48083623693379784,22.12
11,0.45,0.55,0.1,18.0,2.0,75,0.48083623693379784,0.0,0.2636231364608904,4.441716536657798,0.48083623693379784,22.0
11,0.45,0.55,0.18,18.0,2.0,35,0.48083623693379784,0.0,0.2636231364608904,4.441716536657798,0.48083623693379784,22.12
11,0.45,0.55,0.18,18.0,2.0,75,0.48083623693379784,0.0,0.2636231364608904,4.441716536657798,0.48083623693379784,22.0
11,0.45,0.55,0.26,18.0,2.0,35,0.48083623693379784,0.0,0.2636231364608904,4.441716536657798,0.48083623693379784,22.12
11,0.45,0.55,0.26,18.0,2.0,75,0.48083623693379784,0.0,0.2636231364608904,4.441716536657798,0.48083623693379784,22.0
15,0.45,0.55,0.05,18.0,2.0,35,0.48083623693379784,0.0,0.2636231364608904,4.441716536657798,0.48083623693379784,22.12
15,0.45,0.55,0.05,18.0,2.0,75,0.48083623693379784,0.0,0.2636231364608904,4.441716536657798,0.48083623693379784,22.0
15,0.45,0.55,0.1,18.0,2.0,75,0.48083623693379784,0.0,0.2636231364608904,4.441716536657798,0.48083623693379784,22.0
15,0.45,0.55,0.1,18.0,2.0,35,0.48083623693379784,0.0,0.2636231364608904,4.441716536657798,0.48083623693379784,22.12
15,0.45,0.55,0.18,18.0,2.0,35,0.48083623693379784,0.0,0.2636231364608904,4.441716536657798,0.48083623693379784,22.12
15,0.45,0.55,0.18,18.0,2.0,75,0.48083623693379784,0.0,0.2636231364608904,4.441716536657798,0.48083623693379784,22.0
15,0.45,0.55,0.26,18.0,2.0,35,0.48083623693379784,0.0,0.2636231364608904,4.441716536657798,0.48083623693379784,22.12
15,0.45,0.55,0.26,18.0,2.0,75,0.48083623693379784,0.0,0.2636231364608904,4.441716536657798,0.48083623693379784,22.0
7,0.35,0.55,0.05,8.0,1.2,75,0.4801280512204882,0.0,0.25719613533876773,6.430197741693824,0.4801280512204882,32.12
7,0.35,0.55,0.1,8.0,1.2,75,0.4801280512204882,0.0,0.25719613533876773,6.430197741693824,0.4801280512204882,32.12
7,0.35,0.55,0.18,8.0,1.2,75,0.4801280512204882,0.0,0.25719613533876773,6.430197741693824,0.4801280512204882,32.12
7,0.35,0.55,0.26,8.0,1.2,75,0.4801280512204882,0.0,0.25719613533876773,6.430197741693824,0.4801280512204882,32.12
11,0.35,0.55,0.05,8.0,1.2,75,0.4801280512204882,0.0,0.25719613533876773,6.430197741693824,0.4801280512204882,32.12
11,0.35,0.55,0.1,8.0,1.2,75,0.4801280512204882,0.0,0.25719613533876773,6.430197741693824,0.4801280512204882,32.12
11,0.35,0.55,0.18,8.0,1.2,75,0.4801280512204882,0.0,0.25719613533876773,6.430197741693824,0.4801280512204882,32.12
11,0.35,0.55,0.26,8.0,1.2,75,0.4801280512204882,0.0,0.25719613533876773,6.430197741693824,0.4801280512204882,32.12
15,0.35,0.55,0.05,8.0,1.2,75,0.4801280512204882,0.0,0.25719613533876773,6.430197741693824,0.4801280512204882,32.12
15,0.35,0.55,0.1,8.0,1.2,75,0.4801280512204882,0.0,0.25719613533876773,6.430197741693824,0.4801280512204882,32.12
15,0.35,0.55,0.18,8.0,1.2,75,0.4801280512204882,0.0,0.25719613533876773,6.430197741693824,0.4801280512204882,32.12
15,0.35,0.55,0.26,8.0,1.2,75,0.4801280512204882,0.0,0.25719613533876773,6.430197741693824,0.4801280512204882,32.12
7,0.35,0.55,0.05,8.0,1.2,35,0.47420870234886403,0.0,0.2538583082919064,6.430197741693824,0.47420870234886403,32.68
7,0.35,0.55,0.1,8.0,1.2,35,0.47420870234886403,0.0,0.2538583082919064,6.430197741693824,0.47420870234886403,32.68
7,0.35,0.55,0.18,8.0,1.2,35,0.47420870234886403,0.0,0.2538583082919064,6.430197741693824,0.47420870234886403,32.68
7,0.35,0.55,0.26,8.0,1.2,35,0.47420870234886403,0.0,0.2538583082919064,6.430197741693824,0.47420870234886403,32.68
11,0.35,0.55,0.05,8.0,1.2,35,0.47420870234886403,0.0,0.2538583082919064,6.430197741693824,0.47420870234886403,32.68
11,0.35,0.55,0.1,8.0,1.2,35,0.47420870234886403,0.0,0.2538583082919064,6.430197741693824,0.47420870234886403,32.68
11,0.35,0.55,0.18,8.0,1.2,35,0.47420870234886403,0.0,0.2538583082919064,6.430197741693824,0.47420870234886403,32.68
11,0.35,0.55,0.26,8.0,1.2,35,0.47420870234886403,0.0,0.2538583082919064,6.430197741693824,0.47420870234886403,32.68
15,0.35,0.55,0.05,8.0,1.2,35,0.47420870234886403,0.0,0.2538583082919064,6.430197741693824,0.47420870234886403,32.68
15,0.35,0.55,0.1,8.0,1.2,35,0.47420870234886403,0.0,0.2538583082919064,6.430197741693824,0.47420870234886403,32.68
15,0.35,0.55,0.18,8.0,1.2,35,0.47420870234886403,0.0,0.2538583082919064,6.430197741693824,0.47420870234886403,32.68
15,0.35,0.55,0.26,8.0,1.2,35,0.47420870234886403,0.0,0.2538583082919064,6.430197741693824,0.47420870234886403,32.68
7,0.45,0.55,0.05,13.0,2.0,35,0.4619085805934242,0.0,0.2531429000740051,4.441716536657798,0.4619085805934242,23.88
7,0.45,0.55,0.05,13.0,2.0,75,0.4619085805934242,0.0,0.2531429000740051,4.441716536657798,0.4619085805934242,23.72
7,0.45,0.55,0.1,13.0,2.0,35,0.4619085805934242,0.0,0.2531429000740051,4.441716536657798,0.4619085805934242,23.88
7,0.45,0.55,0.1,13.0,2.0,75,0.4619085805934242,0.0,0.2531429000740051,4.441716536657798,0.4619085805934242,23.72
7,0.45,0.55,0.18,13.0,2.0,75,0.4619085805934242,0.0,0.2531429000740051,4.441716536657798,0.4619085805934242,23.72
7,0.45,0.55,0.18,13.0,2.0,35,0.4619085805934242,0.0,0.2531429000740051,4.441716536657798,0.4619085805934242,23.88
7,0.45,0.55,0.26,13.0,2.0,35,0.4619085805934242,0.0,0.2531429000740051,4.441716536657798,0.4619085805934242,23.88
7,0.45,0.55,0.26,13.0,2.0,75,0.4619085805934242,0.0,0.2531429000740051,4.441716536657798,0.4619085805934242,23.72
11,0.45,0.55,0.05,13.0,2.0,75,0.4619085805934242,0.0,0.2531429000740051,4.441716536657798,0.4619085805934242,23.72
11,0.45,0.55,0.05,13.0,2.0,35,0.4619085805934242,0.0,0.2531429000740051,4.441716536657798,0.4619085805934242,23.88
11,0.45,0.55,0.1,13.0,2.0,35,0.4619085805934242,0.0,0.2531429000740051,4.441716536657798,0.4619085805934242,23.88
11,0.45,0.55,0.1,13.0,2.0,75,0.4619085805934242,0.0,0.2531429000740051,4.441716536657798,0.4619085805934242,23.72
11,0.45,0.55,0.18,13.0,2.0,35,0.4619085805934242,0.0,0.2531429000740051,4.441716536657798,0.4619085805934242,23.88
11,0.45,0.55,0.18,13.0,2.0,75,0.4619085805934242,0.0,0.2531429000740051,4.441716536657798,0.4619085805934242,23.72
11,0.45,0.55,0.26,13.0,2.0,35,0.4619085805934242,0.0,0.2531429000740051,4.441716536657798,0.4619085805934242,23.88
11,0.45,0.55,0.26,13.0,2.0,75,0.4619085805934242,0.0,0.2531429000740051,4.441716536657798,0.4619085805934242,23.72
15,0.45,0.55,0.05,13.0,2.0,35,0.4619085805934242,0.0,0.2531429000740051,4.441716536657798,0.4619085805934242,23.88
15,0.45,0.55,0.05,13.0,2.0,75,0.4619085805934242,0.0,0.2531429000740051,4.441716536657798,0.4619085805934242,23.72
15,0.45,0.55,0.1,13.0,2.0,75,0.4619085805934242,0.0,0.2531429000740051,4.441716536657798,0.4619085805934242,23.72
15,0.45,0.55,0.1,13.0,2.0,35,0.4619085805934242,0.0,0.2531429000740051,4.441716536657798,0.4619085805934242,23.88
15,0.45,0.55,0.18,13.0,2.0,35,0.4619085805934242,0.0,0.2531429000740051,4.441716536657798,0.4619085805934242,23.88
15,0.45,0.55,0.18,13.0,2.0,75,0.4619085805934242,0.0,0.2531429000740051,4.441716536657798,0.4619085805934242,23.72
15,0.45,0.55,0.26,13.0,2.0,35,0.4619085805934242,0.0,0.2531429000740051,4.441716536657798,0.4619085805934242,23.88
15,0.45,0.55,0.26,13.0,2.0,75,0.4619085805934242,0.0,0.2531429000740051,4.441716536657798,0.4619085805934242,23.72
7,0.35,0.42,0.05,24.0,2.0,35,0.45318646734854456,0.0,0.28046437961453063,5.024365299706537,0.45318646734854445,23.56
7,0.35,0.42,0.05,24.0,2.0,75,0.45318646734854456,0.0,0.28046437961453063,5.024365299706537,0.45318646734854445,23.28
7,0.35,0.42,0.1,24.0,2.0,35,0.45318646734854456,0.0,0.28046437961453063,5.024365299706537,0.45318646734854445,23.52
7,0.35,0.42,0.1,24.0,2.0,75,0.45318646734854456,0.0,0.28046437961453063,5.024365299706537,0.45318646734854445,23.24
7,0.35,0.42,0.18,24.0,2.0,35,0.45318646734854456,0.0,0.28046437961453063,5.024365299706537,0.45318646734854445,23.52
7,0.35,0.42,0.18,24.0,2.0,75,0.45318646734854456,0.0,0.28046437961453063,5.024365299706537,0.45318646734854445,23.24
7,0.35,0.42,0.26,24.0,2.0,35,0.45318646734854456,0.0,0.28046437961453063,5.024365299706537,0.45318646734854445,23.52
7,0.35,0.42,0.26,24.0,2.0,75,0.45318646734854456,0.0,0.28046437961453063,5.024365299706537,0.45318646734854445,23.24
11,0.35,0.42,0.05,24.0,2.0,35,0.45318646734854456,0.0,0.28046437961453063,5.024365299706537,0.45318646734854445,23.56
11,0.35,0.42,0.05,24.0,2.0,75,0.45318646734854456,0.0,0.28046437961453063,5.024365299706537,0.45318646734854445,23.28
11,0.35,0.42,0.1,24.0,2.0,75,0.45318646734854456,0.0,0.28046437961453063,5.024365299706537,0.45318646734854445,23.24
11,0.35,0.42,0.1,24.0,2.0,35,0.45318646734854456,0.0,0.28046437961453063,5.024365299706537,0.45318646734854445,23.52
11,0.35,0.42,0.18,24.0,2.0,35,0.45318646734854456,0.0,0.28046437961453063,5.024365299706537,0.45318646734854445,23.52
11,0.35,0.42,0.18,24.0,2.0,75,0.45318646734854456,0.0,0.28046437961453063,5.024365299706537,0.45318646734854445,23.24
11,0.35,0.42,0.26,24.0,2.0,75,0.45318646734854456,0.0,0.28046437961453063,5.024365299706537,0.45318646734854445,23.24
11,0.35,0.42,0.26,24.0,2.0,35,0.45318646734854456,0.0,0.28046437961453063,5.024365299706537,0.45318646734854445,23.52
15,0.35,0.42,0.05,24.0,2.0,35,0.45318646734854456,0.0,0.28046437961453063,5.024365299706537,0.45318646734854445,23.56
15,0.35,0.42,0.05,24.0,2.0,75,0.45318646734854456,0.0,0.28046437961453063,5.024365299706537,0.45318646734854445,23.28
15,0.35,0.42,0.1,24.0,2.0,75,0.45318646734854456,0.0,0.28046437961453063,5.024365299706537,0.45318646734854445,23.24
15,0.35,0.42,0.1,24.0,2.0,35,0.45318646734854456,0.0,0.28046437961453063,5.024365299706537,0.45318646734854445,23.52
15,0.35,0.42,0.18,24.0,2.0,35,0.45318646734854456,0.0,0.28046437961453063,5.024365299706537,0.45318646734854445,23.52
15,0.35,0.42,0.18,24.0,2.0,75,0.45318646734854456,0.0,0.28046437961453063,5.024365299706537,0.45318646734854445,23.24
15,0.35,0.42,0.26,24.0,2.0,75,0.45318646734854456,0.0,0.28046437961453063,5.024365299706537,0.45318646734854445,23.24
15,0.35,0.42,0.26,24.0,2.0,35,0.45318646734854456,0.0,0.28046437961453063,5.024365299706537,0.45318646734854445,23.52
7,0.35,0.55,0.05,18.0,0.6,35,0.436046511627907,0.0,0.24581282705716284,4.565231146535868,0.436046511627907,24.68
7,0.35,0.55,0.05,18.0,0.6,75,0.436046511627907,0.0,0.24581282705716284,4.565231146535868,0.436046511627907,24.24
7,0.35,0.55,0.1,18.0,0.6,35,0.436046511627907,0.0,0.24581282705716284,4.565231146535868,0.436046511627907,24.68
7,0.35,0.55,0.1,18.0,0.6,75,0.436046511627907,0.0,0.24581282705716284,4.565231146535868,0.436046511627907,24.24
7,0.35,0.55,0.18,18.0,0.6,75,0.436046511627907,0.0,0.24581282705716284,4.565231146535868,0.436046511627907,24.24
7,0.35,0.55,0.18,18.0,0.6,35,0.436046511627907,0.0,0.24581282705716284,4.565231146535868,0.436046511627907,24.68
7,0.35,0.55,0.26,18.0,0.6,35,0.436046511627907,0.0,0.24581282705716284,4.565231146535868,0.436046511627907,24.68
7,0.35,0.55,0.26,18.0,0.6,75,0.436046511627907,0.0,0.24581282705716284,4.565231146535868,0.436046511627907,24.24
11,0.35,0.55,0.05,18.0,0.6,75,0.436046511627907,0.0,0.24581282705716284,4.565231146535868,0.436046511627907,24.24
11,0.35,0.55,0.05,18.0,0.6,35,0.436046511627907,0.0,0.24581282705716284,4.565231146535868,0.436046511627907,24.68
11,0.35,0.55,0.1,18.0,0.6,35,0.436046511627907,0.0,0.24581282705716284,4.565231146535868,0.436046511627907,24.68
11,0.35,0.55,0.1,18.0,0.6,75,0.436046511627907,0.0,0.24581282705716284,4.565231146535868,0.436046511627907,24.24
11,0.35,0.55,0.18,18.0,0.6,35,0.436046511627907,0.0,0.24581282705716284,4.565231146535868,0.436046511627907,24.68
11,0.35,0.55,0.18,18.0,0.6,75,0.436046511627907,0.0,0.24581282705716284,4.565231146535868,0.436046511627907,24.24
11,0.35,0.55,0.26,18.0,0.6,35,0.436046511627907,0.0,0.24581282705716284,4.565231146535868,0.436046511627907,24.68
11,0.35,0.55,0.26,18.0,0.6,75,0.436046511627907,0.0,0.24581282705716284,4.565231146535868,0.436046511627907,24.24
15,0.35,0.55,0.05,18.0,0.6,35,0.436046511627907,0.0,0.24581282705716284,4.565231146535868,0.436046511627907,24.68
15,0.35,0.55,0.05,18.0,0.6,75,0.436046511627907,0.0,0.24581282705716284,4.565231146535868,0.436046511627907,24.24
15,0.35,0.55,0.1,18.0,0.6,35,0.436046511627907,0.0,0.24581282705716284,4.565231146535868,0.436046511627907,24.68
15,0.35,0.55,0.1,18.0,0.6,75,0.436046511627907,0.0,0.24581282705716284,4.565231146535868,0.436046511627907,24.24
15,0.35,0.55,0.18,18.0,0.6,35,0.436046511627907,0.0,0.24581282705716284,4.565231146535868,0.436046511627907,24.68
15,0.35,0.55,0.18,18.0,0.6,75,0.436046511627907,0.0,0.24581282705716284,4.565231146535868,0.436046511627907,24.24
15,0.35,0.55,0.26,18.0,0.6,35,0.436046511627907,0.0,0.24581282705716284,4.565231146535868,0.436046511627907,24.68
15,0.35,0.55,0.26,18.0,0.6,75,0.436046511627907,0.0,0.24581282705716284,4.565231146535868,0.436046511627907,24.24
7,0.35,0.55,0.05,13.0,0.6,35,0.4239130434782609,0.0,0.23671951056966917,4.539686082158186,0.4239130434782609,26.96
7,0.35,0.55,0.05,13.0,0.6,75,0.4239130434782609,0.0,0.23671951056966917,4.539686082158186,0.4239130434782609,26.4
7,0.35,0.55,0.1,13.0,0.6,35,0.4239130434782609,0.0,0.23671951056966917,4.539686082158186,0.4239130434782609,26.96
7,0.35,0.55,0.1,13.0,0.6,75,0.4239130434782609,0.0,0.23671951056966917,4.539686082158186,0.4239130434782609,26.4
7,0.35,0.55,0.18,13.0,0.6,75,0.4239130434782609,0.0,0.23671951056966917,4.539686082158186,0.4239130434782609,26.4
7,0.35,0.55,0.18,13.0,0.6,35,0.4239130434782609,0.0,0.23671951056966917,4.539686082158186,0.4239130434782609,26.96
7,0.35,0.55,0.26,13.0,0.6,75,0.4239130434782609,0.0,0.23671951056966917,4.539686082158186,0.4239130434782609,26.4
7,0.35,0.55,0.26,13.0,0.6,35,0.4239130434782609,0.0,0.23671951056966917,4.539686082158186,0.4239130434782609,26.96
11,0.35,0.55,0.05,13.0,0.6,75,0.4239130434782609,0.0,0.23671951056966917,4.539686082158186,0.4239130434782609,26.4
11,0.35,0.55,0.05,13.0,0.6,35,0.4239130434782609,0.0,0.23671951056966917,4.539686082158186,0.4239130434782609,26.96
11,0.35,0.55,0.1,13.0,0.6,35,0.4239130434782609,0.0,0.23671951056966917,4.539686082158186,0.4239130434782609,26.96
11,0.35,0.55,0.1,13.0,0.6,75,0.4239130434782609,0.0,0.23671951056966917,4.539686082158186,0.4239130434782609,26.4
11,0.35,0.55,0.18,13.0,0.6,75,0.4239130434782609,0.0,0.23671951056966917,4.539686082158186,0.4239130434782609,26.4
11,0.35,0.55,0.18,13.0,0.6,35,0.4239130434782609,0.0,0.23671951056966917,4.539686082158186,0.4239130434782609,26.96
11,0.35,0.55,0.26,13.0,0.6,35,0.4239130434782609,0.0,0.23671951056966917,4.539686082158186,0.4239130434782609,26.96
11,0.35,0.55,0.26,13.0,0.6,75,0.4239130434782609,0.0,0.23671951056966917,4.539686082158186,0.4239130434782609,26.4
15,0.35,0.55,0.05,13.0,0.6,75,0.4239130434782609,0.0,0.23671951056966917,4.539686082158186,0.4239130434782609,26.4
15,0.35,0.55,0.05,13.0,0.6,35,0.4239130434782609,0.0,0.23671951056966917,4.539686082158186,0.4239130434782609,26.96
15,0.35,0.55,0.1,13.0,0.6,35,0.4239130434782609,0.0,0.23671951056966917,4.539686082158186,0.4239130434782609,26.96
15,0.35,0.55,0.1,13.0,0.6,75,0.4239130434782609,0.0,0.23671951056966917,4.539686082158186,0.4239130434782609,26.4
15,0.35,0.55,0.18,13.0,0.6,75,0.4239130434782609,0.0,0.23671951056966917,4.539686082158186,0.4239130434782609,26.4
15,0.35,0.55,0.18,13.0,0.6,35,0.4239130434782609,0.0,0.23671951056966917,4.539686082158186,0.4239130434782609,26.96
15,0.35,0.55,0.26,13.0,0.6,75,0.4239130434782609,0.0,0.23671951056966917,4.539686082158186,0.4239130434782609,26.4
15,0.35,0.55,0.26,13.0,0.6,35,0.4239130434782609,0.0,0.23671951056966917,4.539686082158186,0.4239130434782609,26.96
7,0.25,0.55,0.05,13.0,0.6,75,0.38857142857142857,0.0,0.2170432863274065,4.539686082158186,0.38857142857142857,28.52
7,0.25,0.55,0.1,13.0,0.6,75,0.38857142857142857,0.0,0.2170432863274065,4.539686082158186,0.38857142857142857,28.52
7,0.25,0.55,0.18,13.0,0.6,75,0.38857142857142857,0.0,0.2170432863274065,4.539686082158186,0.38857142857142857,28.52
7,0.25,0.55,0.26,13.0,0.6,75,0.38857142857142857,0.0,0.2170432863274065,4.539686082158186,0.38857142857142857,28.52
11,0.25,0.55,0.05,13.0,0.6,75,0.38857142857142857,0.0,0.2170432863274065,4.539686082158186,0.38857142857142857,28.52
11,0.25,0.55,0.1,13.0,0.6,75,0.38857142857142857,0.0,0.2170432863274065,4.539686082158186,0.38857142857142857,28.52
11,0.25,0.55,0.18,13.0,0.6,75,0.38857142857142857,0.0,0.2170432863274065,4.539686082158186,0.38857142857142857,28.52
11,0.25,0.55,0.26,13.0,0.6,75,0.38857142857142857,0.0,0.2170432863274065,4.539686082158186,0.38857142857142857,28.52
15,0.25,0.55,0.05,13.0,0.6,75,0.38857142857142857,0.0,0.2170432863274065,4.539686082158186,0.38857142857142857,28.52
15,0.25,0.55,0.1,13.0,0.6,75,0.38857142857142857,0.0,0.2170432863274065,4.539686082158186,0.38857142857142857,28.52
15,0.25,0.55,0.18,13.0,0.6,75,0.38857142857142857,0.0,0.2170432863274065,4.539686082158186,0.38857142857142857,28.52
15,0.25,0.55,0.26,13.0,0.6,75,0.38857142857142857,0.0,0.2170432863274065,4.539686082158186,0.38857142857142857,28.52
7,0.25,0.55,0.05,13.0,0.6,35,0.38543417366946775,0.0,0.21510491097726644,4.539686082158186,0.38543417366946775,29.76
7,0.25,0.55,0.1,13.0,0.6,35,0.38543417366946775,0.0,0.21510491097726644,4.539686082158186,0.38543417366946775,29.76
7,0.25,0.55,0.18,13.0,0.6,35,0.38543417366946775,0.0,0.21510491097726644,4.539686082158186,0.38543417366946775,29.76
7,0.25,0.55,0.26,13.0,0.6,35,0.38543417366946775,0.0,0.21510491097726644,4.539686082158186,0.38543417366946775,29.76
11,0.25,0.55,0.05,13.0,0.6,35,0.38543417366946775,0.0,0.21510491097726644,4.539686082158186,0.38543417366946775,29.76
11,0.25,0.55,0.1,13.0,0.6,35,0.38543417366946775,0.0,0.21510491097726644,4.539686082158186,0.38543417366946775,29.76
11,0.25,0.55,0.18,13.0,0.6,35,0.38543417366946775,0.0,0.21510491097726644,4.539686082158186,0.38543417366946775,29.76
11,0.25,0.55,0.26,13.0,0.6,35,0.38543417366946775,0.0,0.21510491097726644,4.539686082158186,0.38543417366946775,29.76
15,0.25,0.55,0.05,13.0,0.6,35,0.38543417366946775,0.0,0.21510491097726644,4.539686082158186,0.38543417366946775,29.76
15,0.25,0.55,0.1,13.0,0.6,35,0.38543417366946775,0.0,0.21510491097726644,4.539686082158186,0.38543417366946775,29.76
15,0.25,0.55,0.18,13.0,0.6,35,0.38543417366946775,0.0,0.21510491097726644,4.539686082158186,0.38543417366946775,29.76
15,0.25,0.55,0.26,13.0,0.6,35,0.38543417366946775,0.0,0.21510491097726644,4.539686082158186,0.38543417366946775,29.76
7,0.25,0.55,0.05,24.0,2.0,35,0.37229437229437223,0.0,0.20799553298762394,4.475565974818489,0.3722943722943723,24.64
7,0.25,0.55,0.05,24.0,2.0,75,0.37229437229437223,0.0,0.20799553298762394,4.475565974818489,0.3722943722943723,24.04
7,0.25,0.55,0.1,24.0,2.0,75,0.37229437229437223,0.0,0.20799553298762394,4.475565974818489,0.3722943722943723,23.96
7,0.25,0.55,0.1,24.0,2.0,35,0.37229437229437223,0.0,0.20799553298762394,4.475565974818489,0.3722943722943723,24.56
7,0.25,0.55,0.18,24.0,2.0,35,0.37229437229437223,0.0,0.20799553298762394,4.475565974818489,0.3722943722943723,24.56
7,0.25,0.55,0.18,24.0,2.0,75,0.37229437229437223,0.0,0.20799553298762394,4.475565974818489,0.3722943722943723,23.96
7,0.25,0.55,0.26,24.0,2.0,75,0.37229437229437223,0.0,0.20799553298762394,4.475565974818489,0.3722943722943723,23.96
7,0.25,0.55,0.26,24.0,2.0,35,0.37229437229437223,0.0,0.20799553298762394,4.475565974818489,0.3722943722943723,24.56
11,0.25,0.55,0.05,24.0,2.0,35,0.37229437229437223,0.0,0.20799553298762394,4.475565974818489,0.3722943722943723,24.64
11,0.25,0.55,0.05,24.0,2.0,75,0.37229437229437223,0.0,0.20799553298762394,4.475565974818489,0.3722943722943723,24.04
11,0.25,0.55,0.1,24.0,2.0,75,0.37229437229437223,0.0,0.20799553298762394,4.475565974818489,0.3722943722943723,23.96
11,0.25,0.55,0.1,24.0,2.0,35,0.37229437229437223,0.0,0.20799553298762394,4.475565974818489,0.3722943722943723,24.56
11,0.25,0.55,0.18,24.0,2.0,35,0.37229437229437223,0.0,0.20799553298762394,4.475565974818489,0.3722943722943723,24.56
11,0.25,0.55,0.18,24.0,2.0,75,0.37229437229437223,0.0,0.20799553298762394,4.475565974818489,0.3722943722943723,23.96
11,0.25,0.55,0.26,24.0,2.0,75,0.37229437229437223,0.0,0.20799553298762394,4.475565974818489,0.3722943722943723,23.96
11,0.25,0.55,0.26,24.0,2.0,35,0.37229437229437223,0.0,0.20799553298762394,4.475565974818489,0.3722943722943723,24.56
15,0.25,0.55,0.05,24.0,2.0,75,0.37229437229437223,0.0,0.20799553298762394,4.475565974818489,0.3722943722943723,24.04
15,0.25,0.55,0.05,24.0,2.0,35,0.37229437229437223,0.0,0.20799553298762394,4.475565974818489,0.3722943722943723,24.64
15,0.25,0.55,0.1,24.0,2.0,35,0.37229437229437223,0.0,0.20799553298762394,4.475565974818489,0.3722943722943723,24.56
15,0.25,0.55,0.1,24.0,2.0,75,0.37229437229437223,0.0,0.20799553298762394,4.475565974818489,0.3722943722943723,23.96
15,0.25,0.55,0.18,24.0,2.0,35,0.37229437229437223,0.0,0.20799553298762394,4.475565974818489,0.3722943722943723,24.56
15,0.25,0.55,0.18,24.0,2.0,75,0.37229437229437223,0.0,0.20799553298762394,4.475565974818489,0.3722943722943723,23.96
15,0.25,0.55,0.26,24.0,2.0,75,0.37229437229437223,0.0,0.20799553298762394,4.475565974818489,0.3722943722943723,23.96
15,0.25,0.55,0.26,24.0,2.0,35,0.37229437229437223,0.0,0.20799553298762394,4.475565974818489,0.3722943722943723,24.56
7,0.35,0.55,0.05,13.0,1.2,75,0.3682539682539683,0.0,0.19986878706277225,4.347613636779319,0.3682539682539683,26.56
7,0.35,0.55,0.1,13.0,1.2,75,0.3682539682539683,0.0,0.19986878706277225,4.347613636779319,0.3682539682539683,26.56
7,0.35,0.55,0.18,13.0,1.2,75,0.3682539682539683,0.0,0.19986878706277225,4.347613636779319,0.3682539682539683,26.56
7,0.35,0.55,0.26,13.0,1.2,75,0.3682539682539683,0.0,0.19986878706277225,4.347613636779319,0.3682539682539683,26.56
11,0.35,0.55,0.05,13.0,1.2,75,0.3682539682539683,0.0,0.19986878706277225,4.347613636779319,0.3682539682539683,26.56
11,0.35,0.55,0.1,13.0,1.2,75,0.3682539682539683,0.0,0.19986878706277225,4.347613636779319,0.3682539682539683,26.56
11,0.35,0.55,0.18,13.0,1.2,75,0.3682539682539683,0.0,0.19986878706277225,4.347613636779319,0.3682539682539683,26.56
11,0.35,0.55,0.26,13.0,1.2,75,0.3682539682539683,0.0,0.19986878706277225,4.347613636779319,0.3682539682539683,26.56
15,0.35,0.55,0.05,13.0,1.2,75,0.3682539682539683,0.0,0.19986878706277225,4.347613636779319,0.3682539682539683,26.56
15,0.35,0.55,0.1,13.0,1.2,75,0.3682539682539683,0.0,0.19986878706277225,4.347613636779319,0.3682539682539683,26.56
15,0.35,0.55,0.18,13.0,1.2,75,0.3682539682539683,0.0,0.19986878706277225,4.347613636779319,0.3682539682539683,26.56
15,0.35,0.55,0.26,13.0,1.2,75,0.3682539682539683,0.0,0.19986878706277225,4.347613636779319,0.3682539682539683,26.56
7,0.35,0.55,0.05,13.0,1.2,35,0.36438923395445133,0.0,0.197689524621307,4.347613636779319,0.36438923395445133,27.08
7,0.35,0.55,0.1,13.0,1.2,35,0.36438923395445133,0.0,0.197689524621307,4.347613636779319,0.36438923395445133,27.08
7,0.35,0.55,0.18,13.0,1.2,35,0.36438923395445133,0.0,0.197689524621307,4.347613636779319,0.36438923395445133,27.08
7,0.35,0.55,0.26,13.0,1.2,35,0.36438923395445133,0.0,0.197689524621307,4.347613636779319,0.36438923395445133,27.08
11,0.35,0.55,0.05,13.0,1.2,35,0.36438923395445133,0.0,0.197689524621307,4.347613636779319,0.36438923395445133,27.08
11,0.35,0.55,0.1,13.0,1.2,35,0.36438923395445133,0.0,0.197689524621307,4.347613636779319,0.36438923395445133,27.08
11,0.35,0.55,0.18,13.0,1.2,35,0.36438923395445133,0.0,0.197689524621307,4.347613636779319,0.36438923395445133,27.08
11,0.35,0.55,0.26,13.0,1.2,35,0.36438923395445133,0.0,0.197689524621307,4.347613636779319,0.36438923395445133,27.08
15,0.35,0.55,0.05,13.0,1.2,35,0.36438923395445133,0.0,0.197689524621307,4.347613636779319,0.36438923395445133,27.08
15,0.35,0.55,0.1,13.0,1.2,35,0.36438923395445133,0.0,0.197689524621307,4.347613636779319,0.36438923395445133,27.08
15,0.35,0.55,0.18,13.0,1.2,35,0.36438923395445133,0.0,0.197689524621307,4.347613636779319,0.36438923395445133,27.08
15,0.35,0.55,0.26,13.0,1.2,35,0.36438923395445133,0.0,0.197689524621307,4.347613636779319,0.36438923395445133,27.08
7,0.55,0.55,0.05,8.0,2.0,35,0.3617886178861789,0.0,0.20077551811514427,4.461306588861948,0.3617886178861789,25.4
7,0.55,0.55,0.05,8.0,2.0,75,0.3617886178861789,0.0,0.20077551811514427,4.461306588861948,0.3617886178861789,25.32
7,0.55,0.55,0.1,8.0,2.0,75,0.3617886178861789,0.0,0.20077551811514427,4.461306588861948,0.3617886178861789,25.32
7,0.55,0.55,0.1,8.0,2.0,35,0.3617886178861789,0.0,0.20077551811514427,4.461306588861948,0.3617886178861789,25.4
7,0.55,0.55,0.18,8.0,2.0,35,0.3617886178861789,0.0,0.20077551811514427,4.461306588861948,0.3617886178861789,25.4
7,0.55,0.55,0.18,8.0,2.0,75,0.3617886178861789,0.0,0.20077551811514427,4.461306588861948,0.3617886178861789,25.32
7,0.55,0.55,0.26,8.0,2.0,75,0.3617886178861789,0.0,0.20077551811514427,4.461306588861948,0.3617886178861789,25.32
7,0.55,0.55,0.26,8.0,2.0,35,0.3617886178861789,0.0,0.20077551811514427,4.461306588861948,0.3617886178861789,25.4
11,0.55,0.55,0.05,8.0,2.0,35,0.3617886178861789,0.0,0.20077551811514427,4.461306588861948,0.3617886178861789,25.4
11,0.55,0.55,0.05,8.0,2.0,75,0.3617886178861789,0.0,0.20077551811514427,4.461306588861948,0.3617886178861789,25.32
11,0.55,0.55,0.1,8.0,2.0,75,0.3617886178861789,0.0,0.20077551811514427,4.461306588861948,0.3617886178861789,25.32
11,0.55,0.55,0.1,8.0,2.0,35,0.3617886178861789,0.0,0.20077551811514427,4.461306588861948,0.3617886178861789,25.4
11,0.55,0.55,0.18,8.0,2.0,35,0.3617886178861789,0.0,0.20077551811514427,4.461306588861948,0.3617886178861789,25.4
11,0.55,0.55,0.18,8.0,2.0,75,0.3617886178861789,0.0,0.20077551811514427,4.461306588861948,0.3617886178861789,25.32
11,0.55,0.55,0.26,8.0,2.0,35,0.3617886178861789,0.0,0.20077551811514427,4.461306588861948,0.3617886178861789,25.4
11,0.55,0.55,0.26,8.0,2.0,75,0.3617886178861789,0.0,0.20077551811514427,4.461306588861948,0.3617886178861789,25.32
15,0.55,0.55,0.05,8.0,2.0,35,0.3617886178861789,0.0,0.20077551811514427,4.461306588861948,0.3617886178861789,25.4
15,0.55,0.55,0.05,8.0,2.0,75,0.3617886178861789,0.0,0.20077551811514427,4.461306588861948,0.3617886178861789,25.32
15,0.55,0.55,0.1,8.0,2.0,75,0.3617886178861789,0.0,0.20077551811514427,4.461306588861948,0.3617886178861789,25.32
15,0.55,0.55,0.1,8.0,2.0,35,0.3617886178861789,0.0,0.20077551811514427,4.461306588861948,0.3617886178861789,25.4
15,0.55,0.55,0.18,8.0,2.0,35,0.3617886178861789,0.0,0.20077551811514427,4.461306588861948,0.3617886178861789,25.4
15,0.55,0.55,0.18,8.0,2.0,75,0.3617886178861789,0.0,0.20077551811514427,4.461306588861948,0.3617886178861789,25.32
15,0.55,0.55,0.26,8.0,2.0,75,0.3617886178861789,0.0,0.20077551811514427,4.461306588861948,0.3617886178861789,25.32
15,0.55,0.55,0.26,8.0,2.0,35,0.3617886178861789,0.0,0.20077551811514427,4.461306588861948,0.3617886178861789,25.4
7,0.25,0.55,0.05,18.0,2.0,35,0.34799054373522453,0.0,0.19443458194328128,4.475565974818489,0.3479905437352246,27.04
7,0.25,0.55,0.05,18.0,2.0,75,0.34799054373522453,0.0,0.19443458194328128,4.475565974818489,0.3479905437352246,26.4
7,0.25,0.55,0.1,18.0,2.0,75,0.34799054373522453,0.0,0.19443458194328128,4.475565974818489,0.3479905437352246,26.4
7,0.25,0.55,0.1,18.0,2.0,35,0.34799054373522453,0.0,0.19443458194328128,4.475565974818489,0.3479905437352246,27.0
7,0.25,0.55,0.18,18.0,2.0,75,0.34799054373522453,0.0,0.19443458194328128,4.475565974818489,0.3479905437352246,26.4
7,0.25,0.55,0.18,18.0,2.0,35,0.34799054373522453,0.0,0.19443458194328128,4.475565974818489,0.3479905437352246,27.0
7,0.25,0.55,0.26,18.0,2.0,35,0.34799054373522453,0.0,0.19443458194328128,4.475565974818489,0.3479905437352246,27.0
7,0.25,0.55,0.26,18.0,2.0,75,0.34799054373522453,0.0,0.19443458194328128,4.475565974818489,0.3479905437352246,26.4
11,0.25,0.55,0.05,18.0,2.0,75,0.34799054373522453,0.0,0.19443458194328128,4.475565974818489,0.3479905437352246,26.4
11,0.25,0.55,0.05,18.0,2.0,35,0.34799054373522453,0.0,0.19443458194328128,4.475565974818489,0.3479905437352246,27.04
11,0.25,0.55,0.1,18.0,2.0,75,0.34799054373522453,0.0,0.19443458194328128,4.475565974818489,0.3479905437352246,26.4
11,0.25,0.55,0.1,18.0,2.0,35,0.34799054373522453,0.0,0.19443458194328128,4.475565974818489,0.3479905437352246,27.0
11,0.25,0.55,0.18,18.0,2.0,75,0.34799054373522453,0.0,0.19443458194328128,4.475565974818489,0.3479905437352246,26.4
11,0.25,0.55,0.18,18.0,2.0,35,0.34799054373522453,0.0,0.19443458194328128,4.475565974818489,0.3479905437352246,27.0
11,0.25,0.55,0.26,18.0,2.0,35,0.34799054373522453,0.0,0.19443458194328128,4.475565974818489,0.3479905437352246,27.0
11,0.25,0.55,0.26,18.0,2.0,75,0.34799054373522453,0.0,0.19443458194328128,4.475565974818489,0.3479905437352246,26.4
15,0.25,0.55,0.05,18.0,2.0,35,0.34799054373522453,0.0,0.19443458194328128,4.475565974818489,0.3479905437352246,27.04
15,0.25,0.55,0.05,18.0,2.0,75,0.34799054373522453,0.0,0.19443458194328128,4.475565974818489,0.3479905437352246,26.4
15,0.25,0.55,0.1,18.0,2.0,75,0.34799054373522453,0.0,0.19443458194328128,4.475565974818489,0.3479905437352246,26.4
15,0.25,0.55,0.1,18.0,2.0,35,0.34799054373522453,0.0,0.19443458194328128,4.475565974818489,0.3479905437352246,27.0
15,0.25,0.55,0.18,18.0,2.0,35,0.34799054373522453,0.0,0.19443458194328128,4.475565974818489,0.3479905437352246,27.0
15,0.25,0.55,0.18,18.0,2.0,75,0.34799054373522453,0.0,0.19443458194328128,4.475565974818489,0.3479905437352246,26.4
15,0.25,0.55,0.26,18.0,2.0,75,0.34799054373522453,0.0,0.19443458194328128,4.475565974818489,0.3479905437352246,26.4
15,0.25,0.55,0.26,18.0,2.0,35,0.34799054373522453,0.0,0.19443458194328128,4.475565974818489,0.3479905437352246,27.0
7,0.45,0.55,0.05,8.0,2.0,35,0.3473389355742297,0.0,0.19135444730076434,4.4364166649144945,0.3473389355742297,29.0
7,0.45,0.55,0.05,8.0,2.0,75,0.3473389355742297,0.0,0.19135444730076434,4.4364166649144945,0.3473389355742297,28.8
7,0.45,0.55,0.1,8.0,2.0,35,0.3473389355742297,0.0,0.19135444730076434,4.4364166649144945,0.3473389355742297,29.0
7,0.45,0.55,0.1,8.0,2.0,75,0.3473389355742297,0.0,0.19135444730076434,4.4364166649144945,0.3473389355742297,28.8
7,0.45,0.55,0.18,8.0,2.0,75,0.3473389355742297,0.0,0.19135444730076434,4.4364166649144945,0.3473389355742297,28.8
7,0.45,0.55,0.18,8.0,2.0,35,0.3473389355742297,0.0,0.19135444730076434,4.4364166649144945,0.3473389355742297,29.0
7,0.45,0.55,0.26,8.0,2.0,75,0.3473389355742297,0.0,0.19135444730076434,4.4364166649144945,0.3473389355742297,28.8
7,0.45,0.55,0.26,8.0,2.0,35,0.3473389355742297,0.0,0.19135444730076434,4.4364166649144945,0.3473389355742297,29.0
11,0.45,0.55,0.05,8.0,2.0,75,0.3473389355742297,0.0,0.19135444730076434,4.4364166649144945,0.3473389355742297,28.8
11,0.45,0.55,0.05,8.0,2.0,35,0.3473389355742297,0.0,0.19135444730076434,4.4364166649144945,0.3473389355742297,29.0
11,0.45,0.55,0.1,8.0,2.0,75,0.3473389355742297,0.0,0.19135444730076434,4.4364166649144945,0.3473389355742297,28.8
11,0.45,0.55,0.1,8.0,2.0,35,0.3473389355742297,0.0,0.19135444730076434,4.4364166649144945,0.3473389355742297,29.0
11,0.45,0.55,0.18,8.0,2.0,75,0.3473389355742297,0.0,0.19135444730076434,4.4364166649144945,0.3473389355742297,28.8
11,0.45,0.55,0.18,8.0,2.0,35,0.3473389355742297,0.0,0.19135444730076434,4.4364166649144945,0.3473389355742297,29.0
11,0.45,0.55,0.26,8.0,2.0,35,0.3473389355742297,0.0,0.19135444730076434,4.4364166649144945,0.3473389355742297,29.0
11,0.45,0.55,0.26,8.0,2.0,75,0.3473389355742297,0.0,0.19135444730076434,4.4364166649144945,0.3473389355742297,28.8
15,0.45,0.55,0.05,8.0,2.0,75,0.3473389355742297,0.0,0.19135444730076434,4.4364166649144945,0.3473389355742297,28.8
15,0.45,0.55,0.05,8.0,2.0,35,0.3473389355742297,0.0,0.19135444730076434,4.4364166649144945,0.3473389355742297,29.0
15,0.45,0.55,0.1,8.0,2.0,35,0.3473389355742297,0.0,0.19135444730076434,4.4364166649144945,0.3473389355742297,29.0
15,0.45,0.55,0.1,8.0,2.0,75,0.3473389355742297,0.0,0.19135444730076434,4.4364166649144945,0.3473389355742297,28.8
15,0.45,0.55,0.18,8.0,2.0,35,0.3473389355742297,0.0,0.19135444730076434,4.4364166649144945,0.3473389355742297,29.0
15,0.45,0.55,0.18,8.0,2.0,75,0.3473389355742297,0.0,0.19135444730076434,4.4364166649144945,0.3473389355742297,28.8
15,0.45,0.55,0.26,8.0,2.0,75,0.3473389355742297,0.0,0.19135444730076434,4.4364166649144945,0.3473389355742297,28.8
15,0.45,0.55,0.26,8.0,2.0,35,0.3473389355742297,0.0,0.19135444730076434,4.4364166649144945,0.3473389355742297,29.0
7,0.25,0.55,0.05,13.0,2.0,75,0.3302127659574468,0.0,0.18440234308404332,4.475565974818489,0.3302127659574468,29.08
7,0.25,0.55,0.1,13.0,2.0,75,0.3302127659574468,0.0,0.18440234308404332,4.475565974818489,0.3302127659574468,29.08
7,0.25,0.55,0.18,13.0,2.0,75,0.3302127659574468,0.0,0.18440234308404332,4.475565974818489,0.3302127659574468,29.08
7,0.25,0.55,0.26,13.0,2.0,75,0.3302127659574468,0.0,0.18440234308404332,4.475565974818489,0.3302127659574468,29.08
11,0.25,0.55,0.05,13.0,2.0,75,0.3302127659574468,0.0,0.18440234308404332,4.475565974818489,0.3302127659574468,29.08
11,0.25,0.55,0.1,13.0,2.0,75,0.3302127659574468,0.0,0.18440234308404332,4.475565974818489,0.3302127659574468,29.08
11,0.25,0.55,0.18,13.0,2.0,75,0.3302127659574468,0.0,0.18440234308404332,4.475565974818489,0.3302127659574468,29.08
11,0.25,0.55,0.26,13.0,2.0,75,0.3302127659574468,0.0,0.18440234308404332,4.475565974818489,0.3302127659574468,29.08
15,0.25,0.55,0.05,13.0,2.0,75,0.3302127659574468,0.0,0.18440234308404332,4.475565974818489,0.3302127659574468,29.08
15,0.25,0.55,0.1,13.0,2.0,75,0.3302127659574468,0.0,0.18440234308404332,4.475565974818489,0.3302127659574468,29.08
15,0.25,0.55,0.18,13.0,2.0,75,0.3302127659574468,0.0,0.18440234308404332,4.475565974818489,0.3302127659574468,29.08
15,0.25,0.55,0.26,13.0,2.0,75,0.3302127659574468,0.0,0.18440234308404332,4.475565974818489,0.3302127659574468,29.08
7,0.25,0.55,0.05,13.0,2.0,35,0.32707551105548605,0.0,0.18254468409916136,4.475565974818489,0.32707551105548605,29.88
7,0.25,0.55,0.1,13.0,2.0,35,0.32707551105548605,0.0,0.18254468409916136,4.475565974818489,0.32707551105548605,29.88
7,0.25,0.55,0.18,13.0,2.0,35,0.32707551105548605,0.0,0.18254468409916136,4.475565974818489,0.32707551105548605,29.88
7,0.25,0.55,0.26,13.0,2.0,35,0.32707551105548605,0.0,0.18254468409916136,4.475565974818489,0.32707551105548605,29.88
11,0.25,0.55,0.05,13.0,2.0,35,0.32707551105548605,0.0,0.18254468409916136,4.475565974818489,0.32707551105548605,29.88
11,0.25,0.55,0.1,13.0,2.0,35,0.32707551105548605,0.0,0.18254468409916136,4.475565974818489,0.32707551105548605,29.88
11,0.25,0.55,0.18,13.0,2.0,35,0.32707551105548605,0.0,0.18254468409916136,4.475565974818489,0.32707551105548605,29.88
11,0.25,0.55,0.26,13.0,2.0,35,0.32707551105548605,0.0,0.18254468409916136,4.475565974818489,0.32707551105548605,29.88
15,0.25,0.55,0.05,13.0,2.0,35,0.32707551105548605,0.0,0.18254468409916136,4.475565974818489,0.32707551105548605,29.88
15,0.25,0.55,0.1,13.0,2.0,35,0.32707551105548605,0.0,0.18254468409916136,4.475565974818489,0.32707551105548605,29.88
15,0.25,0.55,0.18,13.0,2.0,35,0.32707551105548605,0.0,0.18254468409916136,4.475565974818489,0.32707551105548605,29.88
15,0.25,0.55,0.26,13.0,2.0,35,0.32707551105548605,0.0,0.18254468409916136,4.475565974818489,0.32707551105548605,29.88
7,0.35,0.55,0.05,8.0,2.0,75,0.3205128205128205,0.0,0.1783388332197563,4.462325474637575,0.3205128205128205,32.04
7,0.35,0.55,0.1,8.0,2.0,75,0.3205128205128205,0.0,0.1783388332197563,4.462325474637575,0.3205128205128205,32.04
7,0.35,0.55,0.18,8.0,2.0,75,0.3205128205128205,0.0,0.1783388332197563,4.462325474637575,0.3205128205128205,32.04
7,0.35,0.55,0.26,8.0,2.0,75,0.3205128205128205,0.0,0.1783388332197563,4.462325474637575,0.3205128205128205,32.04
11,0.35,0.55,0.05,8.0,2.0,75,0.3205128205128205,0.0,0.1783388332197563,4.462325474637575,0.3205128205128205,32.04
11,0.35,0.55,0.1,8.0,2.0,75,0.3205128205128205,0.0,0.1783388332197563,4.462325474637575,0.3205128205128205,32.04
11,0.35,0.55,0.18,8.0,2.0,75,0.3205128205128205,0.0,0.1783388332197563,4.462325474637575,0.3205128205128205,32.04
11,0.35,0.55,0.26,8.0,2.0,75,0.3205128205128205,0.0,0.1783388332197563,4.462325474637575,0.3205128205128205,32.04
15,0.35,0.55,0.05,8.0,2.0,75,0.3205128205128205,0.0,0.1783388332197563,4.462325474637575,0.3205128205128205,32.04
15,0.35,0.55,0.1,8.0,2.0,75,0.3205128205128205,0.0,0.1783388332197563,4.462325474637575,0.3205128205128205,32.04
15,0.35,0.55,0.18,8.0,2.0,75,0.3205128205128205,0.0,0.1783388332197563,4.462325474637575,0.3205128205128205,32.04
15,0.35,0.55,0.26,8.0,2.0,75,0.3205128205128205,0.0,0.1783388332197563,4.462325474637575,0.3205128205128205,32.04
7,0.35,0.55,0.05,8.0,2.0,35,0.31761006289308175,0.0,0.17662002682953531,4.462325474637575,0.31761006289308175,32.72
7,0.35,0.55,0.1,8.0,2.0,35,0.31761006289308175,0.0,0.17662002682953531,4.462325474637575,0.31761006289308175,32.72
7,0.35,0.55,0.18,8.0,2.0,35,0.31761006289308175,0.0,0.17662002682953531,4.462325474637575,0.31761006289308175,32.72
7,0.35,0.55,0.26,8.0,2.0,35,0.31761006289308175,0.0,0.17662002682953531,4.462325474637575,0.31761006289308175,32.72
11,0.35,0.55,0.05,8.0,2.0,35,0.31761006289308175,0.0,0.17662002682953531,4.462325474637575,0.31761006289308175,32.72
11,0.35,0.55,0.1,8.0,2.0,35,0.31761006289308175,0.0,0.17662002682953531,4.462325474637575,0.31761006289308175,32.72
11,0.35,0.55,0.18,8.0,2.0,35,0.31761006289308175,0.0,0.17662002682953531,4.462325474637575,0.31761006289308175,32.72
11,0.35,0.55,0.26,8.0,2.0,35,0.31761006289308175,0.0,0.17662002682953531,4.462325474637575,0.31761006289308175,32.72
15,0.35,0.55,0.05,8.0,2.0,35,0.31761006289308175,0.0,0.17662002682953531,4.462325474637575,0.31761006289308175,32.72
15,0.35,0.55,0.1,8.0,2.0,35,0.31761006289308175,0.0,0.17662002682953531,4.462325474637575,0.31761006289308175,32.72
15,0.35,0.55,0.18,8.0,2.0,35,0.31761006289308175,0.0,0.17662002682953531,4.462325474637575,0.31761006289308175,32.72
15,0.35,0.55,0.26,8.0,2.0,35,0.31761006289308175,0.0,0.17662002682953531,4.462325474637575,0.31761006289308175,32.72
7,0.25,0.55,0.05,8.0,2.0,75,0.2917771883289125,0.0,0.16129718201161775,4.438745546687355,0.2917771883289125,34.44
7,0.25,0.55,0.1,8.0,2.0,75,0.2917771883289125,0.0,0.16129718201161775,4.438745546687355,0.2917771883289125,34.44
7,0.25,0.55,0.18,8.0,2.0,75,0.2917771883289125,0.0,0.16129718201161775,4.438745546687355,0.2917771883289125,34.44
7,0.25,0.55,0.26,8.0,2.0,75,0.2917771883289125,0.0,0.16129718201161775,4.438745546687355,0.2917771883289125,34.44
11,0.25,0.55,0.05,8.0,2.0,75,0.2917771883289125,0.0,0.16129718201161775,4.438745546687355,0.2917771883289125,34.44
11,0.25,0.55,0.1,8.0,2.0,75,0.2917771883289125,0.0,0.16129718201161775,4.438745546687355,0.2917771883289125,34.44
11,0.25,0.55,0.18,8.0,2.0,75,0.2917771883289125,0.0,0.16129718201161775,4.438745546687355,0.2917771883289125,34.44
11,0.25,0.55,0.26,8.0,2.0,75,0.2917771883289125,0.0,0.16129718201161775,4.438745546687355,0.2917771883289125,34.44
15,0.25,0.55,0.05,8.0,2.0,75,0.2917771883289125,0.0,0.16129718201161775,4.438745546687355,0.2917771883289125,34.44
15,0.25,0.55,0.1,8.0,2.0,75,0.2917771883289125,0.0,0.16129718201161775,4.438745546687355,0.2917771883289125,34.44
15,0.25,0.55,0.18,8.0,2.0,75,0.2917771883289125,0.0,0.16129718201161775,4.438745546687355,0.2917771883289125,34.44
15,0.25,0.55,0.26,8.0,2.0,75,0.2917771883289125,0.0,0.16129718201161775,4.438745546687355,0.2917771883289125,34.44
7,0.25,0.55,0.05,8.0,2.0,35,0.2865366165653981,0.0,0.1584105507004841,4.438745546687355,0.28653661656539814,35.72
7,0.25,0.55,0.1,8.0,2.0,35,0.2865366165653981,0.0,0.1584105507004841,4.438745546687355,0.28653661656539814,35.72
7,0.25,0.55,0.18,8.0,2.0,35,0.2865366165653981,0.0,0.1584105507004841,4.438745546687355,0.28653661656539814,35.72
7,0.25,0.55,0.26,8.0,2.0,35,0.2865366165653981,0.0,0.1584105507004841,4.438745546687355,0.28653661656539814,35.72
11,0.25,0.55,0.05,8.0,2.0,35,0.2865366165653981,0.0,0.1584105507004841,4.438745546687355,0.28653661656539814,35.72
11,0.25,0.55,0.1,8.0,2.0,35,0.2865366165653981,0.0,0.1584105507004841,4.438745546687355,0.28653661656539814,35.72
11,0.25,0.55,0.18,8.0,2.0,35,0.2865366165653981,0.0,0.1584105507004841,4.438745546687355,0.28653661656539814,35.72
11,0.25,0.55,0.26,8.0,2.0,35,0.2865366165653981,0.0,0.1584105507004841,4.438745546687355,0.28653661656539814,35.72
15,0.25,0.55,0.05,8.0,2.0,35,0.2865366165653981,0.0,0.1584105507004841,4.438745546687355,0.28653661656539814,35.72
15,0.25,0.55,0.1,8.0,2.0,35,0.2865366165653981,0.0,0.1584105507004841,4.438745546687355,0.28653661656539814,35.72
15,0.25,0.55,0.18,8.0,2.0,35,0.2865366165653981,0.0,0.1584105507004841,4.438745546687355,0.28653661656539814,35.72
15,0.25,0.55,0.26,8.0,2.0,35,0.2865366165653981,0.0,0.1584105507004841,4.438745546687355,0.28653661656539814,35.72
7,0.35,0.55,0.05,24.0,2.0,75,0.19512195121951217,0.0,0.11553732710851261,2.368515205724508,0.1951219512195122,22.52
7,0.35,0.55,0.05,24.0,2.0,35,0.19512195121951217,0.0,0.11553732710851261,2.368515205724508,0.1951219512195122,22.88
7,0.35,0.55,0.1,24.0,2.0,35,0.19512195121951217,0.0,0.11553732710851261,2.368515205724508,0.1951219512195122,22.8
7,0.35,0.55,0.1,24.0,2.0,75,0.19512195121951217,0.0,0.11553732710851261,2.368515205724508,0.1951219512195122,22.44
7,0.35,0.55,0.18,24.0,2.0,35,0.19512195121951217,0.0,0.11553732710851261,2.368515205724508,0.1951219512195122,22.8
7,0.35,0.55,0.18,24.0,2.0,75,0.19512195121951217,0.0,0.11553732710851261,2.368515205724508,0.1951219512195122,22.44
7,0.35,0.55,0.26,24.0,2.0,35,0.19512195121951217,0.0,0.11553732710851261,2.368515205724508,0.1951219512195122,22.8
7,0.35,0.55,0.26,24.0,2.0,75,0.19512195121951217,0.0,0.11553732710851261,2.368515205724508,0.1951219512195122,22.44
11,0.35,0.55,0.05,24.0,2.0,75,0.19512195121951217,0.0,0.11553732710851261,2.368515205724508,0.1951219512195122,22.52
11,0.35,0.55,0.05,24.0,2.0,35,0.19512195121951217,0.0,0.11553732710851261,2.368515205724508,0.1951219512195122,22.88
11,0.35,0.55,0.1,24.0,2.0,35,0.19512195121951217,0.0,0.11553732710851261,2.368515205724508,0.1951219512195122,22.8
11,0.35,0.55,0.1,24.0,2.0,75,0.19512195121951217,0.0,0.11553732710851261,2.368515205724508,0.1951219512195122,22.44
11,0.35,0.55,0.18,24.0,2.0,75,0.19512195121951217,0.0,0.11553732710851261,2.368515205724508,0.1951219512195122,22.44
11,0.35,0.55,0.18,24.0,2.0,35,0.19512195121951217,0.0,0.11553732710851261,2.368515205724508,0.1951219512195122,22.8
11,0.35,0.55,0.26,24.0,2.0,75,0.19512195121951217,0.0,0.11553732710851261,2.368515205724508,0.1951219512195122,22.44
11,0.35,0.55,0.26,24.0,2.0,35,0.19512195121951217,0.0,0.11553732710851261,2.368515205724508,0.1951219512195122,22.8
15,0.35,0.55,0.05,24.0,2.0,35,0.19512195121951217,0.0,0.11553732710851261,2.368515205724508,0.1951219512195122,22.88
15,0.35,0.55,0.05,24.0,2.0,75,0.19512195121951217,0.0,0.11553732710851261,2.368515205724508,0.1951219512195122,22.52
15,0.35,0.55,0.1,24.0,2.0,35,0.19512195121951217,0.0,0.11553732710851261,2.368515205724508,0.1951219512195122,22.8
15,0.35,0.55,0.1,24.0,2.0,75,0.19512195121951217,0.0,0.11553732710851261,2.368515205724508,0.1951219512195122,22.44
15,0.35,0.55,0.18,24.0,2.0,75,0.19512195121951217,0.0,0.11553732710851261,2.368515205724508,0.1951219512195122,22.44
15,0.35,0.55,0.18,24.0,2.0,35,0.19512195121951217,0.0,0.11553732710851261,2.368515205724508,0.1951219512195122,22.8
15,0.35,0.55,0.26,24.0,2.0,35,0.19512195121951217,0.0,0.11553732710851261,2.368515205724508,0.1951219512195122,22.8
15,0.35,0.55,0.26,24.0,2.0,75,0.19512195121951217,0.0,0.11553732710851261,2.368515205724508,0.1951219512195122,22.44
7,0.35,0.55,0.05,18.0,2.0,75,0.186046511627907,0.0,0.1101634979406748,2.368515205724508,0.18604651162790697,24.48
7,0.35,0.55,0.05,18.0,2.0,35,0.186046511627907,0.0,0.1101634979406748,2.368515205724508,0.18604651162790697,24.8
7,0.35,0.55,0.1,18.0,2.0,35,0.186046511627907,0.0,0.1101634979406748,2.368515205724508,0.18604651162790697,24.8
7,0.35,0.55,0.1,18.0,2.0,75,0.186046511627907,0.0,0.1101634979406748,2.368515205724508,0.18604651162790697,24.48
7,0.35,0.55,0.18,18.0,2.0,35,0.186046511627907,0.0,0.1101634979406748,2.368515205724508,0.18604651162790697,24.8
7,0.35,0.55,0.18,18.0,2.0,75,0.186046511627907,0.0,0.1101634979406748,2.368515205724508,0.18604651162790697,24.48
7,0.35,0.55,0.26,18.0,2.0,75,0.186046511627907,0.0,0.1101634979406748,2.368515205724508,0.18604651162790697,24.48
7,0.35,0.55,0.26,18.0,2.0,35,0.186046511627907,0.0,0.1101634979406748,2.368515205724508,0.18604651162790697,24.8
11,0.35,0.55,0.05,18.0,2.0,75,0.186046511627907,0.0,0.1101634979406748,2.368515205724508,0.18604651162790697,24.48
11,0.35,0.55,0.05,18.0,2.0,35,0.186046511627907,0.0,0.1101634979406748,2.368515205724508,0.18604651162790697,24.8
11,0.35,0.55,0.1,18.0,2.0,35,0.186046511627907,0.0,0.1101634979406748,2.368515205724508,0.18604651162790697,24.8
11,0.35,0.55,0.1,18.0,2.0,75,0.186046511627907,0.0,0.1101634979406748,2.368515205724508,0.18604651162790697,24.48
11,0.35,0.55,0.18,18.0,2.0,35,0.186046511627907,0.0,0.1101634979406748,2.368515205724508,0.18604651162790697,24.8
11,0.35,0.55,0.18,18.0,2.0,75,0.186046511627907,0.0,0.1101634979406748,2.368515205724508,0.18604651162790697,24.48
11,0.35,0.55,0.26,18.0,2.0,75,0.186046511627907,0.0,0.1101634979406748,2.368515205724508,0.18604651162790697,24.48
11,0.35,0.55,0.26,18.0,2.0,35,0.186046511627907,0.0,0.1101634979406748,2.368515205724508,0.18604651162790697,24.8
15,0.35,0.55,0.05,18.0,2.0,35,0.186046511627907,0.0,0.1101634979406748,2.368515205724508,0.18604651162790697,24.8
15,0.35,0.55,0.05,18.0,2.0,75,0.186046511627907,0.0,0.1101634979406748,2.368515205724508,0.18604651162790697,24.48
15,0.35,0.55,0.1,18.0,2.0,35,0.186046511627907,0.0,0.1101634979406748,2.368515205724508,0.18604651162790697,24.8
15,0.35,0.55,0.1,18.0,2.0,75,0.186046511627907,0.0,0.1101634979406748,2.368515205724508,0.18604651162790697,24.48
15,0.35,0.55,0.18,18.0,2.0,75,0.186046511627907,0.0,0.1101634979406748,2.368515205724508,0.18604651162790697,24.48
15,0.35,0.55,0.18,18.0,2.0,35,0.186046511627907,0.0,0.1101634979406748,2.368515205724508,0.18604651162790697,24.8
15,0.35,0.55,0.26,18.0,2.0,35,0.186046511627907,0.0,0.1101634979406748,2.368515205724508,0.18604651162790697,24.8
15,0.35,0.55,0.26,18.0,2.0,75,0.186046511627907,0.0,0.1101634979406748,2.368515205724508,0.18604651162790697,24.48
7,0.35,0.55,0.05,13.0,2.0,35,0.17391304347826086,0.0,0.10297892198802207,2.368515205724508,0.17391304347826086,27.12
7,0.35,0.55,0.05,13.0,2.0,75,0.17391304347826086,0.0,0.10297892198802207,2.368515205724508,0.17391304347826086,26.6
7,0.35,0.55,0.1,13.0,2.0,75,0.17391304347826086,0.0,0.10297892198802207,2.368515205724508,0.17391304347826086,26.6
7,0.35,0.55,0.1,13.0,2.0,35,0.17391304347826086,0.0,0.10297892198802207,2.368515205724508,0.17391304347826086,27.12
7,0.35,0.55,0.18,13.0,2.0,75,0.17391304347826086,0.0,0.10297892198802207,2.368515205724508,0.17391304347826086,26.6
7,0.35,0.55,0.18,13.0,2.0,35,0.17391304347826086,0.0,0.10297892198802207,2.368515205724508,0.17391304347826086,27.12
7,0.35,0.55,0.26,13.0,2.0,75,0.17391304347826086,0.0,0.10297892198802207,2.368515205724508,0.17391304347826086,26.6
7,0.35,0.55,0.26,13.0,2.0,35,0.17391304347826086,0.0,0.10297892198802207,2.368515205724508,0.17391304347826086,27.12
11,0.35,0.55,0.05,13.0,2.0,75,0.17391304347826086,0.0,0.10297892198802207,2.368515205724508,0.17391304347826086,26.6
11,0.35,0.55,0.05,13.0,2.0,35,0.17391304347826086,0.0,0.10297892198802207,2.368515205724508,0.17391304347826086,27.12
11,0.35,0.55,0.1,13.0,2.0,35,0.17391304347826086,0.0,0.10297892198802207,2.368515205724508,0.17391304347826086,27.12
11,0.35,0.55,0.1,13.0,2.0,75,0.17391304347826086,0.0,0.10297892198802207,2.368515205724508,0.17391304347826086,26.6
11,0.35,0.55,0.18,13.0,2.0,35,0.17391304347826086,0.0,0.10297892198802207,2.368515205724508,0.17391304347826086,27.12
11,0.35,0.55,0.18,13.0,2.0,75,0.17391304347826086,0.0,0.10297892198802207,2.368515205724508,0.17391304347826086,26.6
11,0.35,0.55,0.26,13.0,2.0,75,0.17391304347826086,0.0,0.10297892198802207,2.368515205724508,0.17391304347826086,26.6
11,0.35,0.55,0.26,13.0,2.0,35,0.17391304347826086,0.0,0.10297892198802207,2.368515205724508,0.17391304347826086,27.12
15,0.35,0.55,0.05,13.0,2.0,35,0.17391304347826086,0.0,0.10297892198802207,2.368515205724508,0.17391304347826086,27.12
15,0.35,0.55,0.05,13.0,2.0,75,0.17391304347826086,0.0,0.10297892198802207,2.368515205724508,0.17391304347826086,26.6
15,0.35,0.55,0.1,13.0,2.0,35,0.17391304347826086,0.0,0.10297892198802207,2.368515205724508,0.17391304347826086,27.12
15,0.35,0.55,0.1,13.0,2.0,75,0.17391304347826086,0.0,0.10297892198802207,2.368515205724508,0.17391304347826086,26.6
15,0.35,0.55,0.18,13.0,2.0,75,0.17391304347826086,0.0,0.10297892198802207,2.368515205724508,0.17391304347826086,26.6
15,0.35,0.55,0.18,13.0,2.0,35,0.17391304347826086,0.0,0.10297892198802207,2.368515205724508,0.17391304347826086,27.12
15,0.35,0.55,0.26,13.0,2.0,35,0.17391304347826086,0.0,0.10297892198802207,2.368515205724508,0.17391304347826086,27.12
15,0.35,0.55,0.26,13.0,2.0,75,0.17391304347826086,0.0,0.10297892198802207,2.368515205724508,0.17391304347826086,26.6
