{
  "diagnostics_mean": {
    "partition_coverage": 1.0,
    "overlap_before": 0.20020946296485695,
    "overlap_after": 0.0,
    "num_masks": 94.78716216216216,
    "avg_mask_area": 3142.991885748029
  },
  "aggregate": {
    "macro_vor_precision": 0.23336742179865602,
    "std_vor_precision": 0.18947584120213004,
    "macro_vor_recall": 0.4480724162667493,
    "std_vor_recall": 0.24144848721186396,
    "macro_vor_f1": 0.2778473491842064,
    "std_vor_f1": 0.1921458281852095,
    "macro_vor_iou": 0.17739084314288175,
    "std_vor_iou": 0.14508055152247357,
    "micro_vor_precision": 0.27930249007054897,
    "micro_vor_recall": 0.5238880722753446,
    "micro_vor_f1": 0.36435498613777156,
    "micro_vor_iou": 0.22275920694883822,
    "macro_raw_precision": 0.28295481843114645,
    "std_raw_precision": 0.22854007162885803,
    "macro_raw_recall": 0.2172501124199347,
    "std_raw_recall": 0.23001063493978138,
    "macro_raw_f1": 0.20860513575856307,
    "std_raw_f1": 0.18993008625678093,
    "macro_raw_iou": 0.13125867148865605,
    "std_raw_iou": 0.1411785306408108,
    "micro_raw_precision": 0.3641658345498911,
    "micro_raw_recall": 0.24618847092865231,
    "micro_raw_f1": 0.2937750390799725,
    "micro_raw_iou": 0.1721783737834685,
    "macro_part_precision": 0.22329379559488424,
    "std_part_precision": 0.2011464466838237,
    "macro_part_recall": 0.31004921581081735,
    "std_part_recall": 0.2679859057778631,
    "macro_part_f1": 0.2235911351822326,
    "std_part_f1": 0.200493842726689,
    "macro_part_iou": 0.14248199409230122,
    "std_part_iou": 0.14867116920529924,
    "micro_part_precision": 0.28749208092289746,
    "micro_part_recall": 0.34183947936605996,
    "micro_part_f1": 0.31231913180843807,
    "micro_part_iou": 0.18505816928712615
  }
}