{
  "diagnostics_mean": {
    "partition_coverage": 1.0,
    "overlap_before": 0.28876256942749023,
    "overlap_after": 0.0,
    "num_masks": 89.25,
    "avg_mask_area": 3355.02463214801
  },
  "aggregate": {
    "macro_vor_precision": 0.2016592243900707,
    "std_vor_precision": 0.18831815755346376,
    "macro_vor_recall": 0.5220587726382144,
    "std_vor_recall": 0.2652562142742439,
    "macro_vor_f1": 0.23204896761084345,
    "std_vor_f1": 0.17545740716676916,
    "macro_vor_iou": 0.14455607970652531,
    "std_vor_iou": 0.13485592423042175,
    "micro_vor_precision": 0.18756119692208317,
    "micro_vor_recall": 0.47892034465719174,
    "micro_vor_f1": 0.2695554714430302,
    "micro_vor_iou": 0.1557723850690634,
    "macro_raw_precision": 0.29611488133255304,
    "std_raw_precision": 0.26019658757109393,
    "macro_raw_recall": 0.3592464304926555,
    "std_raw_recall": 0.26850207478629495,
    "macro_raw_f1": 0.24458870524401316,
    "std_raw_f1": 0.19772138132244887,
    "macro_raw_iou": 0.15643180518367034,
    "std_raw_iou": 0.15306496210324674,
    "micro_raw_precision": 0.2849055313094277,
    "micro_raw_recall": 0.34074003776437517,
    "micro_raw_f1": 0.31033136426225405,
    "micro_raw_iou": 0.183664037846543,
    "macro_part_precision": 0.2363993195295142,
    "std_part_precision": 0.24738618318014932,
    "macro_part_recall": 0.41867697051905656,
    "std_part_recall": 0.3342435272364906,
    "macro_part_f1": 0.22639696552323918,
    "std_part_f1": 0.20313596819915164,
    "macro_part_iou": 0.14576793405132876,
    "std_part_iou": 0.15953489811147836,
    "micro_part_precision": 0.25038951785910024,
    "micro_part_recall": 0.41861842600440474,
    "micro_part_f1": 0.3133525298634237,
    "micro_part_iou": 0.18578424680413508
  }
}