stem,voronoi_f1,voronoi_iou,voronoi_precision,voronoi_recall,voronoi_tp,voronoi_fp,voronoi_fn,voronoi_tn,sam_f1,sam_iou,sam_precision,sam_recall,sam_tp,sam_fp,sam_fn,sam_tn,delta_iou,n_tokens,n_regen_masks,align_mean_centroid_error,align_mean_area_error,align_count_gap
01658,0.044139157705044646,0.02256763709899367,0.023728642963186632,0.31564853556485356,1886.0,77596.0,4089.0,178573.0,0.00367716641881844,0.001841969824200233,0.0021928410190261206,0.011380753138075314,68.0,30942.0,5907.0,225227.0,-0.020725667274793434,65,65,0.0,0.0,0.0
01992,0.21528488570453766,0.12062703116038999,0.12835638730675344,0.6670190274841438,5679.0,38565.0,2835.0,215065.0,0.3097064539224711,0.18322643107830086,0.19794730993005163,0.7112990368804323,6056.0,24538.0,2458.0,229092.0,0.06259939991791087,153,153,0.0,0.0,0.0
01770,0.07160344792507341,0.03713108066285907,0.03738880389823786,0.843425467327049,5279.0,135913.0,980.0,119972.0,0.22831238409231402,0.12886717841358455,0.13609703669583909,0.7081003355168557,4432.0,28133.0,1827.0,227752.0,0.09173609775072548,60,60,0.0,0.0,0.0
00912,0.17183722118167888,0.09399448625288727,0.13421997606064637,0.23875088715400994,10092.0,65098.0,32178.0,154776.0,0.1349825719485487,0.07237603784195032,0.19390287132222617,0.10352495859947954,4376.0,18192.0,37894.0,201682.0,-0.02161844841093695,80,80,0.0,0.0,0.0
02311,0.16769506879753865,0.09152137613224004,0.09223508618541969,0.9220431370706264,19622.0,193117.0,1659.0,47746.0,0.11083986519984688,0.05867150336176885,0.06396216302348152,0.4149711009820967,8831.0,129235.0,12450.0,111628.0,-0.03284987277047119,72,72,0.0,0.0,0.0
